method,split,seed,episode,label,unsafe,score,threshold,flag,true_positive,false_positive,false_negative,true_negative,severity
full_physics_violation_audit_v5,combined_violation_shift,0,0,1,1,1277.078125,258.985274,1,1,0,0,0,1.0000
full_physics_violation_audit_v5,combined_violation_shift,0,1,1,1,714.180420,258.985274,1,1,0,0,0,1.0000
full_physics_violation_audit_v5,combined_violation_shift,0,2,1,1,617.212280,258.985274,1,1,0,0,0,1.0000
full_physics_violation_audit_v5,combined_violation_shift,0,3,1,1,545.581055,258.985274,1,1,0,0,0,1.0000
full_physics_violation_audit_v5,combined_violation_shift,0,4,1,1,421.811737,258.985274,1,1,0,0,0,1.0000
full_physics_violation_audit_v5,combined_violation_shift,0,5,1,1,480.117859,258.985274,1,1,0,0,0,1.0000
full_physics_violation_audit_v5,combined_violation_shift,0,6,1,1,499.734100,258.985274,1,1,0,0,0,1.0000
full_physics_violation_audit_v5,combined_violation_shift,0,7,1,1,925.223572,258.985274,1,1,0,0,0,1.0000
full_physics_violation_audit_v5,combined_violation_shift,0,8,1,1,1095.662476,258.985274,1,1,0,0,0,1.0000
full_physics_violation_audit_v5,combined_violation_shift,0,9,1,1,1100.894775,258.985274,1,1,0,0,0,1.0000
full_physics_violation_audit_v5,combined_violation_shift,1,0,1,1,675.500854,258.985274,1,1,0,0,0,1.0000
full_physics_violation_audit_v5,combined_violation_shift,1,1,1,1,739.731750,258.985274,1,1,0,0,0,1.0000
full_physics_violation_audit_v5,combined_violation_shift,1,2,1,1,439.875977,258.985274,1,1,0,0,0,1.0000
full_physics_violation_audit_v5,combined_violation_shift,1,3,1,1,496.025513,258.985274,1,1,0,0,0,1.0000
full_physics_violation_audit_v5,combined_violation_shift,1,4,1,1,657.712524,258.985274,1,1,0,0,0,1.0000
full_physics_violation_audit_v5,combined_violation_shift,1,5,1,1,549.596924,258.985274,1,1,0,0,0,1.0000
full_physics_violation_audit_v5,combined_violation_shift,1,6,1,1,599.271790,258.985274,1,1,0,0,0,1.0000
full_physics_violation_audit_v5,combined_violation_shift,1,7,1,1,872.068542,258.985274,1,1,0,0,0,1.0000
full_physics_violation_audit_v5,combined_violation_shift,1,8,1,1,445.689972,258.985274,1,1,0,0,0,1.0000
full_physics_violation_audit_v5,combined_violation_shift,1,9,1,1,491.635040,258.985274,1,1,0,0,0,1.0000
full_physics_violation_audit_v5,combined_violation_shift,2,0,1,1,679.815735,258.985274,1,1,0,0,0,1.0000
full_physics_violation_audit_v5,combined_violation_shift,2,1,1,1,559.572144,258.985274,1,1,0,0,0,1.0000
full_physics_violation_audit_v5,combined_violation_shift,2,2,1,1,453.542053,258.985274,1,1,0,0,0,1.0000
full_physics_violation_audit_v5,combined_violation_shift,2,3,1,1,539.254333,258.985274,1,1,0,0,0,1.0000
full_physics_violation_audit_v5,combined_violation_shift,2,4,1,1,537.991333,258.985274,1,1,0,0,0,1.0000
full_physics_violation_audit_v5,combined_violation_shift,2,5,1,1,507.726105,258.985274,1,1,0,0,0,1.0000
full_physics_violation_audit_v5,combined_violation_shift,2,6,1,1,751.059082,258.985274,1,1,0,0,0,1.0000
full_physics_violation_audit_v5,combined_violation_shift,2,7,1,1,411.890839,258.985274,1,1,0,0,0,1.0000
full_physics_violation_audit_v5,combined_violation_shift,2,8,1,1,1179.821533,258.985274,1,1,0,0,0,1.0000
full_physics_violation_audit_v5,combined_violation_shift,2,9,1,1,621.984436,258.985274,1,1,0,0,0,1.0000
full_physics_violation_audit_v5,combined_violation_shift,3,0,1,1,477.011749,258.985274,1,1,0,0,0,1.0000
full_physics_violation_audit_v5,combined_violation_shift,3,1,1,1,438.049774,258.985274,1,1,0,0,0,1.0000
full_physics_violation_audit_v5,combined_violation_shift,3,2,1,1,659.221924,258.985274,1,1,0,0,0,1.0000
full_physics_violation_audit_v5,combined_violation_shift,3,3,1,1,785.860535,258.985274,1,1,0,0,0,1.0000
full_physics_violation_audit_v5,combined_violation_shift,3,4,1,1,608.694458,258.985274,1,1,0,0,0,1.0000
full_physics_violation_audit_v5,combined_violation_shift,3,5,1,1,588.881409,258.985274,1,1,0,0,0,1.0000
full_physics_violation_audit_v5,combined_violation_shift,3,6,1,1,447.922485,258.985274,1,1,0,0,0,1.0000
full_physics_violation_audit_v5,combined_violation_shift,3,7,1,1,778.242493,258.985274,1,1,0,0,0,1.0000
full_physics_violation_audit_v5,combined_violation_shift,3,8,1,1,509.003693,258.985274,1,1,0,0,0,1.0000
full_physics_violation_audit_v5,combined_violation_shift,3,9,1,1,1028.261719,258.985274,1,1,0,0,0,1.0000
full_physics_violation_audit_v5,combined_violation_shift,4,0,1,1,1232.231079,258.985274,1,1,0,0,0,1.0000
full_physics_violation_audit_v5,combined_violation_shift,4,1,1,1,973.499146,258.985274,1,1,0,0,0,1.0000
full_physics_violation_audit_v5,combined_violation_shift,4,2,1,1,640.971985,258.985274,1,1,0,0,0,1.0000
full_physics_violation_audit_v5,combined_violation_shift,4,3,1,1,552.333069,258.985274,1,1,0,0,0,1.0000
full_physics_violation_audit_v5,combined_violation_shift,4,4,1,1,467.769257,258.985274,1,1,0,0,0,1.0000
full_physics_violation_audit_v5,combined_violation_shift,4,5,1,1,392.370361,258.985274,1,1,0,0,0,1.0000
full_physics_violation_audit_v5,combined_violation_shift,4,6,1,1,417.668762,258.985274,1,1,0,0,0,1.0000
full_physics_violation_audit_v5,combined_violation_shift,4,7,1,1,1182.922974,258.985274,1,1,0,0,0,1.0000
full_physics_violation_audit_v5,combined_violation_shift,4,8,1,1,869.851624,258.985274,1,1,0,0,0,1.0000
full_physics_violation_audit_v5,combined_violation_shift,4,9,1,1,489.648621,258.985274,1,1,0,0,0,1.0000
full_physics_violation_audit_v5,combined_violation_shift,5,0,1,1,413.088867,258.985274,1,1,0,0,0,1.0000
full_physics_violation_audit_v5,combined_violation_shift,5,1,1,1,721.998535,258.985274,1,1,0,0,0,1.0000
full_physics_violation_audit_v5,combined_violation_shift,5,2,1,1,742.660339,258.985274,1,1,0,0,0,1.0000
full_physics_violation_audit_v5,combined_violation_shift,5,3,1,1,505.157349,258.985274,1,1,0,0,0,1.0000
full_physics_violation_audit_v5,combined_violation_shift,5,4,1,1,1318.344849,258.985274,1,1,0,0,0,1.0000
full_physics_violation_audit_v5,combined_violation_shift,5,5,1,1,619.493530,258.985274,1,1,0,0,0,1.0000
full_physics_violation_audit_v5,combined_violation_shift,5,6,1,1,1103.803223,258.985274,1,1,0,0,0,1.0000
full_physics_violation_audit_v5,combined_violation_shift,5,7,1,1,588.596375,258.985274,1,1,0,0,0,1.0000
full_physics_violation_audit_v5,combined_violation_shift,5,8,1,1,867.060974,258.985274,1,1,0,0,0,1.0000
full_physics_violation_audit_v5,combined_violation_shift,5,9,1,1,705.071106,258.985274,1,1,0,0,0,1.0000
full_physics_violation_audit_v5,combined_violation_shift,6,0,1,1,505.183990,258.985274,1,1,0,0,0,1.0000
full_physics_violation_audit_v5,combined_violation_shift,6,1,1,1,475.372131,258.985274,1,1,0,0,0,1.0000
full_physics_violation_audit_v5,combined_violation_shift,6,2,1,1,384.136902,258.985274,1,1,0,0,0,1.0000
full_physics_violation_audit_v5,combined_violation_shift,6,3,1,1,562.372192,258.985274,1,1,0,0,0,1.0000
full_physics_violation_audit_v5,combined_violation_shift,6,4,1,1,605.834290,258.985274,1,1,0,0,0,1.0000
full_physics_violation_audit_v5,combined_violation_shift,6,5,1,1,809.248779,258.985274,1,1,0,0,0,1.0000
full_physics_violation_audit_v5,combined_violation_shift,6,6,1,1,808.442383,258.985274,1,1,0,0,0,1.0000
full_physics_violation_audit_v5,combined_violation_shift,6,7,1,1,800.614868,258.985274,1,1,0,0,0,1.0000
full_physics_violation_audit_v5,combined_violation_shift,6,8,1,1,598.104187,258.985274,1,1,0,0,0,1.0000
full_physics_violation_audit_v5,combined_violation_shift,6,9,1,1,481.063965,258.985274,1,1,0,0,0,1.0000
full_physics_violation_audit_v5,combined_violation_shift,7,0,1,1,789.369202,258.985274,1,1,0,0,0,1.0000
full_physics_violation_audit_v5,combined_violation_shift,7,1,1,1,596.366882,258.985274,1,1,0,0,0,1.0000
full_physics_violation_audit_v5,combined_violation_shift,7,2,1,1,845.265442,258.985274,1,1,0,0,0,1.0000
full_physics_violation_audit_v5,combined_violation_shift,7,3,1,1,631.137146,258.985274,1,1,0,0,0,1.0000
full_physics_violation_audit_v5,combined_violation_shift,7,4,1,1,933.284363,258.985274,1,1,0,0,0,1.0000
full_physics_violation_audit_v5,combined_violation_shift,7,5,1,1,802.329346,258.985274,1,1,0,0,0,1.0000
full_physics_violation_audit_v5,combined_violation_shift,7,6,1,1,445.960785,258.985274,1,1,0,0,0,1.0000
full_physics_violation_audit_v5,combined_violation_shift,7,7,1,1,483.031952,258.985274,1,1,0,0,0,1.0000
full_physics_violation_audit_v5,combined_violation_shift,7,8,1,1,1103.090332,258.985274,1,1,0,0,0,1.0000
full_physics_violation_audit_v5,combined_violation_shift,7,9,1,1,496.524750,258.985274,1,1,0,0,0,1.0000
full_physics_violation_audit_v5,adversarial_compensated_violation,0,0,1,1,225.160843,258.985274,0,0,0,1,0,1.0000
full_physics_violation_audit_v5,adversarial_compensated_violation,0,1,1,1,103.847481,258.985274,0,0,0,1,0,1.0000
full_physics_violation_audit_v5,adversarial_compensated_violation,0,2,1,1,399.354614,258.985274,1,1,0,0,0,1.0000
full_physics_violation_audit_v5,adversarial_compensated_violation,0,3,1,1,570.617493,258.985274,1,1,0,0,0,1.0000
full_physics_violation_audit_v5,adversarial_compensated_violation,0,4,1,1,286.506531,258.985274,1,1,0,0,0,1.0000
full_physics_violation_audit_v5,adversarial_compensated_violation,0,5,1,1,191.667175,258.985274,0,0,0,1,0,1.0000
full_physics_violation_audit_v5,adversarial_compensated_violation,0,6,1,1,393.843384,258.985274,1,1,0,0,0,1.0000
full_physics_violation_audit_v5,adversarial_compensated_violation,0,7,1,1,202.255356,258.985274,0,0,0,1,0,1.0000
full_physics_violation_audit_v5,adversarial_compensated_violation,0,8,1,1,518.974365,258.985274,1,1,0,0,0,1.0000
full_physics_violation_audit_v5,adversarial_compensated_violation,0,9,1,1,231.887436,258.985274,0,0,0,1,0,1.0000
full_physics_violation_audit_v5,adversarial_compensated_violation,1,0,1,1,157.021866,258.985274,0,0,0,1,0,1.0000
full_physics_violation_audit_v5,adversarial_compensated_violation,1,1,1,1,230.744293,258.985274,0,0,0,1,0,1.0000
full_physics_violation_audit_v5,adversarial_compensated_violation,1,2,1,1,312.195923,258.985274,1,1,0,0,0,1.0000
full_physics_violation_audit_v5,adversarial_compensated_violation,1,3,1,1,427.739227,258.985274,1,1,0,0,0,1.0000
full_physics_violation_audit_v5,adversarial_compensated_violation,1,4,1,1,618.312378,258.985274,1,1,0,0,0,1.0000
full_physics_violation_audit_v5,adversarial_compensated_violation,1,5,1,1,335.275238,258.985274,1,1,0,0,0,1.0000
full_physics_violation_audit_v5,adversarial_compensated_violation,1,6,1,1,446.648438,258.985274,1,1,0,0,0,1.0000
full_physics_violation_audit_v5,adversarial_compensated_violation,1,7,1,1,483.787109,258.985274,1,1,0,0,0,1.0000
full_physics_violation_audit_v5,adversarial_compensated_violation,1,8,1,1,278.209137,258.985274,1,1,0,0,0,1.0000
full_physics_violation_audit_v5,adversarial_compensated_violation,1,9,1,1,287.957428,258.985274,1,1,0,0,0,1.0000
full_physics_violation_audit_v5,adversarial_compensated_violation,2,0,1,1,180.378647,258.985274,0,0,0,1,0,1.0000
full_physics_violation_audit_v5,adversarial_compensated_violation,2,1,1,1,189.351028,258.985274,0,0,0,1,0,1.0000
full_physics_violation_audit_v5,adversarial_compensated_violation,2,2,1,1,248.767761,258.985274,0,0,0,1,0,1.0000
full_physics_violation_audit_v5,adversarial_compensated_violation,2,3,1,1,331.814453,258.985274,1,1,0,0,0,1.0000
full_physics_violation_audit_v5,adversarial_compensated_violation,2,4,1,1,327.719513,258.985274,1,1,0,0,0,1.0000
full_physics_violation_audit_v5,adversarial_compensated_violation,2,5,1,1,594.419983,258.985274,1,1,0,0,0,1.0000
full_physics_violation_audit_v5,adversarial_compensated_violation,2,6,1,1,79.675385,258.985274,0,0,0,1,0,1.0000
full_physics_violation_audit_v5,adversarial_compensated_violation,2,7,1,1,265.171600,258.985274,1,1,0,0,0,1.0000
full_physics_violation_audit_v5,adversarial_compensated_violation,2,8,1,1,589.613342,258.985274,1,1,0,0,0,1.0000
full_physics_violation_audit_v5,adversarial_compensated_violation,2,9,1,1,547.369812,258.985274,1,1,0,0,0,1.0000
full_physics_violation_audit_v5,adversarial_compensated_violation,3,0,1,1,84.757935,258.985274,0,0,0,1,0,1.0000
full_physics_violation_audit_v5,adversarial_compensated_violation,3,1,1,1,244.098602,258.985274,0,0,0,1,0,1.0000
full_physics_violation_audit_v5,adversarial_compensated_violation,3,2,1,1,74.201286,258.985274,0,0,0,1,0,1.0000
full_physics_violation_audit_v5,adversarial_compensated_violation,3,3,1,1,385.823090,258.985274,1,1,0,0,0,1.0000
full_physics_violation_audit_v5,adversarial_compensated_violation,3,4,1,1,133.844376,258.985274,0,0,0,1,0,1.0000
full_physics_violation_audit_v5,adversarial_compensated_violation,3,5,1,1,199.077591,258.985274,0,0,0,1,0,1.0000
full_physics_violation_audit_v5,adversarial_compensated_violation,3,6,1,1,438.487305,258.985274,1,1,0,0,0,1.0000
full_physics_violation_audit_v5,adversarial_compensated_violation,3,7,1,1,351.555420,258.985274,1,1,0,0,0,1.0000
full_physics_violation_audit_v5,adversarial_compensated_violation,3,8,1,1,481.538574,258.985274,1,1,0,0,0,1.0000
full_physics_violation_audit_v5,adversarial_compensated_violation,3,9,1,1,559.282288,258.985274,1,1,0,0,0,1.0000
full_physics_violation_audit_v5,adversarial_compensated_violation,4,0,1,1,677.918762,258.985274,1,1,0,0,0,1.0000
full_physics_violation_audit_v5,adversarial_compensated_violation,4,1,1,1,477.071289,258.985274,1,1,0,0,0,1.0000
full_physics_violation_audit_v5,adversarial_compensated_violation,4,2,1,1,672.197144,258.985274,1,1,0,0,0,1.0000
full_physics_violation_audit_v5,adversarial_compensated_violation,4,3,1,1,580.848389,258.985274,1,1,0,0,0,1.0000
full_physics_violation_audit_v5,adversarial_compensated_violation,4,4,1,1,347.676117,258.985274,1,1,0,0,0,1.0000
full_physics_violation_audit_v5,adversarial_compensated_violation,4,5,1,1,186.315857,258.985274,0,0,0,1,0,1.0000
full_physics_violation_audit_v5,adversarial_compensated_violation,4,6,1,1,125.729057,258.985274,0,0,0,1,0,1.0000
full_physics_violation_audit_v5,adversarial_compensated_violation,4,7,1,1,386.407166,258.985274,1,1,0,0,0,1.0000
full_physics_violation_audit_v5,adversarial_compensated_violation,4,8,1,1,617.844177,258.985274,1,1,0,0,0,1.0000
full_physics_violation_audit_v5,adversarial_compensated_violation,4,9,1,1,295.466309,258.985274,1,1,0,0,0,1.0000
full_physics_violation_audit_v5,adversarial_compensated_violation,5,0,1,1,267.375671,258.985274,1,1,0,0,0,1.0000
full_physics_violation_audit_v5,adversarial_compensated_violation,5,1,1,1,116.163422,258.985274,0,0,0,1,0,1.0000
full_physics_violation_audit_v5,adversarial_compensated_violation,5,2,1,1,222.843353,258.985274,0,0,0,1,0,1.0000
full_physics_violation_audit_v5,adversarial_compensated_violation,5,3,1,1,224.150482,258.985274,0,0,0,1,0,1.0000
full_physics_violation_audit_v5,adversarial_compensated_violation,5,4,1,1,503.960144,258.985274,1,1,0,0,0,1.0000
full_physics_violation_audit_v5,adversarial_compensated_violation,5,5,1,1,197.547882,258.985274,0,0,0,1,0,1.0000
full_physics_violation_audit_v5,adversarial_compensated_violation,5,6,1,1,207.947296,258.985274,0,0,0,1,0,1.0000
full_physics_violation_audit_v5,adversarial_compensated_violation,5,7,1,1,125.295433,258.985274,0,0,0,1,0,1.0000
full_physics_violation_audit_v5,adversarial_compensated_violation,5,8,1,1,435.808655,258.985274,1,1,0,0,0,1.0000
full_physics_violation_audit_v5,adversarial_compensated_violation,5,9,1,1,66.945763,258.985274,0,0,0,1,0,1.0000
full_physics_violation_audit_v5,adversarial_compensated_violation,6,0,1,1,485.257050,258.985274,1,1,0,0,0,1.0000
full_physics_violation_audit_v5,adversarial_compensated_violation,6,1,1,1,240.226028,258.985274,0,0,0,1,0,1.0000
full_physics_violation_audit_v5,adversarial_compensated_violation,6,2,1,1,522.431824,258.985274,1,1,0,0,0,1.0000
full_physics_violation_audit_v5,adversarial_compensated_violation,6,3,1,1,230.965988,258.985274,0,0,0,1,0,1.0000
full_physics_violation_audit_v5,adversarial_compensated_violation,6,4,1,1,217.808685,258.985274,0,0,0,1,0,1.0000
full_physics_violation_audit_v5,adversarial_compensated_violation,6,5,1,1,443.863525,258.985274,1,1,0,0,0,1.0000
full_physics_violation_audit_v5,adversarial_compensated_violation,6,6,1,1,228.642883,258.985274,0,0,0,1,0,1.0000
full_physics_violation_audit_v5,adversarial_compensated_violation,6,7,1,1,394.441650,258.985274,1,1,0,0,0,1.0000
full_physics_violation_audit_v5,adversarial_compensated_violation,6,8,1,1,240.947678,258.985274,0,0,0,1,0,1.0000
full_physics_violation_audit_v5,adversarial_compensated_violation,6,9,1,1,309.939972,258.985274,1,1,0,0,0,1.0000
full_physics_violation_audit_v5,adversarial_compensated_violation,7,0,1,1,189.449219,258.985274,0,0,0,1,0,1.0000
full_physics_violation_audit_v5,adversarial_compensated_violation,7,1,1,1,382.732178,258.985274,1,1,0,0,0,1.0000
full_physics_violation_audit_v5,adversarial_compensated_violation,7,2,1,1,413.862579,258.985274,1,1,0,0,0,1.0000
full_physics_violation_audit_v5,adversarial_compensated_violation,7,3,1,1,273.533142,258.985274,1,1,0,0,0,1.0000
full_physics_violation_audit_v5,adversarial_compensated_violation,7,4,1,1,273.032532,258.985274,1,1,0,0,0,1.0000
full_physics_violation_audit_v5,adversarial_compensated_violation,7,5,1,1,392.711914,258.985274,1,1,0,0,0,1.0000
full_physics_violation_audit_v5,adversarial_compensated_violation,7,6,1,1,233.314209,258.985274,0,0,0,1,0,1.0000
full_physics_violation_audit_v5,adversarial_compensated_violation,7,7,1,1,243.489487,258.985274,0,0,0,1,0,1.0000
full_physics_violation_audit_v5,adversarial_compensated_violation,7,8,1,1,551.091736,258.985274,1,1,0,0,0,1.0000
full_physics_violation_audit_v5,adversarial_compensated_violation,7,9,1,1,332.591644,258.985274,1,1,0,0,0,1.0000
full_physics_violation_audit_v5,mixed_near_threshold,0,0,1,1,199.845291,258.985274,0,0,0,1,0,1.0000
full_physics_violation_audit_v5,mixed_near_threshold,0,1,1,1,48.684498,258.985274,0,0,0,1,0,1.0000
full_physics_violation_audit_v5,mixed_near_threshold,0,2,1,1,103.339165,258.985274,0,0,0,1,0,1.0000
full_physics_violation_audit_v5,mixed_near_threshold,0,3,1,1,80.807358,258.985274,0,0,0,1,0,1.0000
full_physics_violation_audit_v5,mixed_near_threshold,0,4,1,1,27.049458,258.985274,0,0,0,1,0,1.0000
full_physics_violation_audit_v5,mixed_near_threshold,0,5,1,1,80.222954,258.985274,0,0,0,1,0,1.0000
full_physics_violation_audit_v5,mixed_near_threshold,0,6,1,1,32.252411,258.985274,0,0,0,1,0,1.0000
full_physics_violation_audit_v5,mixed_near_threshold,0,7,1,1,50.386856,258.985274,0,0,0,1,0,1.0000
full_physics_violation_audit_v5,mixed_near_threshold,0,8,1,1,196.194992,258.985274,0,0,0,1,0,1.0000
full_physics_violation_audit_v5,mixed_near_threshold,0,9,1,1,166.122208,258.985274,0,0,0,1,0,1.0000
full_physics_violation_audit_v5,mixed_near_threshold,1,0,1,1,45.577538,258.985274,0,0,0,1,0,1.0000
full_physics_violation_audit_v5,mixed_near_threshold,1,1,1,1,93.308578,258.985274,0,0,0,1,0,1.0000
full_physics_violation_audit_v5,mixed_near_threshold,1,2,1,1,25.842960,258.985274,0,0,0,1,0,1.0000
full_physics_violation_audit_v5,mixed_near_threshold,1,3,1,1,39.927708,258.985274,0,0,0,1,0,1.0000
full_physics_violation_audit_v5,mixed_near_threshold,1,4,1,1,108.483643,258.985274,0,0,0,1,0,1.0000
full_physics_violation_audit_v5,mixed_near_threshold,1,5,1,1,87.715065,258.985274,0,0,0,1,0,1.0000
full_physics_violation_audit_v5,mixed_near_threshold,1,6,1,1,45.023544,258.985274,0,0,0,1,0,1.0000
full_physics_violation_audit_v5,mixed_near_threshold,1,7,1,1,141.383377,258.985274,0,0,0,1,0,1.0000
full_physics_violation_audit_v5,mixed_near_threshold,1,8,1,1,34.964603,258.985274,0,0,0,1,0,1.0000
full_physics_violation_audit_v5,mixed_near_threshold,1,9,1,1,42.300968,258.985274,0,0,0,1,0,1.0000
full_physics_violation_audit_v5,mixed_near_threshold,2,0,1,1,110.676514,258.985274,0,0,0,1,0,1.0000
full_physics_violation_audit_v5,mixed_near_threshold,2,1,1,1,51.348957,258.985274,0,0,0,1,0,1.0000
full_physics_violation_audit_v5,mixed_near_threshold,2,2,1,1,28.441881,258.985274,0,0,0,1,0,1.0000
full_physics_violation_audit_v5,mixed_near_threshold,2,3,1,1,29.014580,258.985274,0,0,0,1,0,1.0000
full_physics_violation_audit_v5,mixed_near_threshold,2,4,1,1,104.513130,258.985274,0,0,0,1,0,1.0000
full_physics_violation_audit_v5,mixed_near_threshold,2,5,1,1,80.795952,258.985274,0,0,0,1,0,1.0000
full_physics_violation_audit_v5,mixed_near_threshold,2,6,1,1,53.426086,258.985274,0,0,0,1,0,1.0000
full_physics_violation_audit_v5,mixed_near_threshold,2,7,1,1,56.647152,258.985274,0,0,0,1,0,1.0000
full_physics_violation_audit_v5,mixed_near_threshold,2,8,1,1,85.023331,258.985274,0,0,0,1,0,1.0000
full_physics_violation_audit_v5,mixed_near_threshold,2,9,1,1,48.303337,258.985274,0,0,0,1,0,1.0000
full_physics_violation_audit_v5,mixed_near_threshold,3,0,1,1,23.192198,258.985274,0,0,0,1,0,1.0000
full_physics_violation_audit_v5,mixed_near_threshold,3,1,1,1,25.455202,258.985274,0,0,0,1,0,1.0000
full_physics_violation_audit_v5,mixed_near_threshold,3,2,1,1,61.971119,258.985274,0,0,0,1,0,1.0000
full_physics_violation_audit_v5,mixed_near_threshold,3,3,1,1,123.418022,258.985274,0,0,0,1,0,1.0000
full_physics_violation_audit_v5,mixed_near_threshold,3,4,1,1,44.669010,258.985274,0,0,0,1,0,1.0000
full_physics_violation_audit_v5,mixed_near_threshold,3,5,1,1,87.068596,258.985274,0,0,0,1,0,1.0000
full_physics_violation_audit_v5,mixed_near_threshold,3,6,1,1,34.018620,258.985274,0,0,0,1,0,1.0000
full_physics_violation_audit_v5,mixed_near_threshold,3,7,1,1,124.120270,258.985274,0,0,0,1,0,1.0000
full_physics_violation_audit_v5,mixed_near_threshold,3,8,1,1,38.858471,258.985274,0,0,0,1,0,1.0000
full_physics_violation_audit_v5,mixed_near_threshold,3,9,1,1,141.820786,258.985274,0,0,0,1,0,1.0000
full_physics_violation_audit_v5,mixed_near_threshold,4,0,1,1,159.379593,258.985274,0,0,0,1,0,1.0000
full_physics_violation_audit_v5,mixed_near_threshold,4,1,1,1,123.068047,258.985274,0,0,0,1,0,1.0000
full_physics_violation_audit_v5,mixed_near_threshold,4,2,1,1,76.786034,258.985274,0,0,0,1,0,1.0000
full_physics_violation_audit_v5,mixed_near_threshold,4,3,1,1,46.534286,258.985274,0,0,0,1,0,1.0000
full_physics_violation_audit_v5,mixed_near_threshold,4,4,1,1,31.890753,258.985274,0,0,0,1,0,1.0000
full_physics_violation_audit_v5,mixed_near_threshold,4,5,1,1,21.612041,258.985274,0,0,0,1,0,1.0000
full_physics_violation_audit_v5,mixed_near_threshold,4,6,1,1,30.677984,258.985274,0,0,0,1,0,1.0000
full_physics_violation_audit_v5,mixed_near_threshold,4,7,1,1,209.321381,258.985274,0,0,0,1,0,1.0000
full_physics_violation_audit_v5,mixed_near_threshold,4,8,1,1,61.440937,258.985274,0,0,0,1,0,1.0000
full_physics_violation_audit_v5,mixed_near_threshold,4,9,1,1,87.376579,258.985274,0,0,0,1,0,1.0000
full_physics_violation_audit_v5,mixed_near_threshold,5,0,1,1,28.102215,258.985274,0,0,0,1,0,1.0000
full_physics_violation_audit_v5,mixed_near_threshold,5,1,1,1,56.158607,258.985274,0,0,0,1,0,1.0000
full_physics_violation_audit_v5,mixed_near_threshold,5,2,1,1,44.581711,258.985274,0,0,0,1,0,1.0000
full_physics_violation_audit_v5,mixed_near_threshold,5,3,1,1,82.513046,258.985274,0,0,0,1,0,1.0000
full_physics_violation_audit_v5,mixed_near_threshold,5,4,1,1,151.951096,258.985274,0,0,0,1,0,1.0000
full_physics_violation_audit_v5,mixed_near_threshold,5,5,1,1,50.950851,258.985274,0,0,0,1,0,1.0000
full_physics_violation_audit_v5,mixed_near_threshold,5,6,1,1,177.571930,258.985274,0,0,0,1,0,1.0000
full_physics_violation_audit_v5,mixed_near_threshold,5,7,1,1,73.274521,258.985274,0,0,0,1,0,1.0000
full_physics_violation_audit_v5,mixed_near_threshold,5,8,1,1,70.074181,258.985274,0,0,0,1,0,1.0000
full_physics_violation_audit_v5,mixed_near_threshold,5,9,1,1,93.129463,258.985274,0,0,0,1,0,1.0000
full_physics_violation_audit_v5,mixed_near_threshold,6,0,1,1,38.176292,258.985274,0,0,0,1,0,1.0000
full_physics_violation_audit_v5,mixed_near_threshold,6,1,1,1,32.156364,258.985274,0,0,0,1,0,1.0000
full_physics_violation_audit_v5,mixed_near_threshold,6,2,1,1,24.160416,258.985274,0,0,0,1,0,1.0000
full_physics_violation_audit_v5,mixed_near_threshold,6,3,1,1,101.376854,258.985274,0,0,0,1,0,1.0000
full_physics_violation_audit_v5,mixed_near_threshold,6,4,1,1,42.514481,258.985274,0,0,0,1,0,1.0000
full_physics_violation_audit_v5,mixed_near_threshold,6,5,1,1,130.283493,258.985274,0,0,0,1,0,1.0000
full_physics_violation_audit_v5,mixed_near_threshold,6,6,1,1,122.331184,258.985274,0,0,0,1,0,1.0000
full_physics_violation_audit_v5,mixed_near_threshold,6,7,1,1,47.490887,258.985274,0,0,0,1,0,1.0000
full_physics_violation_audit_v5,mixed_near_threshold,6,8,1,1,27.760706,258.985274,0,0,0,1,0,1.0000
full_physics_violation_audit_v5,mixed_near_threshold,6,9,1,1,44.396099,258.985274,0,0,0,1,0,1.0000
full_physics_violation_audit_v5,mixed_near_threshold,7,0,1,1,110.393539,258.985274,0,0,0,1,0,1.0000
full_physics_violation_audit_v5,mixed_near_threshold,7,1,1,1,39.488625,258.985274,0,0,0,1,0,1.0000
full_physics_violation_audit_v5,mixed_near_threshold,7,2,1,1,60.919994,258.985274,0,0,0,1,0,1.0000
full_physics_violation_audit_v5,mixed_near_threshold,7,3,1,1,49.483719,258.985274,0,0,0,1,0,1.0000
full_physics_violation_audit_v5,mixed_near_threshold,7,4,1,1,75.903717,258.985274,0,0,0,1,0,1.0000
full_physics_violation_audit_v5,mixed_near_threshold,7,5,1,1,117.191071,258.985274,0,0,0,1,0,1.0000
full_physics_violation_audit_v5,mixed_near_threshold,7,6,1,1,30.379297,258.985274,0,0,0,1,0,1.0000
full_physics_violation_audit_v5,mixed_near_threshold,7,7,1,1,40.587273,258.985274,0,0,0,1,0,1.0000
full_physics_violation_audit_v5,mixed_near_threshold,7,8,1,1,165.329910,258.985274,0,0,0,1,0,1.0000
full_physics_violation_audit_v5,mixed_near_threshold,7,9,1,1,32.729706,258.985274,0,0,0,1,0,1.0000
full_physics_violation_audit_v5,rare_valid_bounce,0,0,0,0,159.115128,258.985274,0,0,0,0,1,1.0000
full_physics_violation_audit_v5,rare_valid_bounce,0,1,0,0,116.900993,258.985274,0,0,0,0,1,1.0000
full_physics_violation_audit_v5,rare_valid_bounce,0,2,0,0,194.805099,258.985274,0,0,0,0,1,1.0000
full_physics_violation_audit_v5,rare_valid_bounce,0,3,0,0,228.758255,258.985274,0,0,0,0,1,1.0000
full_physics_violation_audit_v5,rare_valid_bounce,0,4,0,0,149.799881,258.985274,0,0,0,0,1,1.0000
full_physics_violation_audit_v5,rare_valid_bounce,0,5,0,0,144.502457,258.985274,0,0,0,0,1,1.0000
full_physics_violation_audit_v5,rare_valid_bounce,0,6,0,0,205.780380,258.985274,0,0,0,0,1,1.0000
full_physics_violation_audit_v5,rare_valid_bounce,0,7,0,0,112.922485,258.985274,0,0,0,0,1,1.0000
full_physics_violation_audit_v5,rare_valid_bounce,0,8,0,0,244.474319,258.985274,0,0,0,0,1,1.0000
full_physics_violation_audit_v5,rare_valid_bounce,0,9,0,0,142.393066,258.985274,0,0,0,0,1,1.0000
full_physics_violation_audit_v5,rare_valid_bounce,1,0,0,0,185.879272,258.985274,0,0,0,0,1,1.0000
full_physics_violation_audit_v5,rare_valid_bounce,1,1,0,0,106.840523,258.985274,0,0,0,0,1,1.0000
full_physics_violation_audit_v5,rare_valid_bounce,1,2,0,0,170.313324,258.985274,0,0,0,0,1,1.0000
full_physics_violation_audit_v5,rare_valid_bounce,1,3,0,0,186.166824,258.985274,0,0,0,0,1,1.0000
full_physics_violation_audit_v5,rare_valid_bounce,1,4,0,0,202.680511,258.985274,0,0,0,0,1,1.0000
full_physics_violation_audit_v5,rare_valid_bounce,1,5,0,0,166.342026,258.985274,0,0,0,0,1,1.0000
full_physics_violation_audit_v5,rare_valid_bounce,1,6,0,0,183.433304,258.985274,0,0,0,0,1,1.0000
full_physics_violation_audit_v5,rare_valid_bounce,1,7,0,0,193.101685,258.985274,0,0,0,0,1,1.0000
full_physics_violation_audit_v5,rare_valid_bounce,1,8,0,0,136.399033,258.985274,0,0,0,0,1,1.0000
full_physics_violation_audit_v5,rare_valid_bounce,1,9,0,0,132.019928,258.985274,0,0,0,0,1,1.0000
full_physics_violation_audit_v5,rare_valid_bounce,2,0,0,0,109.074593,258.985274,0,0,0,0,1,1.0000
full_physics_violation_audit_v5,rare_valid_bounce,2,1,0,0,83.130600,258.985274,0,0,0,0,1,1.0000
full_physics_violation_audit_v5,rare_valid_bounce,2,2,0,0,88.061035,258.985274,0,0,0,0,1,1.0000
full_physics_violation_audit_v5,rare_valid_bounce,2,3,0,0,175.259735,258.985274,0,0,0,0,1,1.0000
full_physics_violation_audit_v5,rare_valid_bounce,2,4,0,0,137.200302,258.985274,0,0,0,0,1,1.0000
full_physics_violation_audit_v5,rare_valid_bounce,2,5,0,0,258.170197,258.985274,0,0,0,0,1,1.0000
full_physics_violation_audit_v5,rare_valid_bounce,2,6,0,0,92.800865,258.985274,0,0,0,0,1,1.0000
full_physics_violation_audit_v5,rare_valid_bounce,2,7,0,0,127.011299,258.985274,0,0,0,0,1,1.0000
full_physics_violation_audit_v5,rare_valid_bounce,2,8,0,0,234.421738,258.985274,0,0,0,0,1,1.0000
full_physics_violation_audit_v5,rare_valid_bounce,2,9,0,0,253.768036,258.985274,0,0,0,0,1,1.0000
full_physics_violation_audit_v5,rare_valid_bounce,3,0,0,0,116.077744,258.985274,0,0,0,0,1,1.0000
full_physics_violation_audit_v5,rare_valid_bounce,3,1,0,0,144.773300,258.985274,0,0,0,0,1,1.0000
full_physics_violation_audit_v5,rare_valid_bounce,3,2,0,0,85.581451,258.985274,0,0,0,0,1,1.0000
full_physics_violation_audit_v5,rare_valid_bounce,3,3,0,0,158.954971,258.985274,0,0,0,0,1,1.0000
full_physics_violation_audit_v5,rare_valid_bounce,3,4,0,0,190.821320,258.985274,0,0,0,0,1,1.0000
full_physics_violation_audit_v5,rare_valid_bounce,3,5,0,0,134.753006,258.985274,0,0,0,0,1,1.0000
full_physics_violation_audit_v5,rare_valid_bounce,3,6,0,0,241.782257,258.985274,0,0,0,0,1,1.0000
full_physics_violation_audit_v5,rare_valid_bounce,3,7,0,0,200.289459,258.985274,0,0,0,0,1,1.0000
full_physics_violation_audit_v5,rare_valid_bounce,3,8,0,0,231.835571,258.985274,0,0,0,0,1,1.0000
full_physics_violation_audit_v5,rare_valid_bounce,3,9,0,0,239.228867,258.985274,0,0,0,0,1,1.0000
full_physics_violation_audit_v5,rare_valid_bounce,4,0,0,0,301.861053,258.985274,1,0,1,0,0,1.0000
full_physics_violation_audit_v5,rare_valid_bounce,4,1,0,0,199.977814,258.985274,0,0,0,0,1,1.0000
full_physics_violation_audit_v5,rare_valid_bounce,4,2,0,0,257.088074,258.985274,0,0,0,0,1,1.0000
full_physics_violation_audit_v5,rare_valid_bounce,4,3,0,0,274.471741,258.985274,1,0,1,0,0,1.0000
full_physics_violation_audit_v5,rare_valid_bounce,4,4,0,0,152.036682,258.985274,0,0,0,0,1,1.0000
full_physics_violation_audit_v5,rare_valid_bounce,4,5,0,0,100.322311,258.985274,0,0,0,0,1,1.0000
full_physics_violation_audit_v5,rare_valid_bounce,4,6,0,0,194.544708,258.985274,0,0,0,0,1,1.0000
full_physics_violation_audit_v5,rare_valid_bounce,4,7,0,0,122.619545,258.985274,0,0,0,0,1,1.0000
full_physics_violation_audit_v5,rare_valid_bounce,4,8,0,0,247.251312,258.985274,0,0,0,0,1,1.0000
full_physics_violation_audit_v5,rare_valid_bounce,4,9,0,0,179.851242,258.985274,0,0,0,0,1,1.0000
full_physics_violation_audit_v5,rare_valid_bounce,5,0,0,0,109.723389,258.985274,0,0,0,0,1,1.0000
full_physics_violation_audit_v5,rare_valid_bounce,5,1,0,0,116.180069,258.985274,0,0,0,0,1,1.0000
full_physics_violation_audit_v5,rare_valid_bounce,5,2,0,0,141.328949,258.985274,0,0,0,0,1,1.0000
full_physics_violation_audit_v5,rare_valid_bounce,5,3,0,0,116.565697,258.985274,0,0,0,0,1,1.0000
full_physics_violation_audit_v5,rare_valid_bounce,5,4,0,0,294.371460,258.985274,1,0,1,0,0,1.0000
full_physics_violation_audit_v5,rare_valid_bounce,5,5,0,0,70.634560,258.985274,0,0,0,0,1,1.0000
full_physics_violation_audit_v5,rare_valid_bounce,5,6,0,0,78.404007,258.985274,0,0,0,0,1,1.0000
full_physics_violation_audit_v5,rare_valid_bounce,5,7,0,0,128.324860,258.985274,0,0,0,0,1,1.0000
full_physics_violation_audit_v5,rare_valid_bounce,5,8,0,0,191.941498,258.985274,0,0,0,0,1,1.0000
full_physics_violation_audit_v5,rare_valid_bounce,5,9,0,0,96.424484,258.985274,0,0,0,0,1,1.0000
full_physics_violation_audit_v5,rare_valid_bounce,6,0,0,0,220.084106,258.985274,0,0,0,0,1,1.0000
full_physics_violation_audit_v5,rare_valid_bounce,6,1,0,0,140.568710,258.985274,0,0,0,0,1,1.0000
full_physics_violation_audit_v5,rare_valid_bounce,6,2,0,0,277.065247,258.985274,1,0,1,0,0,1.0000
full_physics_violation_audit_v5,rare_valid_bounce,6,3,0,0,129.378815,258.985274,0,0,0,0,1,1.0000
full_physics_violation_audit_v5,rare_valid_bounce,6,4,0,0,143.116150,258.985274,0,0,0,0,1,1.0000
full_physics_violation_audit_v5,rare_valid_bounce,6,5,0,0,203.321609,258.985274,0,0,0,0,1,1.0000
full_physics_violation_audit_v5,rare_valid_bounce,6,6,0,0,125.880371,258.985274,0,0,0,0,1,1.0000
full_physics_violation_audit_v5,rare_valid_bounce,6,7,0,0,195.117325,258.985274,0,0,0,0,1,1.0000
full_physics_violation_audit_v5,rare_valid_bounce,6,8,0,0,131.810760,258.985274,0,0,0,0,1,1.0000
full_physics_violation_audit_v5,rare_valid_bounce,6,9,0,0,131.722366,258.985274,0,0,0,0,1,1.0000
full_physics_violation_audit_v5,rare_valid_bounce,7,0,0,0,154.027908,258.985274,0,0,0,0,1,1.0000
full_physics_violation_audit_v5,rare_valid_bounce,7,1,0,0,187.666046,258.985274,0,0,0,0,1,1.0000
full_physics_violation_audit_v5,rare_valid_bounce,7,2,0,0,191.307297,258.985274,0,0,0,0,1,1.0000
full_physics_violation_audit_v5,rare_valid_bounce,7,3,0,0,138.737823,258.985274,0,0,0,0,1,1.0000
full_physics_violation_audit_v5,rare_valid_bounce,7,4,0,0,120.933830,258.985274,0,0,0,0,1,1.0000
full_physics_violation_audit_v5,rare_valid_bounce,7,5,0,0,178.457825,258.985274,0,0,0,0,1,1.0000
full_physics_violation_audit_v5,rare_valid_bounce,7,6,0,0,107.440552,258.985274,0,0,0,0,1,1.0000
full_physics_violation_audit_v5,rare_valid_bounce,7,7,0,0,162.538422,258.985274,0,0,0,0,1,1.0000
full_physics_violation_audit_v5,rare_valid_bounce,7,8,0,0,239.786591,258.985274,0,0,0,0,1,1.0000
full_physics_violation_audit_v5,rare_valid_bounce,7,9,0,0,157.617035,258.985274,0,0,0,0,1,1.0000
no_contact_check,combined_violation_shift,0,0,1,1,1277.035829,258.983370,1,1,0,0,0,1.0000
no_contact_check,combined_violation_shift,0,1,1,1,714.139600,258.983370,1,1,0,0,0,1.0000
no_contact_check,combined_violation_shift,0,2,1,1,617.170312,258.983370,1,1,0,0,0,1.0000
no_contact_check,combined_violation_shift,0,3,1,1,545.540338,258.983370,1,1,0,0,0,1.0000
no_contact_check,combined_violation_shift,0,4,1,1,421.775136,258.983370,1,1,0,0,0,1.0000
no_contact_check,combined_violation_shift,0,5,1,1,480.074485,258.983370,1,1,0,0,0,1.0000
no_contact_check,combined_violation_shift,0,6,1,1,499.697100,258.983370,1,1,0,0,0,1.0000
no_contact_check,combined_violation_shift,0,7,1,1,925.182071,258.983370,1,1,0,0,0,1.0000
no_contact_check,combined_violation_shift,0,8,1,1,1095.621401,258.983370,1,1,0,0,0,1.0000
no_contact_check,combined_violation_shift,0,9,1,1,1100.853378,258.983370,1,1,0,0,0,1.0000
no_contact_check,combined_violation_shift,1,0,1,1,675.459764,258.983370,1,1,0,0,0,1.0000
no_contact_check,combined_violation_shift,1,1,1,1,739.692657,258.983370,1,1,0,0,0,1.0000
no_contact_check,combined_violation_shift,1,2,1,1,439.840277,258.983370,1,1,0,0,0,1.0000
no_contact_check,combined_violation_shift,1,3,1,1,495.986867,258.983370,1,1,0,0,0,1.0000
no_contact_check,combined_violation_shift,1,4,1,1,657.669234,258.983370,1,1,0,0,0,1.0000
no_contact_check,combined_violation_shift,1,5,1,1,549.556940,258.983370,1,1,0,0,0,1.0000
no_contact_check,combined_violation_shift,1,6,1,1,599.231056,258.983370,1,1,0,0,0,1.0000
no_contact_check,combined_violation_shift,1,7,1,1,872.027016,258.983370,1,1,0,0,0,1.0000
no_contact_check,combined_violation_shift,1,8,1,1,445.650067,258.983370,1,1,0,0,0,1.0000
no_contact_check,combined_violation_shift,1,9,1,1,491.593233,258.983370,1,1,0,0,0,1.0000
no_contact_check,combined_violation_shift,2,0,1,1,679.774060,258.983370,1,1,0,0,0,1.0000
no_contact_check,combined_violation_shift,2,1,1,1,559.528929,258.983370,1,1,0,0,0,1.0000
no_contact_check,combined_violation_shift,2,2,1,1,453.505967,258.983370,1,1,0,0,0,1.0000
no_contact_check,combined_violation_shift,2,3,1,1,539.217552,258.983370,1,1,0,0,0,1.0000
no_contact_check,combined_violation_shift,2,4,1,1,537.950652,258.983370,1,1,0,0,0,1.0000
no_contact_check,combined_violation_shift,2,5,1,1,507.685369,258.983370,1,1,0,0,0,1.0000
no_contact_check,combined_violation_shift,2,6,1,1,751.017672,258.983370,1,1,0,0,0,1.0000
no_contact_check,combined_violation_shift,2,7,1,1,411.855614,258.983370,1,1,0,0,0,1.0000
no_contact_check,combined_violation_shift,2,8,1,1,1179.780178,258.983370,1,1,0,0,0,1.0000
no_contact_check,combined_violation_shift,2,9,1,1,621.946720,258.983370,1,1,0,0,0,1.0000
no_contact_check,combined_violation_shift,3,0,1,1,476.973060,258.983370,1,1,0,0,0,1.0000
no_contact_check,combined_violation_shift,3,1,1,1,438.010880,258.983370,1,1,0,0,0,1.0000
no_contact_check,combined_violation_shift,3,2,1,1,659.176868,258.983370,1,1,0,0,0,1.0000
no_contact_check,combined_violation_shift,3,3,1,1,785.818280,258.983370,1,1,0,0,0,1.0000
no_contact_check,combined_violation_shift,3,4,1,1,608.653177,258.983370,1,1,0,0,0,1.0000
no_contact_check,combined_violation_shift,3,5,1,1,588.839299,258.983370,1,1,0,0,0,1.0000
no_contact_check,combined_violation_shift,3,6,1,1,447.886146,258.983370,1,1,0,0,0,1.0000
no_contact_check,combined_violation_shift,3,7,1,1,778.201217,258.983370,1,1,0,0,0,1.0000
no_contact_check,combined_violation_shift,3,8,1,1,508.964097,258.983370,1,1,0,0,0,1.0000
no_contact_check,combined_violation_shift,3,9,1,1,1028.219894,258.983370,1,1,0,0,0,1.0000
no_contact_check,combined_violation_shift,4,0,1,1,1232.189582,258.983370,1,1,0,0,0,1.0000
no_contact_check,combined_violation_shift,4,1,1,1,973.457235,258.983370,1,1,0,0,0,1.0000
no_contact_check,combined_violation_shift,4,2,1,1,640.929027,258.983370,1,1,0,0,0,1.0000
no_contact_check,combined_violation_shift,4,3,1,1,552.291473,258.983370,1,1,0,0,0,1.0000
no_contact_check,combined_violation_shift,4,4,1,1,467.729341,258.983370,1,1,0,0,0,1.0000
no_contact_check,combined_violation_shift,4,5,1,1,392.335038,258.983370,1,1,0,0,0,1.0000
no_contact_check,combined_violation_shift,4,6,1,1,417.632876,258.983370,1,1,0,0,0,1.0000
no_contact_check,combined_violation_shift,4,7,1,1,1182.881663,258.983370,1,1,0,0,0,1.0000
no_contact_check,combined_violation_shift,4,8,1,1,869.810494,258.983370,1,1,0,0,0,1.0000
no_contact_check,combined_violation_shift,4,9,1,1,489.603181,258.983370,1,1,0,0,0,1.0000
no_contact_check,combined_violation_shift,5,0,1,1,413.048614,258.983370,1,1,0,0,0,1.0000
no_contact_check,combined_violation_shift,5,1,1,1,721.957121,258.983370,1,1,0,0,0,1.0000
no_contact_check,combined_violation_shift,5,2,1,1,742.618153,258.983370,1,1,0,0,0,1.0000
no_contact_check,combined_violation_shift,5,3,1,1,505.114331,258.983370,1,1,0,0,0,1.0000
no_contact_check,combined_violation_shift,5,4,1,1,1318.302942,258.983370,1,1,0,0,0,1.0000
no_contact_check,combined_violation_shift,5,5,1,1,619.450778,258.983370,1,1,0,0,0,1.0000
no_contact_check,combined_violation_shift,5,6,1,1,1103.760800,258.983370,1,1,0,0,0,1.0000
no_contact_check,combined_violation_shift,5,7,1,1,588.554446,258.983370,1,1,0,0,0,1.0000
no_contact_check,combined_violation_shift,5,8,1,1,867.019505,258.983370,1,1,0,0,0,1.0000
no_contact_check,combined_violation_shift,5,9,1,1,705.028669,258.983370,1,1,0,0,0,1.0000
no_contact_check,combined_violation_shift,6,0,1,1,505.141592,258.983370,1,1,0,0,0,1.0000
no_contact_check,combined_violation_shift,6,1,1,1,475.335650,258.983370,1,1,0,0,0,1.0000
no_contact_check,combined_violation_shift,6,2,1,1,384.100791,258.983370,1,1,0,0,0,1.0000
no_contact_check,combined_violation_shift,6,3,1,1,562.332842,258.983370,1,1,0,0,0,1.0000
no_contact_check,combined_violation_shift,6,4,1,1,605.795706,258.983370,1,1,0,0,0,1.0000
no_contact_check,combined_violation_shift,6,5,1,1,809.208020,258.983370,1,1,0,0,0,1.0000
no_contact_check,combined_violation_shift,6,6,1,1,808.401684,258.983370,1,1,0,0,0,1.0000
no_contact_check,combined_violation_shift,6,7,1,1,800.572366,258.983370,1,1,0,0,0,1.0000
no_contact_check,combined_violation_shift,6,8,1,1,598.064393,258.983370,1,1,0,0,0,1.0000
no_contact_check,combined_violation_shift,6,9,1,1,481.023237,258.983370,1,1,0,0,0,1.0000
no_contact_check,combined_violation_shift,7,0,1,1,789.326866,258.983370,1,1,0,0,0,1.0000
no_contact_check,combined_violation_shift,7,1,1,1,596.330611,258.983370,1,1,0,0,0,1.0000
no_contact_check,combined_violation_shift,7,2,1,1,845.224061,258.983370,1,1,0,0,0,1.0000
no_contact_check,combined_violation_shift,7,3,1,1,631.094244,258.983370,1,1,0,0,0,1.0000
no_contact_check,combined_violation_shift,7,4,1,1,933.242787,258.983370,1,1,0,0,0,1.0000
no_contact_check,combined_violation_shift,7,5,1,1,802.287226,258.983370,1,1,0,0,0,1.0000
no_contact_check,combined_violation_shift,7,6,1,1,445.922084,258.983370,1,1,0,0,0,1.0000
no_contact_check,combined_violation_shift,7,7,1,1,482.991344,258.983370,1,1,0,0,0,1.0000
no_contact_check,combined_violation_shift,7,8,1,1,1103.048828,258.983370,1,1,0,0,0,1.0000
no_contact_check,combined_violation_shift,7,9,1,1,496.486010,258.983370,1,1,0,0,0,1.0000
no_contact_check,adversarial_compensated_violation,0,0,1,1,225.151503,258.983370,0,0,0,1,0,1.0000
no_contact_check,adversarial_compensated_violation,0,1,1,1,103.838209,258.983370,0,0,0,1,0,1.0000
no_contact_check,adversarial_compensated_violation,0,2,1,1,399.346028,258.983370,1,1,0,0,0,1.0000
no_contact_check,adversarial_compensated_violation,0,3,1,1,570.607912,258.983370,1,1,0,0,0,1.0000
no_contact_check,adversarial_compensated_violation,0,4,1,1,286.495327,258.983370,1,1,0,0,0,1.0000
no_contact_check,adversarial_compensated_violation,0,5,1,1,191.656148,258.983370,0,0,0,1,0,1.0000
no_contact_check,adversarial_compensated_violation,0,6,1,1,393.833709,258.983370,1,1,0,0,0,1.0000
no_contact_check,adversarial_compensated_violation,0,7,1,1,202.245767,258.983370,0,0,0,1,0,1.0000
no_contact_check,adversarial_compensated_violation,0,8,1,1,518.964745,258.983370,1,1,0,0,0,1.0000
no_contact_check,adversarial_compensated_violation,0,9,1,1,231.876315,258.983370,0,0,0,1,0,1.0000
no_contact_check,adversarial_compensated_violation,1,0,1,1,157.012596,258.983370,0,0,0,1,0,1.0000
no_contact_check,adversarial_compensated_violation,1,1,1,1,230.734555,258.983370,0,0,0,1,0,1.0000
no_contact_check,adversarial_compensated_violation,1,2,1,1,312.186409,258.983370,1,1,0,0,0,1.0000
no_contact_check,adversarial_compensated_violation,1,3,1,1,427.730294,258.983370,1,1,0,0,0,1.0000
no_contact_check,adversarial_compensated_violation,1,4,1,1,618.303608,258.983370,1,1,0,0,0,1.0000
no_contact_check,adversarial_compensated_violation,1,5,1,1,335.265668,258.983370,1,1,0,0,0,1.0000
no_contact_check,adversarial_compensated_violation,1,6,1,1,446.639050,258.983370,1,1,0,0,0,1.0000
no_contact_check,adversarial_compensated_violation,1,7,1,1,483.777569,258.983370,1,1,0,0,0,1.0000
no_contact_check,adversarial_compensated_violation,1,8,1,1,278.199493,258.983370,1,1,0,0,0,1.0000
no_contact_check,adversarial_compensated_violation,1,9,1,1,287.947696,258.983370,1,1,0,0,0,1.0000
no_contact_check,adversarial_compensated_violation,2,0,1,1,180.368929,258.983370,0,0,0,1,0,1.0000
no_contact_check,adversarial_compensated_violation,2,1,1,1,189.341781,258.983370,0,0,0,1,0,1.0000
no_contact_check,adversarial_compensated_violation,2,2,1,1,248.758216,258.983370,0,0,0,1,0,1.0000
no_contact_check,adversarial_compensated_violation,2,3,1,1,331.804806,258.983370,1,1,0,0,0,1.0000
no_contact_check,adversarial_compensated_violation,2,4,1,1,327.710189,258.983370,1,1,0,0,0,1.0000
no_contact_check,adversarial_compensated_violation,2,5,1,1,594.411124,258.983370,1,1,0,0,0,1.0000
no_contact_check,adversarial_compensated_violation,2,6,1,1,79.663723,258.983370,0,0,0,1,0,1.0000
no_contact_check,adversarial_compensated_violation,2,7,1,1,265.162043,258.983370,1,1,0,0,0,1.0000
no_contact_check,adversarial_compensated_violation,2,8,1,1,589.604270,258.983370,1,1,0,0,0,1.0000
no_contact_check,adversarial_compensated_violation,2,9,1,1,547.360358,258.983370,1,1,0,0,0,1.0000
no_contact_check,adversarial_compensated_violation,3,0,1,1,84.748548,258.983370,0,0,0,1,0,1.0000
no_contact_check,adversarial_compensated_violation,3,1,1,1,244.088868,258.983370,0,0,0,1,0,1.0000
no_contact_check,adversarial_compensated_violation,3,2,1,1,74.191978,258.983370,0,0,0,1,0,1.0000
no_contact_check,adversarial_compensated_violation,3,3,1,1,385.813722,258.983370,1,1,0,0,0,1.0000
no_contact_check,adversarial_compensated_violation,3,4,1,1,133.833442,258.983370,0,0,0,1,0,1.0000
no_contact_check,adversarial_compensated_violation,3,5,1,1,199.066327,258.983370,0,0,0,1,0,1.0000
no_contact_check,adversarial_compensated_violation,3,6,1,1,438.477714,258.983370,1,1,0,0,0,1.0000
no_contact_check,adversarial_compensated_violation,3,7,1,1,351.545790,258.983370,1,1,0,0,0,1.0000
no_contact_check,adversarial_compensated_violation,3,8,1,1,481.529304,258.983370,1,1,0,0,0,1.0000
no_contact_check,adversarial_compensated_violation,3,9,1,1,559.273536,258.983370,1,1,0,0,0,1.0000
no_contact_check,adversarial_compensated_violation,4,0,1,1,677.909358,258.983370,1,1,0,0,0,1.0000
no_contact_check,adversarial_compensated_violation,4,1,1,1,477.061917,258.983370,1,1,0,0,0,1.0000
no_contact_check,adversarial_compensated_violation,4,2,1,1,672.187838,258.983370,1,1,0,0,0,1.0000
no_contact_check,adversarial_compensated_violation,4,3,1,1,580.839061,258.983370,1,1,0,0,0,1.0000
no_contact_check,adversarial_compensated_violation,4,4,1,1,347.666745,258.983370,1,1,0,0,0,1.0000
no_contact_check,adversarial_compensated_violation,4,5,1,1,186.306132,258.983370,0,0,0,1,0,1.0000
no_contact_check,adversarial_compensated_violation,4,6,1,1,125.719735,258.983370,0,0,0,1,0,1.0000
no_contact_check,adversarial_compensated_violation,4,7,1,1,386.397645,258.983370,1,1,0,0,0,1.0000
no_contact_check,adversarial_compensated_violation,4,8,1,1,617.834599,258.983370,1,1,0,0,0,1.0000
no_contact_check,adversarial_compensated_violation,4,9,1,1,295.456990,258.983370,1,1,0,0,0,1.0000
no_contact_check,adversarial_compensated_violation,5,0,1,1,267.366034,258.983370,1,1,0,0,0,1.0000
no_contact_check,adversarial_compensated_violation,5,1,1,1,116.154336,258.983370,0,0,0,1,0,1.0000
no_contact_check,adversarial_compensated_violation,5,2,1,1,222.833440,258.983370,0,0,0,1,0,1.0000
no_contact_check,adversarial_compensated_violation,5,3,1,1,224.141765,258.983370,0,0,0,1,0,1.0000
no_contact_check,adversarial_compensated_violation,5,4,1,1,503.950663,258.983370,1,1,0,0,0,1.0000
no_contact_check,adversarial_compensated_violation,5,5,1,1,197.539046,258.983370,0,0,0,1,0,1.0000
no_contact_check,adversarial_compensated_violation,5,6,1,1,207.937042,258.983370,0,0,0,1,0,1.0000
no_contact_check,adversarial_compensated_violation,5,7,1,1,125.285882,258.983370,0,0,0,1,0,1.0000
no_contact_check,adversarial_compensated_violation,5,8,1,1,435.800203,258.983370,1,1,0,0,0,1.0000
no_contact_check,adversarial_compensated_violation,5,9,1,1,66.936208,258.983370,0,0,0,1,0,1.0000
no_contact_check,adversarial_compensated_violation,6,0,1,1,485.247616,258.983370,1,1,0,0,0,1.0000
no_contact_check,adversarial_compensated_violation,6,1,1,1,240.216471,258.983370,0,0,0,1,0,1.0000
no_contact_check,adversarial_compensated_violation,6,2,1,1,522.422411,258.983370,1,1,0,0,0,1.0000
no_contact_check,adversarial_compensated_violation,6,3,1,1,230.950951,258.983370,0,0,0,1,0,1.0000
no_contact_check,adversarial_compensated_violation,6,4,1,1,217.799310,258.983370,0,0,0,1,0,1.0000
no_contact_check,adversarial_compensated_violation,6,5,1,1,443.854261,258.983370,1,1,0,0,0,1.0000
no_contact_check,adversarial_compensated_violation,6,6,1,1,228.633153,258.983370,0,0,0,1,0,1.0000
no_contact_check,adversarial_compensated_violation,6,7,1,1,394.432186,258.983370,1,1,0,0,0,1.0000
no_contact_check,adversarial_compensated_violation,6,8,1,1,240.938977,258.983370,0,0,0,1,0,1.0000
no_contact_check,adversarial_compensated_violation,6,9,1,1,309.930612,258.983370,1,1,0,0,0,1.0000
no_contact_check,adversarial_compensated_violation,7,0,1,1,189.430834,258.983370,0,0,0,1,0,1.0000
no_contact_check,adversarial_compensated_violation,7,1,1,1,382.722506,258.983370,1,1,0,0,0,1.0000
no_contact_check,adversarial_compensated_violation,7,2,1,1,413.853206,258.983370,1,1,0,0,0,1.0000
no_contact_check,adversarial_compensated_violation,7,3,1,1,273.521879,258.983370,1,1,0,0,0,1.0000
no_contact_check,adversarial_compensated_violation,7,4,1,1,273.023593,258.983370,1,1,0,0,0,1.0000
no_contact_check,adversarial_compensated_violation,7,5,1,1,392.702517,258.983370,1,1,0,0,0,1.0000
no_contact_check,adversarial_compensated_violation,7,6,1,1,233.301637,258.983370,0,0,0,1,0,1.0000
no_contact_check,adversarial_compensated_violation,7,7,1,1,243.479848,258.983370,0,0,0,1,0,1.0000
no_contact_check,adversarial_compensated_violation,7,8,1,1,551.082469,258.983370,1,1,0,0,0,1.0000
no_contact_check,adversarial_compensated_violation,7,9,1,1,332.582028,258.983370,1,1,0,0,0,1.0000
no_contact_check,mixed_near_threshold,0,0,1,1,199.828698,258.983370,0,0,0,1,0,1.0000
no_contact_check,mixed_near_threshold,0,1,1,1,48.668222,258.983370,0,0,0,1,0,1.0000
no_contact_check,mixed_near_threshold,0,2,1,1,103.323690,258.983370,0,0,0,1,0,1.0000
no_contact_check,mixed_near_threshold,0,3,1,1,80.790262,258.983370,0,0,0,1,0,1.0000
no_contact_check,mixed_near_threshold,0,4,1,1,27.035472,258.983370,0,0,0,1,0,1.0000
no_contact_check,mixed_near_threshold,0,5,1,1,80.204347,258.983370,0,0,0,1,0,1.0000
no_contact_check,mixed_near_threshold,0,6,1,1,32.238068,258.983370,0,0,0,1,0,1.0000
no_contact_check,mixed_near_threshold,0,7,1,1,50.370176,258.983370,0,0,0,1,0,1.0000
no_contact_check,mixed_near_threshold,0,8,1,1,196.178986,258.983370,0,0,0,1,0,1.0000
no_contact_check,mixed_near_threshold,0,9,1,1,166.105444,258.983370,0,0,0,1,0,1.0000
no_contact_check,mixed_near_threshold,1,0,1,1,45.561701,258.983370,0,0,0,1,0,1.0000
no_contact_check,mixed_near_threshold,1,1,1,1,93.291546,258.983370,0,0,0,1,0,1.0000
no_contact_check,mixed_near_threshold,1,2,1,1,25.829119,258.983370,0,0,0,1,0,1.0000
no_contact_check,mixed_near_threshold,1,3,1,1,39.912979,258.983370,0,0,0,1,0,1.0000
no_contact_check,mixed_near_threshold,1,4,1,1,108.467704,258.983370,0,0,0,1,0,1.0000
no_contact_check,mixed_near_threshold,1,5,1,1,87.699433,258.983370,0,0,0,1,0,1.0000
no_contact_check,mixed_near_threshold,1,6,1,1,45.006112,258.983370,0,0,0,1,0,1.0000
no_contact_check,mixed_near_threshold,1,7,1,1,141.366652,258.983370,0,0,0,1,0,1.0000
no_contact_check,mixed_near_threshold,1,8,1,1,34.948926,258.983370,0,0,0,1,0,1.0000
no_contact_check,mixed_near_threshold,1,9,1,1,42.285489,258.983370,0,0,0,1,0,1.0000
no_contact_check,mixed_near_threshold,2,0,1,1,110.659582,258.983370,0,0,0,1,0,1.0000
no_contact_check,mixed_near_threshold,2,1,1,1,51.332692,258.983370,0,0,0,1,0,1.0000
no_contact_check,mixed_near_threshold,2,2,1,1,28.428386,258.983370,0,0,0,1,0,1.0000
no_contact_check,mixed_near_threshold,2,3,1,1,28.999713,258.983370,0,0,0,1,0,1.0000
no_contact_check,mixed_near_threshold,2,4,1,1,104.494083,258.983370,0,0,0,1,0,1.0000
no_contact_check,mixed_near_threshold,2,5,1,1,80.780480,258.983370,0,0,0,1,0,1.0000
no_contact_check,mixed_near_threshold,2,6,1,1,53.409176,258.983370,0,0,0,1,0,1.0000
no_contact_check,mixed_near_threshold,2,7,1,1,56.633013,258.983370,0,0,0,1,0,1.0000
no_contact_check,mixed_near_threshold,2,8,1,1,85.006979,258.983370,0,0,0,1,0,1.0000
no_contact_check,mixed_near_threshold,2,9,1,1,48.287605,258.983370,0,0,0,1,0,1.0000
no_contact_check,mixed_near_threshold,3,0,1,1,23.176645,258.983370,0,0,0,1,0,1.0000
no_contact_check,mixed_near_threshold,3,1,1,1,25.440090,258.983370,0,0,0,1,0,1.0000
no_contact_check,mixed_near_threshold,3,2,1,1,61.954039,258.983370,0,0,0,1,0,1.0000
no_contact_check,mixed_near_threshold,3,3,1,1,123.401634,258.983370,0,0,0,1,0,1.0000
no_contact_check,mixed_near_threshold,3,4,1,1,44.653262,258.983370,0,0,0,1,0,1.0000
no_contact_check,mixed_near_threshold,3,5,1,1,87.052307,258.983370,0,0,0,1,0,1.0000
no_contact_check,mixed_near_threshold,3,6,1,1,34.004039,258.983370,0,0,0,1,0,1.0000
no_contact_check,mixed_near_threshold,3,7,1,1,124.103881,258.983370,0,0,0,1,0,1.0000
no_contact_check,mixed_near_threshold,3,8,1,1,38.843544,258.983370,0,0,0,1,0,1.0000
no_contact_check,mixed_near_threshold,3,9,1,1,141.803789,258.983370,0,0,0,1,0,1.0000
no_contact_check,mixed_near_threshold,4,0,1,1,159.362557,258.983370,0,0,0,1,0,1.0000
no_contact_check,mixed_near_threshold,4,1,1,1,123.051390,258.983370,0,0,0,1,0,1.0000
no_contact_check,mixed_near_threshold,4,2,1,1,76.769777,258.983370,0,0,0,1,0,1.0000
no_contact_check,mixed_near_threshold,4,3,1,1,46.517547,258.983370,0,0,0,1,0,1.0000
no_contact_check,mixed_near_threshold,4,4,1,1,31.875914,258.983370,0,0,0,1,0,1.0000
no_contact_check,mixed_near_threshold,4,5,1,1,21.598496,258.983370,0,0,0,1,0,1.0000
no_contact_check,mixed_near_threshold,4,6,1,1,30.663890,258.983370,0,0,0,1,0,1.0000
no_contact_check,mixed_near_threshold,4,7,1,1,209.304603,258.983370,0,0,0,1,0,1.0000
no_contact_check,mixed_near_threshold,4,8,1,1,61.424888,258.983370,0,0,0,1,0,1.0000
no_contact_check,mixed_near_threshold,4,9,1,1,87.356314,258.983370,0,0,0,1,0,1.0000
no_contact_check,mixed_near_threshold,5,0,1,1,28.087816,258.983370,0,0,0,1,0,1.0000
no_contact_check,mixed_near_threshold,5,1,1,1,56.141839,258.983370,0,0,0,1,0,1.0000
no_contact_check,mixed_near_threshold,5,2,1,1,44.565357,258.983370,0,0,0,1,0,1.0000
no_contact_check,mixed_near_threshold,5,3,1,1,82.494087,258.983370,0,0,0,1,0,1.0000
no_contact_check,mixed_near_threshold,5,4,1,1,151.934401,258.983370,0,0,0,1,0,1.0000
no_contact_check,mixed_near_threshold,5,5,1,1,50.934640,258.983370,0,0,0,1,0,1.0000
no_contact_check,mixed_near_threshold,5,6,1,1,177.554856,258.983370,0,0,0,1,0,1.0000
no_contact_check,mixed_near_threshold,5,7,1,1,73.257541,258.983370,0,0,0,1,0,1.0000
no_contact_check,mixed_near_threshold,5,8,1,1,70.058332,258.983370,0,0,0,1,0,1.0000
no_contact_check,mixed_near_threshold,5,9,1,1,93.110814,258.983370,0,0,0,1,0,1.0000
no_contact_check,mixed_near_threshold,6,0,1,1,38.158413,258.983370,0,0,0,1,0,1.0000
no_contact_check,mixed_near_threshold,6,1,1,1,32.141125,258.983370,0,0,0,1,0,1.0000
no_contact_check,mixed_near_threshold,6,2,1,1,24.147085,258.983370,0,0,0,1,0,1.0000
no_contact_check,mixed_near_threshold,6,3,1,1,101.358825,258.983370,0,0,0,1,0,1.0000
no_contact_check,mixed_near_threshold,6,4,1,1,42.497707,258.983370,0,0,0,1,0,1.0000
no_contact_check,mixed_near_threshold,6,5,1,1,130.266933,258.983370,0,0,0,1,0,1.0000
no_contact_check,mixed_near_threshold,6,6,1,1,122.313856,258.983370,0,0,0,1,0,1.0000
no_contact_check,mixed_near_threshold,6,7,1,1,47.474180,258.983370,0,0,0,1,0,1.0000
no_contact_check,mixed_near_threshold,6,8,1,1,27.745800,258.983370,0,0,0,1,0,1.0000
no_contact_check,mixed_near_threshold,6,9,1,1,44.380829,258.983370,0,0,0,1,0,1.0000
no_contact_check,mixed_near_threshold,7,0,1,1,110.376759,258.983370,0,0,0,1,0,1.0000
no_contact_check,mixed_near_threshold,7,1,1,1,39.474653,258.983370,0,0,0,1,0,1.0000
no_contact_check,mixed_near_threshold,7,2,1,1,60.904300,258.983370,0,0,0,1,0,1.0000
no_contact_check,mixed_near_threshold,7,3,1,1,49.468604,258.983370,0,0,0,1,0,1.0000
no_contact_check,mixed_near_threshold,7,4,1,1,75.887110,258.983370,0,0,0,1,0,1.0000
no_contact_check,mixed_near_threshold,7,5,1,1,117.174680,258.983370,0,0,0,1,0,1.0000
no_contact_check,mixed_near_threshold,7,6,1,1,30.363516,258.983370,0,0,0,1,0,1.0000
no_contact_check,mixed_near_threshold,7,7,1,1,40.571931,258.983370,0,0,0,1,0,1.0000
no_contact_check,mixed_near_threshold,7,8,1,1,165.313046,258.983370,0,0,0,1,0,1.0000
no_contact_check,mixed_near_threshold,7,9,1,1,32.714165,258.983370,0,0,0,1,0,1.0000
no_contact_check,rare_valid_bounce,0,0,0,0,159.108555,258.983370,0,0,0,0,1,1.0000
no_contact_check,rare_valid_bounce,0,1,0,0,116.899286,258.983370,0,0,0,0,1,1.0000
no_contact_check,rare_valid_bounce,0,2,0,0,194.803576,258.983370,0,0,0,0,1,1.0000
no_contact_check,rare_valid_bounce,0,3,0,0,228.755699,258.983370,0,0,0,0,1,1.0000
no_contact_check,rare_valid_bounce,0,4,0,0,149.798155,258.983370,0,0,0,0,1,1.0000
no_contact_check,rare_valid_bounce,0,5,0,0,144.491450,258.983370,0,0,0,0,1,1.0000
no_contact_check,rare_valid_bounce,0,6,0,0,205.777643,258.983370,0,0,0,0,1,1.0000
no_contact_check,rare_valid_bounce,0,7,0,0,112.915110,258.983370,0,0,0,0,1,1.0000
no_contact_check,rare_valid_bounce,0,8,0,0,244.472985,258.983370,0,0,0,0,1,1.0000
no_contact_check,rare_valid_bounce,0,9,0,0,142.388435,258.983370,0,0,0,0,1,1.0000
no_contact_check,rare_valid_bounce,1,0,0,0,185.877420,258.983370,0,0,0,0,1,1.0000
no_contact_check,rare_valid_bounce,1,1,0,0,106.837797,258.983370,0,0,0,0,1,1.0000
no_contact_check,rare_valid_bounce,1,2,0,0,170.310604,258.983370,0,0,0,0,1,1.0000
no_contact_check,rare_valid_bounce,1,3,0,0,186.165597,258.983370,0,0,0,0,1,1.0000
no_contact_check,rare_valid_bounce,1,4,0,0,202.679303,258.983370,0,0,0,0,1,1.0000
no_contact_check,rare_valid_bounce,1,5,0,0,166.340382,258.983370,0,0,0,0,1,1.0000
no_contact_check,rare_valid_bounce,1,6,0,0,183.431507,258.983370,0,0,0,0,1,1.0000
no_contact_check,rare_valid_bounce,1,7,0,0,193.100192,258.983370,0,0,0,0,1,1.0000
no_contact_check,rare_valid_bounce,1,8,0,0,136.395751,258.983370,0,0,0,0,1,1.0000
no_contact_check,rare_valid_bounce,1,9,0,0,132.015815,258.983370,0,0,0,0,1,1.0000
no_contact_check,rare_valid_bounce,2,0,0,0,109.064861,258.983370,0,0,0,0,1,1.0000
no_contact_check,rare_valid_bounce,2,1,0,0,83.121581,258.983370,0,0,0,0,1,1.0000
no_contact_check,rare_valid_bounce,2,2,0,0,88.058052,258.983370,0,0,0,0,1,1.0000
no_contact_check,rare_valid_bounce,2,3,0,0,175.258507,258.983370,0,0,0,0,1,1.0000
no_contact_check,rare_valid_bounce,2,4,0,0,137.198301,258.983370,0,0,0,0,1,1.0000
no_contact_check,rare_valid_bounce,2,5,0,0,258.168300,258.983370,0,0,0,0,1,1.0000
no_contact_check,rare_valid_bounce,2,6,0,0,92.789198,258.983370,0,0,0,0,1,1.0000
no_contact_check,rare_valid_bounce,2,7,0,0,127.004990,258.983370,0,0,0,0,1,1.0000
no_contact_check,rare_valid_bounce,2,8,0,0,234.419299,258.983370,0,0,0,0,1,1.0000
no_contact_check,rare_valid_bounce,2,9,0,0,253.766273,258.983370,0,0,0,0,1,1.0000
no_contact_check,rare_valid_bounce,3,0,0,0,116.069198,258.983370,0,0,0,0,1,1.0000
no_contact_check,rare_valid_bounce,3,1,0,0,144.770555,258.983370,0,0,0,0,1,1.0000
no_contact_check,rare_valid_bounce,3,2,0,0,85.578272,258.983370,0,0,0,0,1,1.0000
no_contact_check,rare_valid_bounce,3,3,0,0,158.952198,258.983370,0,0,0,0,1,1.0000
no_contact_check,rare_valid_bounce,3,4,0,0,190.810382,258.983370,0,0,0,0,1,1.0000
no_contact_check,rare_valid_bounce,3,5,0,0,134.741734,258.983370,0,0,0,0,1,1.0000
no_contact_check,rare_valid_bounce,3,6,0,0,241.780301,258.983370,0,0,0,0,1,1.0000
no_contact_check,rare_valid_bounce,3,7,0,0,200.287747,258.983370,0,0,0,0,1,1.0000
no_contact_check,rare_valid_bounce,3,8,0,0,231.834030,258.983370,0,0,0,0,1,1.0000
no_contact_check,rare_valid_bounce,3,9,0,0,239.226129,258.983370,0,0,0,0,1,1.0000
no_contact_check,rare_valid_bounce,4,0,0,0,301.859104,258.983370,1,0,1,0,0,1.0000
no_contact_check,rare_valid_bounce,4,1,0,0,199.976179,258.983370,0,0,0,0,1,1.0000
no_contact_check,rare_valid_bounce,4,2,0,0,257.086170,258.983370,0,0,0,0,1,1.0000
no_contact_check,rare_valid_bounce,4,3,0,0,274.469695,258.983370,1,0,1,0,0,1.0000
no_contact_check,rare_valid_bounce,4,4,0,0,152.034450,258.983370,0,0,0,0,1,1.0000
no_contact_check,rare_valid_bounce,4,5,0,0,100.320408,258.983370,0,0,0,0,1,1.0000
no_contact_check,rare_valid_bounce,4,6,0,0,194.543077,258.983370,0,0,0,0,1,1.0000
no_contact_check,rare_valid_bounce,4,7,0,0,122.616039,258.983370,0,0,0,0,1,1.0000
no_contact_check,rare_valid_bounce,4,8,0,0,247.249350,258.983370,0,0,0,0,1,1.0000
no_contact_check,rare_valid_bounce,4,9,0,0,179.846996,258.983370,0,0,0,0,1,1.0000
no_contact_check,rare_valid_bounce,5,0,0,0,109.716497,258.983370,0,0,0,0,1,1.0000
no_contact_check,rare_valid_bounce,5,1,0,0,116.177432,258.983370,0,0,0,0,1,1.0000
no_contact_check,rare_valid_bounce,5,2,0,0,141.327222,258.983370,0,0,0,0,1,1.0000
no_contact_check,rare_valid_bounce,5,3,0,0,116.560829,258.983370,0,0,0,0,1,1.0000
no_contact_check,rare_valid_bounce,5,4,0,0,294.369832,258.983370,1,0,1,0,0,1.0000
no_contact_check,rare_valid_bounce,5,5,0,0,70.625717,258.983370,0,0,0,0,1,1.0000
no_contact_check,rare_valid_bounce,5,6,0,0,78.401714,258.983370,0,0,0,0,1,1.0000
no_contact_check,rare_valid_bounce,5,7,0,0,128.315297,258.983370,0,0,0,0,1,1.0000
no_contact_check,rare_valid_bounce,5,8,0,0,191.940353,258.983370,0,0,0,0,1,1.0000
no_contact_check,rare_valid_bounce,5,9,0,0,96.420326,258.983370,0,0,0,0,1,1.0000
no_contact_check,rare_valid_bounce,6,0,0,0,220.082257,258.983370,0,0,0,0,1,1.0000
no_contact_check,rare_valid_bounce,6,1,0,0,140.564729,258.983370,0,0,0,0,1,1.0000
no_contact_check,rare_valid_bounce,6,2,0,0,277.062571,258.983370,1,0,1,0,0,1.0000
no_contact_check,rare_valid_bounce,6,3,0,0,129.363784,258.983370,0,0,0,0,1,1.0000
no_contact_check,rare_valid_bounce,6,4,0,0,143.112926,258.983370,0,0,0,0,1,1.0000
no_contact_check,rare_valid_bounce,6,5,0,0,203.319457,258.983370,0,0,0,0,1,1.0000
no_contact_check,rare_valid_bounce,6,6,0,0,125.876635,258.983370,0,0,0,0,1,1.0000
no_contact_check,rare_valid_bounce,6,7,0,0,195.115719,258.983370,0,0,0,0,1,1.0000
no_contact_check,rare_valid_bounce,6,8,0,0,131.809097,258.983370,0,0,0,0,1,1.0000
no_contact_check,rare_valid_bounce,6,9,0,0,131.721049,258.983370,0,0,0,0,1,1.0000
no_contact_check,rare_valid_bounce,7,0,0,0,154.009539,258.983370,0,0,0,0,1,1.0000
no_contact_check,rare_valid_bounce,7,1,0,0,187.664106,258.983370,0,0,0,0,1,1.0000
no_contact_check,rare_valid_bounce,7,2,0,0,191.305794,258.983370,0,0,0,0,1,1.0000
no_contact_check,rare_valid_bounce,7,3,0,0,138.735868,258.983370,0,0,0,0,1,1.0000
no_contact_check,rare_valid_bounce,7,4,0,0,120.930316,258.983370,0,0,0,0,1,1.0000
no_contact_check,rare_valid_bounce,7,5,0,0,178.455228,258.983370,0,0,0,0,1,1.0000
no_contact_check,rare_valid_bounce,7,6,0,0,107.427972,258.983370,0,0,0,0,1,1.0000
no_contact_check,rare_valid_bounce,7,7,0,0,162.532592,258.983370,0,0,0,0,1,1.0000
no_contact_check,rare_valid_bounce,7,8,0,0,239.784832,258.983370,0,0,0,0,1,1.0000
no_contact_check,rare_valid_bounce,7,9,0,0,157.613592,258.983370,0,0,0,0,1,1.0000
no_support_check,combined_violation_shift,0,0,1,1,1276.987066,258.985284,1,1,0,0,0,1.0000
no_support_check,combined_violation_shift,0,1,1,1,714.089354,258.985284,1,1,0,0,0,1.0000
no_support_check,combined_violation_shift,0,2,1,1,617.121256,258.985284,1,1,0,0,0,1.0000
no_support_check,combined_violation_shift,0,3,1,1,545.489982,258.985284,1,1,0,0,0,1.0000
no_support_check,combined_violation_shift,0,4,1,1,421.720638,258.985284,1,1,0,0,0,1.0000
no_support_check,combined_violation_shift,0,5,1,1,480.026764,258.985284,1,1,0,0,0,1.0000
no_support_check,combined_violation_shift,0,6,1,1,499.642995,258.985284,1,1,0,0,0,1.0000
no_support_check,combined_violation_shift,0,7,1,1,925.132448,258.985284,1,1,0,0,0,1.0000
no_support_check,combined_violation_shift,0,8,1,1,1095.571419,258.985284,1,1,0,0,0,1.0000
no_support_check,combined_violation_shift,0,9,1,1,1100.803698,258.985284,1,1,0,0,0,1.0000
no_support_check,combined_violation_shift,1,0,1,1,675.409786,258.985284,1,1,0,0,0,1.0000
no_support_check,combined_violation_shift,1,1,1,1,739.640679,258.985284,1,1,0,0,0,1.0000
no_support_check,combined_violation_shift,1,2,1,1,439.784893,258.985284,1,1,0,0,0,1.0000
no_support_check,combined_violation_shift,1,3,1,1,495.934425,258.985284,1,1,0,0,0,1.0000
no_support_check,combined_violation_shift,1,4,1,1,657.621440,258.985284,1,1,0,0,0,1.0000
no_support_check,combined_violation_shift,1,5,1,1,549.505823,258.985284,1,1,0,0,0,1.0000
no_support_check,combined_violation_shift,1,6,1,1,599.180699,258.985284,1,1,0,0,0,1.0000
no_support_check,combined_violation_shift,1,7,1,1,871.977417,258.985284,1,1,0,0,0,1.0000
no_support_check,combined_violation_shift,1,8,1,1,445.598857,258.985284,1,1,0,0,0,1.0000
no_support_check,combined_violation_shift,1,9,1,1,491.543965,258.985284,1,1,0,0,0,1.0000
no_support_check,combined_violation_shift,2,0,1,1,679.724649,258.985284,1,1,0,0,0,1.0000
no_support_check,combined_violation_shift,2,1,1,1,559.481102,258.985284,1,1,0,0,0,1.0000
no_support_check,combined_violation_shift,2,2,1,1,453.450983,258.985284,1,1,0,0,0,1.0000
no_support_check,combined_violation_shift,2,3,1,1,539.163258,258.985284,1,1,0,0,0,1.0000
no_support_check,combined_violation_shift,2,4,1,1,537.900295,258.985284,1,1,0,0,0,1.0000
no_support_check,combined_violation_shift,2,5,1,1,507.635013,258.985284,1,1,0,0,0,1.0000
no_support_check,combined_violation_shift,2,6,1,1,750.967979,258.985284,1,1,0,0,0,1.0000
no_support_check,combined_violation_shift,2,7,1,1,411.799753,258.985284,1,1,0,0,0,1.0000
no_support_check,combined_violation_shift,2,8,1,1,1179.730498,258.985284,1,1,0,0,0,1.0000
no_support_check,combined_violation_shift,2,9,1,1,621.893347,258.985284,1,1,0,0,0,1.0000
no_support_check,combined_violation_shift,3,0,1,1,476.920637,258.985284,1,1,0,0,0,1.0000
no_support_check,combined_violation_shift,3,1,1,1,437.958679,258.985284,1,1,0,0,0,1.0000
no_support_check,combined_violation_shift,3,2,1,1,659.130878,258.985284,1,1,0,0,0,1.0000
no_support_check,combined_violation_shift,3,3,1,1,785.769504,258.985284,1,1,0,0,0,1.0000
no_support_check,combined_violation_shift,3,4,1,1,608.603366,258.985284,1,1,0,0,0,1.0000
no_support_check,combined_violation_shift,3,5,1,1,588.790369,258.985284,1,1,0,0,0,1.0000
no_support_check,combined_violation_shift,3,6,1,1,447.831406,258.985284,1,1,0,0,0,1.0000
no_support_check,combined_violation_shift,3,7,1,1,778.151406,258.985284,1,1,0,0,0,1.0000
no_support_check,combined_violation_shift,3,8,1,1,508.912625,258.985284,1,1,0,0,0,1.0000
no_support_check,combined_violation_shift,3,9,1,1,1028.170621,258.985284,1,1,0,0,0,1.0000
no_support_check,combined_violation_shift,4,0,1,1,1232.140143,258.985284,1,1,0,0,0,1.0000
no_support_check,combined_violation_shift,4,1,1,1,973.408056,258.985284,1,1,0,0,0,1.0000
no_support_check,combined_violation_shift,4,2,1,1,640.880887,258.985284,1,1,0,0,0,1.0000
no_support_check,combined_violation_shift,4,3,1,1,552.241960,258.985284,1,1,0,0,0,1.0000
no_support_check,combined_violation_shift,4,4,1,1,467.678185,258.985284,1,1,0,0,0,1.0000
no_support_check,combined_violation_shift,4,5,1,1,392.279280,258.985284,1,1,0,0,0,1.0000
no_support_check,combined_violation_shift,4,6,1,1,417.577697,258.985284,1,1,0,0,0,1.0000
no_support_check,combined_violation_shift,4,7,1,1,1182.831901,258.985284,1,1,0,0,0,1.0000
no_support_check,combined_violation_shift,4,8,1,1,869.760545,258.985284,1,1,0,0,0,1.0000
no_support_check,combined_violation_shift,4,9,1,1,489.557517,258.985284,1,1,0,0,0,1.0000
no_support_check,combined_violation_shift,5,0,1,1,412.997773,258.985284,1,1,0,0,0,1.0000
no_support_check,combined_violation_shift,5,1,1,1,721.907428,258.985284,1,1,0,0,0,1.0000
no_support_check,combined_violation_shift,5,2,1,1,742.569267,258.985284,1,1,0,0,0,1.0000
no_support_check,combined_violation_shift,5,3,1,1,505.066284,258.985284,1,1,0,0,0,1.0000
no_support_check,combined_violation_shift,5,4,1,1,1318.253811,258.985284,1,1,0,0,0,1.0000
no_support_check,combined_violation_shift,5,5,1,1,619.402455,258.985284,1,1,0,0,0,1.0000
no_support_check,combined_violation_shift,5,6,1,1,1103.712036,258.985284,1,1,0,0,0,1.0000
no_support_check,combined_violation_shift,5,7,1,1,588.505315,258.985284,1,1,0,0,0,1.0000
no_support_check,combined_violation_shift,5,8,1,1,866.969837,258.985284,1,1,0,0,0,1.0000
no_support_check,combined_violation_shift,5,9,1,1,704.980060,258.985284,1,1,0,0,0,1.0000
no_support_check,combined_violation_shift,6,0,1,1,505.092893,258.985284,1,1,0,0,0,1.0000
no_support_check,combined_violation_shift,6,1,1,1,475.281045,258.985284,1,1,0,0,0,1.0000
no_support_check,combined_violation_shift,6,2,1,1,384.045793,258.985284,1,1,0,0,0,1.0000
no_support_check,combined_violation_shift,6,3,1,1,562.281136,258.985284,1,1,0,0,0,1.0000
no_support_check,combined_violation_shift,6,4,1,1,605.743159,258.985284,1,1,0,0,0,1.0000
no_support_check,combined_violation_shift,6,5,1,1,809.157720,258.985284,1,1,0,0,0,1.0000
no_support_check,combined_violation_shift,6,6,1,1,808.351327,258.985284,1,1,0,0,0,1.0000
no_support_check,combined_violation_shift,6,7,1,1,800.523769,258.985284,1,1,0,0,0,1.0000
no_support_check,combined_violation_shift,6,8,1,1,598.013095,258.985284,1,1,0,0,0,1.0000
no_support_check,combined_violation_shift,6,9,1,1,480.972881,258.985284,1,1,0,0,0,1.0000
no_support_check,combined_violation_shift,7,0,1,1,789.278054,258.985284,1,1,0,0,0,1.0000
no_support_check,combined_violation_shift,7,1,1,1,596.275829,258.985284,1,1,0,0,0,1.0000
no_support_check,combined_violation_shift,7,2,1,1,845.174335,258.985284,1,1,0,0,0,1.0000
no_support_check,combined_violation_shift,7,3,1,1,631.046014,258.985284,1,1,0,0,0,1.0000
no_support_check,combined_violation_shift,7,4,1,1,933.193290,258.985284,1,1,0,0,0,1.0000
no_support_check,combined_violation_shift,7,5,1,1,802.238242,258.985284,1,1,0,0,0,1.0000
no_support_check,combined_violation_shift,7,6,1,1,445.869707,258.985284,1,1,0,0,0,1.0000
no_support_check,combined_violation_shift,7,7,1,1,482.940853,258.985284,1,1,0,0,0,1.0000
no_support_check,combined_violation_shift,7,8,1,1,1102.999234,258.985284,1,1,0,0,0,1.0000
no_support_check,combined_violation_shift,7,9,1,1,496.433667,258.985284,1,1,0,0,0,1.0000
no_support_check,adversarial_compensated_violation,0,0,1,1,225.160849,258.985284,0,0,0,1,0,1.0000
no_support_check,adversarial_compensated_violation,0,1,1,1,103.847480,258.985284,0,0,0,1,0,1.0000
no_support_check,adversarial_compensated_violation,0,2,1,1,399.354613,258.985284,1,1,0,0,0,1.0000
no_support_check,adversarial_compensated_violation,0,3,1,1,570.617429,258.985284,1,1,0,0,0,1.0000
no_support_check,adversarial_compensated_violation,0,4,1,1,286.506550,258.985284,1,1,0,0,0,1.0000
no_support_check,adversarial_compensated_violation,0,5,1,1,191.667168,258.985284,0,0,0,1,0,1.0000
no_support_check,adversarial_compensated_violation,0,6,1,1,393.843355,258.985284,1,1,0,0,0,1.0000
no_support_check,adversarial_compensated_violation,0,7,1,1,202.255358,258.985284,0,0,0,1,0,1.0000
no_support_check,adversarial_compensated_violation,0,8,1,1,518.974390,258.985284,1,1,0,0,0,1.0000
no_support_check,adversarial_compensated_violation,0,9,1,1,231.887446,258.985284,0,0,0,1,0,1.0000
no_support_check,adversarial_compensated_violation,1,0,1,1,157.021880,258.985284,0,0,0,1,0,1.0000
no_support_check,adversarial_compensated_violation,1,1,1,1,230.744285,258.985284,0,0,0,1,0,1.0000
no_support_check,adversarial_compensated_violation,1,2,1,1,312.195924,258.985284,1,1,0,0,0,1.0000
no_support_check,adversarial_compensated_violation,1,3,1,1,427.739234,258.985284,1,1,0,0,0,1.0000
no_support_check,adversarial_compensated_violation,1,4,1,1,618.312376,258.985284,1,1,0,0,0,1.0000
no_support_check,adversarial_compensated_violation,1,5,1,1,335.275242,258.985284,1,1,0,0,0,1.0000
no_support_check,adversarial_compensated_violation,1,6,1,1,446.648422,258.985284,1,1,0,0,0,1.0000
no_support_check,adversarial_compensated_violation,1,7,1,1,483.787124,258.985284,1,1,0,0,0,1.0000
no_support_check,adversarial_compensated_violation,1,8,1,1,278.209134,258.985284,1,1,0,0,0,1.0000
no_support_check,adversarial_compensated_violation,1,9,1,1,287.957427,258.985284,1,1,0,0,0,1.0000
no_support_check,adversarial_compensated_violation,2,0,1,1,180.378666,258.985284,0,0,0,1,0,1.0000
no_support_check,adversarial_compensated_violation,2,1,1,1,189.351042,258.985284,0,0,0,1,0,1.0000
no_support_check,adversarial_compensated_violation,2,2,1,1,248.767759,258.985284,0,0,0,1,0,1.0000
no_support_check,adversarial_compensated_violation,2,3,1,1,331.814452,258.985284,1,1,0,0,0,1.0000
no_support_check,adversarial_compensated_violation,2,4,1,1,327.719513,258.985284,1,1,0,0,0,1.0000
no_support_check,adversarial_compensated_violation,2,5,1,1,594.420056,258.985284,1,1,0,0,0,1.0000
no_support_check,adversarial_compensated_violation,2,6,1,1,79.675383,258.985284,0,0,0,1,0,1.0000
no_support_check,adversarial_compensated_violation,2,7,1,1,265.171606,258.985284,1,1,0,0,0,1.0000
no_support_check,adversarial_compensated_violation,2,8,1,1,589.613375,258.985284,1,1,0,0,0,1.0000
no_support_check,adversarial_compensated_violation,2,9,1,1,547.369802,258.985284,1,1,0,0,0,1.0000
no_support_check,adversarial_compensated_violation,3,0,1,1,84.757931,258.985284,0,0,0,1,0,1.0000
no_support_check,adversarial_compensated_violation,3,1,1,1,244.098615,258.985284,0,0,0,1,0,1.0000
no_support_check,adversarial_compensated_violation,3,2,1,1,74.201289,258.985284,0,0,0,1,0,1.0000
no_support_check,adversarial_compensated_violation,3,3,1,1,385.823105,258.985284,1,1,0,0,0,1.0000
no_support_check,adversarial_compensated_violation,3,4,1,1,133.844385,258.985284,0,0,0,1,0,1.0000
no_support_check,adversarial_compensated_violation,3,5,1,1,199.077592,258.985284,0,0,0,1,0,1.0000
no_support_check,adversarial_compensated_violation,3,6,1,1,438.487336,258.985284,1,1,0,0,0,1.0000
no_support_check,adversarial_compensated_violation,3,7,1,1,351.555428,258.985284,1,1,0,0,0,1.0000
no_support_check,adversarial_compensated_violation,3,8,1,1,481.538562,258.985284,1,1,0,0,0,1.0000
no_support_check,adversarial_compensated_violation,3,9,1,1,559.282311,258.985284,1,1,0,0,0,1.0000
no_support_check,adversarial_compensated_violation,4,0,1,1,677.918768,258.985284,1,1,0,0,0,1.0000
no_support_check,adversarial_compensated_violation,4,1,1,1,477.071282,258.985284,1,1,0,0,0,1.0000
no_support_check,adversarial_compensated_violation,4,2,1,1,672.197202,258.985284,1,1,0,0,0,1.0000
no_support_check,adversarial_compensated_violation,4,3,1,1,580.848374,258.985284,1,1,0,0,0,1.0000
no_support_check,adversarial_compensated_violation,4,4,1,1,347.676117,258.985284,1,1,0,0,0,1.0000
no_support_check,adversarial_compensated_violation,4,5,1,1,186.315873,258.985284,0,0,0,1,0,1.0000
no_support_check,adversarial_compensated_violation,4,6,1,1,125.729066,258.985284,0,0,0,1,0,1.0000
no_support_check,adversarial_compensated_violation,4,7,1,1,386.407202,258.985284,1,1,0,0,0,1.0000
no_support_check,adversarial_compensated_violation,4,8,1,1,617.844207,258.985284,1,1,0,0,0,1.0000
no_support_check,adversarial_compensated_violation,4,9,1,1,295.466314,258.985284,1,1,0,0,0,1.0000
no_support_check,adversarial_compensated_violation,5,0,1,1,267.375675,258.985284,1,1,0,0,0,1.0000
no_support_check,adversarial_compensated_violation,5,1,1,1,116.163424,258.985284,0,0,0,1,0,1.0000
no_support_check,adversarial_compensated_violation,5,2,1,1,222.843368,258.985284,0,0,0,1,0,1.0000
no_support_check,adversarial_compensated_violation,5,3,1,1,224.150475,258.985284,0,0,0,1,0,1.0000
no_support_check,adversarial_compensated_violation,5,4,1,1,503.960146,258.985284,1,1,0,0,0,1.0000
no_support_check,adversarial_compensated_violation,5,5,1,1,197.547886,258.985284,0,0,0,1,0,1.0000
no_support_check,adversarial_compensated_violation,5,6,1,1,207.947293,258.985284,0,0,0,1,0,1.0000
no_support_check,adversarial_compensated_violation,5,7,1,1,125.295440,258.985284,0,0,0,1,0,1.0000
no_support_check,adversarial_compensated_violation,5,8,1,1,435.808665,258.985284,1,1,0,0,0,1.0000
no_support_check,adversarial_compensated_violation,5,9,1,1,66.945763,258.985284,0,0,0,1,0,1.0000
no_support_check,adversarial_compensated_violation,6,0,1,1,485.257036,258.985284,1,1,0,0,0,1.0000
no_support_check,adversarial_compensated_violation,6,1,1,1,240.226026,258.985284,0,0,0,1,0,1.0000
no_support_check,adversarial_compensated_violation,6,2,1,1,522.431825,258.985284,1,1,0,0,0,1.0000
no_support_check,adversarial_compensated_violation,6,3,1,1,230.965977,258.985284,0,0,0,1,0,1.0000
no_support_check,adversarial_compensated_violation,6,4,1,1,217.808683,258.985284,0,0,0,1,0,1.0000
no_support_check,adversarial_compensated_violation,6,5,1,1,443.863524,258.985284,1,1,0,0,0,1.0000
no_support_check,adversarial_compensated_violation,6,6,1,1,228.642886,258.985284,0,0,0,1,0,1.0000
no_support_check,adversarial_compensated_violation,6,7,1,1,394.441662,258.985284,1,1,0,0,0,1.0000
no_support_check,adversarial_compensated_violation,6,8,1,1,240.947687,258.985284,0,0,0,1,0,1.0000
no_support_check,adversarial_compensated_violation,6,9,1,1,309.939995,258.985284,1,1,0,0,0,1.0000
no_support_check,adversarial_compensated_violation,7,0,1,1,189.449216,258.985284,0,0,0,1,0,1.0000
no_support_check,adversarial_compensated_violation,7,1,1,1,382.732188,258.985284,1,1,0,0,0,1.0000
no_support_check,adversarial_compensated_violation,7,2,1,1,413.862592,258.985284,1,1,0,0,0,1.0000
no_support_check,adversarial_compensated_violation,7,3,1,1,273.533146,258.985284,1,1,0,0,0,1.0000
no_support_check,adversarial_compensated_violation,7,4,1,1,273.032522,258.985284,1,1,0,0,0,1.0000
no_support_check,adversarial_compensated_violation,7,5,1,1,392.711920,258.985284,1,1,0,0,0,1.0000
no_support_check,adversarial_compensated_violation,7,6,1,1,233.314221,258.985284,0,0,0,1,0,1.0000
no_support_check,adversarial_compensated_violation,7,7,1,1,243.489489,258.985284,0,0,0,1,0,1.0000
no_support_check,adversarial_compensated_violation,7,8,1,1,551.091714,258.985284,1,1,0,0,0,1.0000
no_support_check,adversarial_compensated_violation,7,9,1,1,332.591668,258.985284,1,1,0,0,0,1.0000
no_support_check,mixed_near_threshold,0,0,1,1,199.845295,258.985284,0,0,0,1,0,1.0000
no_support_check,mixed_near_threshold,0,1,1,1,48.684498,258.985284,0,0,0,1,0,1.0000
no_support_check,mixed_near_threshold,0,2,1,1,103.339171,258.985284,0,0,0,1,0,1.0000
no_support_check,mixed_near_threshold,0,3,1,1,80.807364,258.985284,0,0,0,1,0,1.0000
no_support_check,mixed_near_threshold,0,4,1,1,27.049459,258.985284,0,0,0,1,0,1.0000
no_support_check,mixed_near_threshold,0,5,1,1,80.222957,258.985284,0,0,0,1,0,1.0000
no_support_check,mixed_near_threshold,0,6,1,1,32.252410,258.985284,0,0,0,1,0,1.0000
no_support_check,mixed_near_threshold,0,7,1,1,50.386855,258.985284,0,0,0,1,0,1.0000
no_support_check,mixed_near_threshold,0,8,1,1,196.194981,258.985284,0,0,0,1,0,1.0000
no_support_check,mixed_near_threshold,0,9,1,1,166.122229,258.985284,0,0,0,1,0,1.0000
no_support_check,mixed_near_threshold,1,0,1,1,45.577537,258.985284,0,0,0,1,0,1.0000
no_support_check,mixed_near_threshold,1,1,1,1,93.308584,258.985284,0,0,0,1,0,1.0000
no_support_check,mixed_near_threshold,1,2,1,1,25.842961,258.985284,0,0,0,1,0,1.0000
no_support_check,mixed_near_threshold,1,3,1,1,39.927710,258.985284,0,0,0,1,0,1.0000
no_support_check,mixed_near_threshold,1,4,1,1,108.483646,258.985284,0,0,0,1,0,1.0000
no_support_check,mixed_near_threshold,1,5,1,1,87.715065,258.985284,0,0,0,1,0,1.0000
no_support_check,mixed_near_threshold,1,6,1,1,45.023545,258.985284,0,0,0,1,0,1.0000
no_support_check,mixed_near_threshold,1,7,1,1,141.383386,258.985284,0,0,0,1,0,1.0000
no_support_check,mixed_near_threshold,1,8,1,1,34.964602,258.985284,0,0,0,1,0,1.0000
no_support_check,mixed_near_threshold,1,9,1,1,42.300971,258.985284,0,0,0,1,0,1.0000
no_support_check,mixed_near_threshold,2,0,1,1,110.676522,258.985284,0,0,0,1,0,1.0000
no_support_check,mixed_near_threshold,2,1,1,1,51.348956,258.985284,0,0,0,1,0,1.0000
no_support_check,mixed_near_threshold,2,2,1,1,28.441882,258.985284,0,0,0,1,0,1.0000
no_support_check,mixed_near_threshold,2,3,1,1,29.014579,258.985284,0,0,0,1,0,1.0000
no_support_check,mixed_near_threshold,2,4,1,1,104.513134,258.985284,0,0,0,1,0,1.0000
no_support_check,mixed_near_threshold,2,5,1,1,80.795962,258.985284,0,0,0,1,0,1.0000
no_support_check,mixed_near_threshold,2,6,1,1,53.426087,258.985284,0,0,0,1,0,1.0000
no_support_check,mixed_near_threshold,2,7,1,1,56.647154,258.985284,0,0,0,1,0,1.0000
no_support_check,mixed_near_threshold,2,8,1,1,85.023336,258.985284,0,0,0,1,0,1.0000
no_support_check,mixed_near_threshold,2,9,1,1,48.303337,258.985284,0,0,0,1,0,1.0000
no_support_check,mixed_near_threshold,3,0,1,1,23.192200,258.985284,0,0,0,1,0,1.0000
no_support_check,mixed_near_threshold,3,1,1,1,25.455204,258.985284,0,0,0,1,0,1.0000
no_support_check,mixed_near_threshold,3,2,1,1,61.971122,258.985284,0,0,0,1,0,1.0000
no_support_check,mixed_near_threshold,3,3,1,1,123.418024,258.985284,0,0,0,1,0,1.0000
no_support_check,mixed_near_threshold,3,4,1,1,44.669012,258.985284,0,0,0,1,0,1.0000
no_support_check,mixed_near_threshold,3,5,1,1,87.068599,258.985284,0,0,0,1,0,1.0000
no_support_check,mixed_near_threshold,3,6,1,1,34.018618,258.985284,0,0,0,1,0,1.0000
no_support_check,mixed_near_threshold,3,7,1,1,124.120275,258.985284,0,0,0,1,0,1.0000
no_support_check,mixed_near_threshold,3,8,1,1,38.858471,258.985284,0,0,0,1,0,1.0000
no_support_check,mixed_near_threshold,3,9,1,1,141.820786,258.985284,0,0,0,1,0,1.0000
no_support_check,mixed_near_threshold,4,0,1,1,159.379586,258.985284,0,0,0,1,0,1.0000
no_support_check,mixed_near_threshold,4,1,1,1,123.068049,258.985284,0,0,0,1,0,1.0000
no_support_check,mixed_near_threshold,4,2,1,1,76.786037,258.985284,0,0,0,1,0,1.0000
no_support_check,mixed_near_threshold,4,3,1,1,46.534288,258.985284,0,0,0,1,0,1.0000
no_support_check,mixed_near_threshold,4,4,1,1,31.890753,258.985284,0,0,0,1,0,1.0000
no_support_check,mixed_near_threshold,4,5,1,1,21.612044,258.985284,0,0,0,1,0,1.0000
no_support_check,mixed_near_threshold,4,6,1,1,30.677985,258.985284,0,0,0,1,0,1.0000
no_support_check,mixed_near_threshold,4,7,1,1,209.321392,258.985284,0,0,0,1,0,1.0000
no_support_check,mixed_near_threshold,4,8,1,1,61.440940,258.985284,0,0,0,1,0,1.0000
no_support_check,mixed_near_threshold,4,9,1,1,87.376576,258.985284,0,0,0,1,0,1.0000
no_support_check,mixed_near_threshold,5,0,1,1,28.102215,258.985284,0,0,0,1,0,1.0000
no_support_check,mixed_near_threshold,5,1,1,1,56.158612,258.985284,0,0,0,1,0,1.0000
no_support_check,mixed_near_threshold,5,2,1,1,44.581710,258.985284,0,0,0,1,0,1.0000
no_support_check,mixed_near_threshold,5,3,1,1,82.513048,258.985284,0,0,0,1,0,1.0000
no_support_check,mixed_near_threshold,5,4,1,1,151.951089,258.985284,0,0,0,1,0,1.0000
no_support_check,mixed_near_threshold,5,5,1,1,50.950851,258.985284,0,0,0,1,0,1.0000
no_support_check,mixed_near_threshold,5,6,1,1,177.571931,258.985284,0,0,0,1,0,1.0000
no_support_check,mixed_near_threshold,5,7,1,1,73.274522,258.985284,0,0,0,1,0,1.0000
no_support_check,mixed_near_threshold,5,8,1,1,70.074180,258.985284,0,0,0,1,0,1.0000
no_support_check,mixed_near_threshold,5,9,1,1,93.129470,258.985284,0,0,0,1,0,1.0000
no_support_check,mixed_near_threshold,6,0,1,1,38.176298,258.985284,0,0,0,1,0,1.0000
no_support_check,mixed_near_threshold,6,1,1,1,32.156366,258.985284,0,0,0,1,0,1.0000
no_support_check,mixed_near_threshold,6,2,1,1,24.160415,258.985284,0,0,0,1,0,1.0000
no_support_check,mixed_near_threshold,6,3,1,1,101.376854,258.985284,0,0,0,1,0,1.0000
no_support_check,mixed_near_threshold,6,4,1,1,42.514484,258.985284,0,0,0,1,0,1.0000
no_support_check,mixed_near_threshold,6,5,1,1,130.283502,258.985284,0,0,0,1,0,1.0000
no_support_check,mixed_near_threshold,6,6,1,1,122.331179,258.985284,0,0,0,1,0,1.0000
no_support_check,mixed_near_threshold,6,7,1,1,47.490888,258.985284,0,0,0,1,0,1.0000
no_support_check,mixed_near_threshold,6,8,1,1,27.760706,258.985284,0,0,0,1,0,1.0000
no_support_check,mixed_near_threshold,6,9,1,1,44.396102,258.985284,0,0,0,1,0,1.0000
no_support_check,mixed_near_threshold,7,0,1,1,110.393536,258.985284,0,0,0,1,0,1.0000
no_support_check,mixed_near_threshold,7,1,1,1,39.488626,258.985284,0,0,0,1,0,1.0000
no_support_check,mixed_near_threshold,7,2,1,1,60.919997,258.985284,0,0,0,1,0,1.0000
no_support_check,mixed_near_threshold,7,3,1,1,49.483719,258.985284,0,0,0,1,0,1.0000
no_support_check,mixed_near_threshold,7,4,1,1,75.903720,258.985284,0,0,0,1,0,1.0000
no_support_check,mixed_near_threshold,7,5,1,1,117.191074,258.985284,0,0,0,1,0,1.0000
no_support_check,mixed_near_threshold,7,6,1,1,30.379297,258.985284,0,0,0,1,0,1.0000
no_support_check,mixed_near_threshold,7,7,1,1,40.587274,258.985284,0,0,0,1,0,1.0000
no_support_check,mixed_near_threshold,7,8,1,1,165.329921,258.985284,0,0,0,1,0,1.0000
no_support_check,mixed_near_threshold,7,9,1,1,32.729706,258.985284,0,0,0,1,0,1.0000
no_support_check,rare_valid_bounce,0,0,0,0,159.115123,258.985284,0,0,0,0,1,1.0000
no_support_check,rare_valid_bounce,0,1,0,0,116.900993,258.985284,0,0,0,0,1,1.0000
no_support_check,rare_valid_bounce,0,2,0,0,194.805103,258.985284,0,0,0,0,1,1.0000
no_support_check,rare_valid_bounce,0,3,0,0,228.758266,258.985284,0,0,0,0,1,1.0000
no_support_check,rare_valid_bounce,0,4,0,0,149.799891,258.985284,0,0,0,0,1,1.0000
no_support_check,rare_valid_bounce,0,5,0,0,144.502470,258.985284,0,0,0,0,1,1.0000
no_support_check,rare_valid_bounce,0,6,0,0,205.780385,258.985284,0,0,0,0,1,1.0000
no_support_check,rare_valid_bounce,0,7,0,0,112.922484,258.985284,0,0,0,0,1,1.0000
no_support_check,rare_valid_bounce,0,8,0,0,244.474321,258.985284,0,0,0,0,1,1.0000
no_support_check,rare_valid_bounce,0,9,0,0,142.393079,258.985284,0,0,0,0,1,1.0000
no_support_check,rare_valid_bounce,1,0,0,0,185.879270,258.985284,0,0,0,0,1,1.0000
no_support_check,rare_valid_bounce,1,1,0,0,106.840526,258.985284,0,0,0,0,1,1.0000
no_support_check,rare_valid_bounce,1,2,0,0,170.313334,258.985284,0,0,0,0,1,1.0000
no_support_check,rare_valid_bounce,1,3,0,0,186.166831,258.985284,0,0,0,0,1,1.0000
no_support_check,rare_valid_bounce,1,4,0,0,202.680505,258.985284,0,0,0,0,1,1.0000
no_support_check,rare_valid_bounce,1,5,0,0,166.342024,258.985284,0,0,0,0,1,1.0000
no_support_check,rare_valid_bounce,1,6,0,0,183.433303,258.985284,0,0,0,0,1,1.0000
no_support_check,rare_valid_bounce,1,7,0,0,193.101687,258.985284,0,0,0,0,1,1.0000
no_support_check,rare_valid_bounce,1,8,0,0,136.399039,258.985284,0,0,0,0,1,1.0000
no_support_check,rare_valid_bounce,1,9,0,0,132.019925,258.985284,0,0,0,0,1,1.0000
no_support_check,rare_valid_bounce,2,0,0,0,109.074598,258.985284,0,0,0,0,1,1.0000
no_support_check,rare_valid_bounce,2,1,0,0,83.130605,258.985284,0,0,0,0,1,1.0000
no_support_check,rare_valid_bounce,2,2,0,0,88.061042,258.985284,0,0,0,0,1,1.0000
no_support_check,rare_valid_bounce,2,3,0,0,175.259733,258.985284,0,0,0,0,1,1.0000
no_support_check,rare_valid_bounce,2,4,0,0,137.200313,258.985284,0,0,0,0,1,1.0000
no_support_check,rare_valid_bounce,2,5,0,0,258.170207,258.985284,0,0,0,0,1,1.0000
no_support_check,rare_valid_bounce,2,6,0,0,92.800858,258.985284,0,0,0,0,1,1.0000
no_support_check,rare_valid_bounce,2,7,0,0,127.011297,258.985284,0,0,0,0,1,1.0000
no_support_check,rare_valid_bounce,2,8,0,0,234.421752,258.985284,0,0,0,0,1,1.0000
no_support_check,rare_valid_bounce,2,9,0,0,253.768033,258.985284,0,0,0,0,1,1.0000
no_support_check,rare_valid_bounce,3,0,0,0,116.077741,258.985284,0,0,0,0,1,1.0000
no_support_check,rare_valid_bounce,3,1,0,0,144.773317,258.985284,0,0,0,0,1,1.0000
no_support_check,rare_valid_bounce,3,2,0,0,85.581462,258.985284,0,0,0,0,1,1.0000
no_support_check,rare_valid_bounce,3,3,0,0,158.954981,258.985284,0,0,0,0,1,1.0000
no_support_check,rare_valid_bounce,3,4,0,0,190.821325,258.985284,0,0,0,0,1,1.0000
no_support_check,rare_valid_bounce,3,5,0,0,134.752999,258.985284,0,0,0,0,1,1.0000
no_support_check,rare_valid_bounce,3,6,0,0,241.782257,258.985284,0,0,0,0,1,1.0000
no_support_check,rare_valid_bounce,3,7,0,0,200.289454,258.985284,0,0,0,0,1,1.0000
no_support_check,rare_valid_bounce,3,8,0,0,231.835574,258.985284,0,0,0,0,1,1.0000
no_support_check,rare_valid_bounce,3,9,0,0,239.228883,258.985284,0,0,0,0,1,1.0000
no_support_check,rare_valid_bounce,4,0,0,0,301.861064,258.985284,1,0,1,0,0,1.0000
no_support_check,rare_valid_bounce,4,1,0,0,199.977817,258.985284,0,0,0,0,1,1.0000
no_support_check,rare_valid_bounce,4,2,0,0,257.088073,258.985284,0,0,0,0,1,1.0000
no_support_check,rare_valid_bounce,4,3,0,0,274.471744,258.985284,1,0,1,0,0,1.0000
no_support_check,rare_valid_bounce,4,4,0,0,152.036670,258.985284,0,0,0,0,1,1.0000
no_support_check,rare_valid_bounce,4,5,0,0,100.322315,258.985284,0,0,0,0,1,1.0000
no_support_check,rare_valid_bounce,4,6,0,0,194.544703,258.985284,0,0,0,0,1,1.0000
no_support_check,rare_valid_bounce,4,7,0,0,122.619547,258.985284,0,0,0,0,1,1.0000
no_support_check,rare_valid_bounce,4,8,0,0,247.251314,258.985284,0,0,0,0,1,1.0000
no_support_check,rare_valid_bounce,4,9,0,0,179.851233,258.985284,0,0,0,0,1,1.0000
no_support_check,rare_valid_bounce,5,0,0,0,109.723390,258.985284,0,0,0,0,1,1.0000
no_support_check,rare_valid_bounce,5,1,0,0,116.180068,258.985284,0,0,0,0,1,1.0000
no_support_check,rare_valid_bounce,5,2,0,0,141.328945,258.985284,0,0,0,0,1,1.0000
no_support_check,rare_valid_bounce,5,3,0,0,116.565701,258.985284,0,0,0,0,1,1.0000
no_support_check,rare_valid_bounce,5,4,0,0,294.371490,258.985284,1,0,1,0,0,1.0000
no_support_check,rare_valid_bounce,5,5,0,0,70.634558,258.985284,0,0,0,0,1,1.0000
no_support_check,rare_valid_bounce,5,6,0,0,78.404011,258.985284,0,0,0,0,1,1.0000
no_support_check,rare_valid_bounce,5,7,0,0,128.324855,258.985284,0,0,0,0,1,1.0000
no_support_check,rare_valid_bounce,5,8,0,0,191.941506,258.985284,0,0,0,0,1,1.0000
no_support_check,rare_valid_bounce,5,9,0,0,96.424489,258.985284,0,0,0,0,1,1.0000
no_support_check,rare_valid_bounce,6,0,0,0,220.084107,258.985284,0,0,0,0,1,1.0000
no_support_check,rare_valid_bounce,6,1,0,0,140.568717,258.985284,0,0,0,0,1,1.0000
no_support_check,rare_valid_bounce,6,2,0,0,277.065244,258.985284,1,0,1,0,0,1.0000
no_support_check,rare_valid_bounce,6,3,0,0,129.378809,258.985284,0,0,0,0,1,1.0000
no_support_check,rare_valid_bounce,6,4,0,0,143.116152,258.985284,0,0,0,0,1,1.0000
no_support_check,rare_valid_bounce,6,5,0,0,203.321624,258.985284,0,0,0,0,1,1.0000
no_support_check,rare_valid_bounce,6,6,0,0,125.880371,258.985284,0,0,0,0,1,1.0000
no_support_check,rare_valid_bounce,6,7,0,0,195.117328,258.985284,0,0,0,0,1,1.0000
no_support_check,rare_valid_bounce,6,8,0,0,131.810772,258.985284,0,0,0,0,1,1.0000
no_support_check,rare_valid_bounce,6,9,0,0,131.722369,258.985284,0,0,0,0,1,1.0000
no_support_check,rare_valid_bounce,7,0,0,0,154.027921,258.985284,0,0,0,0,1,1.0000
no_support_check,rare_valid_bounce,7,1,0,0,187.666057,258.985284,0,0,0,0,1,1.0000
no_support_check,rare_valid_bounce,7,2,0,0,191.307302,258.985284,0,0,0,0,1,1.0000
no_support_check,rare_valid_bounce,7,3,0,0,138.737811,258.985284,0,0,0,0,1,1.0000
no_support_check,rare_valid_bounce,7,4,0,0,120.933836,258.985284,0,0,0,0,1,1.0000
no_support_check,rare_valid_bounce,7,5,0,0,178.457836,258.985284,0,0,0,0,1,1.0000
no_support_check,rare_valid_bounce,7,6,0,0,107.440557,258.985284,0,0,0,0,1,1.0000
no_support_check,rare_valid_bounce,7,7,0,0,162.538422,258.985284,0,0,0,0,1,1.0000
no_support_check,rare_valid_bounce,7,8,0,0,239.786592,258.985284,0,0,0,0,1,1.0000
no_support_check,rare_valid_bounce,7,9,0,0,157.617031,258.985284,0,0,0,0,1,1.0000
no_energy_check,combined_violation_shift,0,0,1,1,1276.868014,258.911609,1,1,0,0,0,1.0000
no_energy_check,combined_violation_shift,0,1,1,1,713.881033,258.911609,1,1,0,0,0,1.0000
no_energy_check,combined_violation_shift,0,2,1,1,616.919501,258.911609,1,1,0,0,0,1.0000
no_energy_check,combined_violation_shift,0,3,1,1,545.299620,258.911609,1,1,0,0,0,1.0000
no_energy_check,combined_violation_shift,0,4,1,1,421.480341,258.911609,1,1,0,0,0,1.0000
no_energy_check,combined_violation_shift,0,5,1,1,479.828604,258.911609,1,1,0,0,0,1.0000
no_energy_check,combined_violation_shift,0,6,1,1,499.403877,258.911609,1,1,0,0,0,1.0000
no_energy_check,combined_violation_shift,0,7,1,1,924.888588,258.911609,1,1,0,0,0,1.0000
no_energy_check,combined_violation_shift,0,8,1,1,1095.275025,258.911609,1,1,0,0,0,1.0000
no_energy_check,combined_violation_shift,0,9,1,1,1100.651701,258.911609,1,1,0,0,0,1.0000
no_energy_check,combined_violation_shift,1,0,1,1,675.292556,258.911609,1,1,0,0,0,1.0000
no_energy_check,combined_violation_shift,1,1,1,1,739.496441,258.911609,1,1,0,0,0,1.0000
no_energy_check,combined_violation_shift,1,2,1,1,439.502735,258.911609,1,1,0,0,0,1.0000
no_energy_check,combined_violation_shift,1,3,1,1,495.787712,258.911609,1,1,0,0,0,1.0000
no_energy_check,combined_violation_shift,1,4,1,1,657.467390,258.911609,1,1,0,0,0,1.0000
no_energy_check,combined_violation_shift,1,5,1,1,549.298022,258.911609,1,1,0,0,0,1.0000
no_energy_check,combined_violation_shift,1,6,1,1,599.066123,258.911609,1,1,0,0,0,1.0000
no_energy_check,combined_violation_shift,1,7,1,1,871.686534,258.911609,1,1,0,0,0,1.0000
no_energy_check,combined_violation_shift,1,8,1,1,445.495094,258.911609,1,1,0,0,0,1.0000
no_energy_check,combined_violation_shift,1,9,1,1,491.384690,258.911609,1,1,0,0,0,1.0000
no_energy_check,combined_violation_shift,2,0,1,1,679.613342,258.911609,1,1,0,0,0,1.0000
no_energy_check,combined_violation_shift,2,1,1,1,559.302911,258.911609,1,1,0,0,0,1.0000
no_energy_check,combined_violation_shift,2,2,1,1,453.162673,258.911609,1,1,0,0,0,1.0000
no_energy_check,combined_violation_shift,2,3,1,1,539.052275,258.911609,1,1,0,0,0,1.0000
no_energy_check,combined_violation_shift,2,4,1,1,537.680628,258.911609,1,1,0,0,0,1.0000
no_energy_check,combined_violation_shift,2,5,1,1,507.458792,258.911609,1,1,0,0,0,1.0000
no_energy_check,combined_violation_shift,2,6,1,1,750.760030,258.911609,1,1,0,0,0,1.0000
no_energy_check,combined_violation_shift,2,7,1,1,411.658107,258.911609,1,1,0,0,0,1.0000
no_energy_check,combined_violation_shift,2,8,1,1,1179.605841,258.911609,1,1,0,0,0,1.0000
no_energy_check,combined_violation_shift,2,9,1,1,621.765975,258.911609,1,1,0,0,0,1.0000
no_energy_check,combined_violation_shift,3,0,1,1,476.658486,258.911609,1,1,0,0,0,1.0000
no_energy_check,combined_violation_shift,3,1,1,1,437.837338,258.911609,1,1,0,0,0,1.0000
no_energy_check,combined_violation_shift,3,2,1,1,658.978301,258.911609,1,1,0,0,0,1.0000
no_energy_check,combined_violation_shift,3,3,1,1,785.507528,258.911609,1,1,0,0,0,1.0000
no_energy_check,combined_violation_shift,3,4,1,1,608.481595,258.911609,1,1,0,0,0,1.0000
no_energy_check,combined_violation_shift,3,5,1,1,588.647650,258.911609,1,1,0,0,0,1.0000
no_energy_check,combined_violation_shift,3,6,1,1,447.646108,258.911609,1,1,0,0,0,1.0000
no_energy_check,combined_violation_shift,3,7,1,1,777.991507,258.911609,1,1,0,0,0,1.0000
no_energy_check,combined_violation_shift,3,8,1,1,508.755181,258.911609,1,1,0,0,0,1.0000
no_energy_check,combined_violation_shift,3,9,1,1,1027.937155,258.911609,1,1,0,0,0,1.0000
no_energy_check,combined_violation_shift,4,0,1,1,1232.000933,258.911609,1,1,0,0,0,1.0000
no_energy_check,combined_violation_shift,4,1,1,1,973.183811,258.911609,1,1,0,0,0,1.0000
no_energy_check,combined_violation_shift,4,2,1,1,640.660053,258.911609,1,1,0,0,0,1.0000
no_energy_check,combined_violation_shift,4,3,1,1,551.986009,258.911609,1,1,0,0,0,1.0000
no_energy_check,combined_violation_shift,4,4,1,1,467.409771,258.911609,1,1,0,0,0,1.0000
no_energy_check,combined_violation_shift,4,5,1,1,392.022532,258.911609,1,1,0,0,0,1.0000
no_energy_check,combined_violation_shift,4,6,1,1,417.319461,258.911609,1,1,0,0,0,1.0000
no_energy_check,combined_violation_shift,4,7,1,1,1182.626651,258.911609,1,1,0,0,0,1.0000
no_energy_check,combined_violation_shift,4,8,1,1,869.644708,258.911609,1,1,0,0,0,1.0000
no_energy_check,combined_violation_shift,4,9,1,1,489.408629,258.911609,1,1,0,0,0,1.0000
no_energy_check,combined_violation_shift,5,0,1,1,412.787110,258.911609,1,1,0,0,0,1.0000
no_energy_check,combined_violation_shift,5,1,1,1,721.797282,258.911609,1,1,0,0,0,1.0000
no_energy_check,combined_violation_shift,5,2,1,1,742.442852,258.911609,1,1,0,0,0,1.0000
no_energy_check,combined_violation_shift,5,3,1,1,504.953419,258.911609,1,1,0,0,0,1.0000
no_energy_check,combined_violation_shift,5,4,1,1,1318.025643,258.911609,1,1,0,0,0,1.0000
no_energy_check,combined_violation_shift,5,5,1,1,619.234188,258.911609,1,1,0,0,0,1.0000
no_energy_check,combined_violation_shift,5,6,1,1,1103.491232,258.911609,1,1,0,0,0,1.0000
no_energy_check,combined_violation_shift,5,7,1,1,588.321734,258.911609,1,1,0,0,0,1.0000
no_energy_check,combined_violation_shift,5,8,1,1,866.838803,258.911609,1,1,0,0,0,1.0000
no_energy_check,combined_violation_shift,5,9,1,1,704.775259,258.911609,1,1,0,0,0,1.0000
no_energy_check,combined_violation_shift,6,0,1,1,504.981506,258.911609,1,1,0,0,0,1.0000
no_energy_check,combined_violation_shift,6,1,1,1,475.011147,258.911609,1,1,0,0,0,1.0000
no_energy_check,combined_violation_shift,6,2,1,1,383.866776,258.911609,1,1,0,0,0,1.0000
no_energy_check,combined_violation_shift,6,3,1,1,562.157453,258.911609,1,1,0,0,0,1.0000
no_energy_check,combined_violation_shift,6,4,1,1,605.555434,258.911609,1,1,0,0,0,1.0000
no_energy_check,combined_violation_shift,6,5,1,1,809.046896,258.911609,1,1,0,0,0,1.0000
no_energy_check,combined_violation_shift,6,6,1,1,808.231183,258.911609,1,1,0,0,0,1.0000
no_energy_check,combined_violation_shift,6,7,1,1,800.400083,258.911609,1,1,0,0,0,1.0000
no_energy_check,combined_violation_shift,6,8,1,1,597.719185,258.911609,1,1,0,0,0,1.0000
no_energy_check,combined_violation_shift,6,9,1,1,480.694327,258.911609,1,1,0,0,0,1.0000
no_energy_check,combined_violation_shift,7,0,1,1,789.027223,258.911609,1,1,0,0,0,1.0000
no_energy_check,combined_violation_shift,7,1,1,1,596.044609,258.911609,1,1,0,0,0,1.0000
no_energy_check,combined_violation_shift,7,2,1,1,845.009592,258.911609,1,1,0,0,0,1.0000
no_energy_check,combined_violation_shift,7,3,1,1,630.779240,258.911609,1,1,0,0,0,1.0000
no_energy_check,combined_violation_shift,7,4,1,1,932.916688,258.911609,1,1,0,0,0,1.0000
no_energy_check,combined_violation_shift,7,5,1,1,801.980798,258.911609,1,1,0,0,0,1.0000
no_energy_check,combined_violation_shift,7,6,1,1,445.581659,258.911609,1,1,0,0,0,1.0000
no_energy_check,combined_violation_shift,7,7,1,1,482.766914,258.911609,1,1,0,0,0,1.0000
no_energy_check,combined_violation_shift,7,8,1,1,1102.809676,258.911609,1,1,0,0,0,1.0000
no_energy_check,combined_violation_shift,7,9,1,1,496.313670,258.911609,1,1,0,0,0,1.0000
no_energy_check,adversarial_compensated_violation,0,0,1,1,224.946402,258.911609,0,0,0,1,0,1.0000
no_energy_check,adversarial_compensated_violation,0,1,1,1,103.513512,258.911609,0,0,0,1,0,1.0000
no_energy_check,adversarial_compensated_violation,0,2,1,1,399.204296,258.911609,1,1,0,0,0,1.0000
no_energy_check,adversarial_compensated_violation,0,3,1,1,570.531707,258.911609,1,1,0,0,0,1.0000
no_energy_check,adversarial_compensated_violation,0,4,1,1,286.409346,258.911609,1,1,0,0,0,1.0000
no_energy_check,adversarial_compensated_violation,0,5,1,1,191.460292,258.911609,0,0,0,1,0,1.0000
no_energy_check,adversarial_compensated_violation,0,6,1,1,393.780774,258.911609,1,1,0,0,0,1.0000
no_energy_check,adversarial_compensated_violation,0,7,1,1,202.097422,258.911609,0,0,0,1,0,1.0000
no_energy_check,adversarial_compensated_violation,0,8,1,1,518.878626,258.911609,1,1,0,0,0,1.0000
no_energy_check,adversarial_compensated_violation,0,9,1,1,231.664557,258.911609,0,0,0,1,0,1.0000
no_energy_check,adversarial_compensated_violation,1,0,1,1,156.918441,258.911609,0,0,0,1,0,1.0000
no_energy_check,adversarial_compensated_violation,1,1,1,1,230.658257,258.911609,0,0,0,1,0,1.0000
no_energy_check,adversarial_compensated_violation,1,2,1,1,312.051728,258.911609,1,1,0,0,0,1.0000
no_energy_check,adversarial_compensated_violation,1,3,1,1,427.652459,258.911609,1,1,0,0,0,1.0000
no_energy_check,adversarial_compensated_violation,1,4,1,1,618.176737,258.911609,1,1,0,0,0,1.0000
no_energy_check,adversarial_compensated_violation,1,5,1,1,335.202503,258.911609,1,1,0,0,0,1.0000
no_energy_check,adversarial_compensated_violation,1,6,1,1,446.556067,258.911609,1,1,0,0,0,1.0000
no_energy_check,adversarial_compensated_violation,1,7,1,1,483.725619,258.911609,1,1,0,0,0,1.0000
no_energy_check,adversarial_compensated_violation,1,8,1,1,278.107764,258.911609,1,1,0,0,0,1.0000
no_energy_check,adversarial_compensated_violation,1,9,1,1,287.806573,258.911609,1,1,0,0,0,1.0000
no_energy_check,adversarial_compensated_violation,2,0,1,1,180.210072,258.911609,0,0,0,1,0,1.0000
no_energy_check,adversarial_compensated_violation,2,1,1,1,189.267024,258.911609,0,0,0,1,0,1.0000
no_energy_check,adversarial_compensated_violation,2,2,1,1,248.673556,258.911609,0,0,0,1,0,1.0000
no_energy_check,adversarial_compensated_violation,2,3,1,1,331.731137,258.911609,1,1,0,0,0,1.0000
no_energy_check,adversarial_compensated_violation,2,4,1,1,327.633847,258.911609,1,1,0,0,0,1.0000
no_energy_check,adversarial_compensated_violation,2,5,1,1,594.348331,258.911609,1,1,0,0,0,1.0000
no_energy_check,adversarial_compensated_violation,2,6,1,1,77.943866,258.911609,0,0,0,1,0,1.0000
no_energy_check,adversarial_compensated_violation,2,7,1,1,265.057310,258.911609,1,1,0,0,0,1.0000
no_energy_check,adversarial_compensated_violation,2,8,1,1,589.512096,258.911609,1,1,0,0,0,1.0000
no_energy_check,adversarial_compensated_violation,2,9,1,1,547.278252,258.911609,1,1,0,0,0,1.0000
no_energy_check,adversarial_compensated_violation,3,0,1,1,83.731198,258.911609,0,0,0,1,0,1.0000
no_energy_check,adversarial_compensated_violation,3,1,1,1,243.934942,258.911609,0,0,0,1,0,1.0000
no_energy_check,adversarial_compensated_violation,3,2,1,1,73.302709,258.911609,0,0,0,1,0,1.0000
no_energy_check,adversarial_compensated_violation,3,3,1,1,385.737356,258.911609,1,1,0,0,0,1.0000
no_energy_check,adversarial_compensated_violation,3,4,1,1,133.319929,258.911609,0,0,0,1,0,1.0000
no_energy_check,adversarial_compensated_violation,3,5,1,1,198.885673,258.911609,0,0,0,1,0,1.0000
no_energy_check,adversarial_compensated_violation,3,6,1,1,438.416673,258.911609,1,1,0,0,0,1.0000
no_energy_check,adversarial_compensated_violation,3,7,1,1,351.479096,258.911609,1,1,0,0,0,1.0000
no_energy_check,adversarial_compensated_violation,3,8,1,1,481.470117,258.911609,1,1,0,0,0,1.0000
no_energy_check,adversarial_compensated_violation,3,9,1,1,559.190779,258.911609,1,1,0,0,0,1.0000
no_energy_check,adversarial_compensated_violation,4,0,1,1,677.759207,258.911609,1,1,0,0,0,1.0000
no_energy_check,adversarial_compensated_violation,4,1,1,1,476.946393,258.911609,1,1,0,0,0,1.0000
no_energy_check,adversarial_compensated_violation,4,2,1,1,672.108469,258.911609,1,1,0,0,0,1.0000
no_energy_check,adversarial_compensated_violation,4,3,1,1,580.735050,258.911609,1,1,0,0,0,1.0000
no_energy_check,adversarial_compensated_violation,4,4,1,1,347.582511,258.911609,1,1,0,0,0,1.0000
no_energy_check,adversarial_compensated_violation,4,5,1,1,186.186664,258.911609,0,0,0,1,0,1.0000
no_energy_check,adversarial_compensated_violation,4,6,1,1,122.340492,258.911609,0,0,0,1,0,1.0000
no_energy_check,adversarial_compensated_violation,4,7,1,1,386.286304,258.911609,1,1,0,0,0,1.0000
no_energy_check,adversarial_compensated_violation,4,8,1,1,617.765869,258.911609,1,1,0,0,0,1.0000
no_energy_check,adversarial_compensated_violation,4,9,1,1,295.389004,258.911609,1,1,0,0,0,1.0000
no_energy_check,adversarial_compensated_violation,5,0,1,1,267.298071,258.911609,1,1,0,0,0,1.0000
no_energy_check,adversarial_compensated_violation,5,1,1,1,115.674752,258.911609,0,0,0,1,0,1.0000
no_energy_check,adversarial_compensated_violation,5,2,1,1,222.716907,258.911609,0,0,0,1,0,1.0000
no_energy_check,adversarial_compensated_violation,5,3,1,1,223.954714,258.911609,0,0,0,1,0,1.0000
no_energy_check,adversarial_compensated_violation,5,4,1,1,503.872925,258.911609,1,1,0,0,0,1.0000
no_energy_check,adversarial_compensated_violation,5,5,1,1,197.333854,258.911609,0,0,0,1,0,1.0000
no_energy_check,adversarial_compensated_violation,5,6,1,1,207.892135,258.911609,0,0,0,1,0,1.0000
no_energy_check,adversarial_compensated_violation,5,7,1,1,125.226415,258.911609,0,0,0,1,0,1.0000
no_energy_check,adversarial_compensated_violation,5,8,1,1,435.725918,258.911609,1,1,0,0,0,1.0000
no_energy_check,adversarial_compensated_violation,5,9,1,1,65.663929,258.911609,0,0,0,1,0,1.0000
no_energy_check,adversarial_compensated_violation,6,0,1,1,485.180936,258.911609,1,1,0,0,0,1.0000
no_energy_check,adversarial_compensated_violation,6,1,1,1,240.073634,258.911609,0,0,0,1,0,1.0000
no_energy_check,adversarial_compensated_violation,6,2,1,1,522.365526,258.911609,1,1,0,0,0,1.0000
no_energy_check,adversarial_compensated_violation,6,3,1,1,230.731231,258.911609,0,0,0,1,0,1.0000
no_energy_check,adversarial_compensated_violation,6,4,1,1,217.605888,258.911609,0,0,0,1,0,1.0000
no_energy_check,adversarial_compensated_violation,6,5,1,1,443.733805,258.911609,1,1,0,0,0,1.0000
no_energy_check,adversarial_compensated_violation,6,6,1,1,228.548513,258.911609,0,0,0,1,0,1.0000
no_energy_check,adversarial_compensated_violation,6,7,1,1,394.363434,258.911609,1,1,0,0,0,1.0000
no_energy_check,adversarial_compensated_violation,6,8,1,1,240.817516,258.911609,0,0,0,1,0,1.0000
no_energy_check,adversarial_compensated_violation,6,9,1,1,309.792414,258.911609,1,1,0,0,0,1.0000
no_energy_check,adversarial_compensated_violation,7,0,1,1,189.061096,258.911609,0,0,0,1,0,1.0000
no_energy_check,adversarial_compensated_violation,7,1,1,1,382.657006,258.911609,1,1,0,0,0,1.0000
no_energy_check,adversarial_compensated_violation,7,2,1,1,413.785681,258.911609,1,1,0,0,0,1.0000
no_energy_check,adversarial_compensated_violation,7,3,1,1,273.460912,258.911609,1,1,0,0,0,1.0000
no_energy_check,adversarial_compensated_violation,7,4,1,1,272.944187,258.911609,1,1,0,0,0,1.0000
no_energy_check,adversarial_compensated_violation,7,5,1,1,392.382377,258.911609,1,1,0,0,0,1.0000
no_energy_check,adversarial_compensated_violation,7,6,1,1,233.221229,258.911609,0,0,0,1,0,1.0000
no_energy_check,adversarial_compensated_violation,7,7,1,1,243.338387,258.911609,0,0,0,1,0,1.0000
no_energy_check,adversarial_compensated_violation,7,8,1,1,550.996983,258.911609,1,1,0,0,0,1.0000
no_energy_check,adversarial_compensated_violation,7,9,1,1,332.446993,258.911609,1,1,0,0,0,1.0000
no_energy_check,mixed_near_threshold,0,0,1,1,199.760724,258.911609,0,0,0,1,0,1.0000
no_energy_check,mixed_near_threshold,0,1,1,1,48.126060,258.911609,0,0,0,1,0,1.0000
no_energy_check,mixed_near_threshold,0,2,1,1,103.265998,258.911609,0,0,0,1,0,1.0000
no_energy_check,mixed_near_threshold,0,3,1,1,80.612001,258.911609,0,0,0,1,0,1.0000
no_energy_check,mixed_near_threshold,0,4,1,1,26.320419,258.911609,0,0,0,1,0,1.0000
no_energy_check,mixed_near_threshold,0,5,1,1,80.078813,258.911609,0,0,0,1,0,1.0000
no_energy_check,mixed_near_threshold,0,6,1,1,31.442578,258.911609,0,0,0,1,0,1.0000
no_energy_check,mixed_near_threshold,0,7,1,1,49.501984,258.911609,0,0,0,1,0,1.0000
no_energy_check,mixed_near_threshold,0,8,1,1,196.032223,258.911609,0,0,0,1,0,1.0000
no_energy_check,mixed_near_threshold,0,9,1,1,166.029003,258.911609,0,0,0,1,0,1.0000
no_energy_check,mixed_near_threshold,1,0,1,1,45.206836,258.911609,0,0,0,1,0,1.0000
no_energy_check,mixed_near_threshold,1,1,1,1,93.129428,258.911609,0,0,0,1,0,1.0000
no_energy_check,mixed_near_threshold,1,2,1,1,24.809336,258.911609,0,0,0,1,0,1.0000
no_energy_check,mixed_near_threshold,1,3,1,1,39.565759,258.911609,0,0,0,1,0,1.0000
no_energy_check,mixed_near_threshold,1,4,1,1,108.382644,258.911609,0,0,0,1,0,1.0000
no_energy_check,mixed_near_threshold,1,5,1,1,87.520904,258.911609,0,0,0,1,0,1.0000
no_energy_check,mixed_near_threshold,1,6,1,1,44.696108,258.911609,0,0,0,1,0,1.0000
no_energy_check,mixed_near_threshold,1,7,1,1,141.008833,258.911609,0,0,0,1,0,1.0000
no_energy_check,mixed_near_threshold,1,8,1,1,34.587101,258.911609,0,0,0,1,0,1.0000
no_energy_check,mixed_near_threshold,1,9,1,1,41.882340,258.911609,0,0,0,1,0,1.0000
no_energy_check,mixed_near_threshold,2,0,1,1,110.601281,258.911609,0,0,0,1,0,1.0000
no_energy_check,mixed_near_threshold,2,1,1,1,50.798695,258.911609,0,0,0,1,0,1.0000
no_energy_check,mixed_near_threshold,2,2,1,1,27.372543,258.911609,0,0,0,1,0,1.0000
no_energy_check,mixed_near_threshold,2,3,1,1,28.542100,258.911609,0,0,0,1,0,1.0000
no_energy_check,mixed_near_threshold,2,4,1,1,104.409752,258.911609,0,0,0,1,0,1.0000
no_energy_check,mixed_near_threshold,2,5,1,1,80.618375,258.911609,0,0,0,1,0,1.0000
no_energy_check,mixed_near_threshold,2,6,1,1,52.736354,258.911609,0,0,0,1,0,1.0000
no_energy_check,mixed_near_threshold,2,7,1,1,56.347233,258.911609,0,0,0,1,0,1.0000
no_energy_check,mixed_near_threshold,2,8,1,1,84.615858,258.911609,0,0,0,1,0,1.0000
no_energy_check,mixed_near_threshold,2,9,1,1,47.931530,258.911609,0,0,0,1,0,1.0000
no_energy_check,mixed_near_threshold,3,0,1,1,22.209005,258.911609,0,0,0,1,0,1.0000
no_energy_check,mixed_near_threshold,3,1,1,1,25.054404,258.911609,0,0,0,1,0,1.0000
no_energy_check,mixed_near_threshold,3,2,1,1,61.524541,258.911609,0,0,0,1,0,1.0000
no_energy_check,mixed_near_threshold,3,3,1,1,123.079646,258.911609,0,0,0,1,0,1.0000
no_energy_check,mixed_near_threshold,3,4,1,1,44.256339,258.911609,0,0,0,1,0,1.0000
no_energy_check,mixed_near_threshold,3,5,1,1,86.984384,258.911609,0,0,0,1,0,1.0000
no_energy_check,mixed_near_threshold,3,6,1,1,33.323463,258.911609,0,0,0,1,0,1.0000
no_energy_check,mixed_near_threshold,3,7,1,1,124.025699,258.911609,0,0,0,1,0,1.0000
no_energy_check,mixed_near_threshold,3,8,1,1,38.389278,258.911609,0,0,0,1,0,1.0000
no_energy_check,mixed_near_threshold,3,9,1,1,141.517974,258.911609,0,0,0,1,0,1.0000
no_energy_check,mixed_near_threshold,4,0,1,1,159.222102,258.911609,0,0,0,1,0,1.0000
no_energy_check,mixed_near_threshold,4,1,1,1,122.664615,258.911609,0,0,0,1,0,1.0000
no_energy_check,mixed_near_threshold,4,2,1,1,76.436864,258.911609,0,0,0,1,0,1.0000
no_energy_check,mixed_near_threshold,4,3,1,1,45.672064,258.911609,0,0,0,1,0,1.0000
no_energy_check,mixed_near_threshold,4,4,1,1,30.953891,258.911609,0,0,0,1,0,1.0000
no_energy_check,mixed_near_threshold,4,5,1,1,20.736620,258.911609,0,0,0,1,0,1.0000
no_energy_check,mixed_near_threshold,4,6,1,1,29.764561,258.911609,0,0,0,1,0,1.0000
no_energy_check,mixed_near_threshold,4,7,1,1,209.181260,258.911609,0,0,0,1,0,1.0000
no_energy_check,mixed_near_threshold,4,8,1,1,61.084832,258.911609,0,0,0,1,0,1.0000
no_energy_check,mixed_near_threshold,4,9,1,1,87.291026,258.911609,0,0,0,1,0,1.0000
no_energy_check,mixed_near_threshold,5,0,1,1,27.243930,258.911609,0,0,0,1,0,1.0000
no_energy_check,mixed_near_threshold,5,1,1,1,55.842125,258.911609,0,0,0,1,0,1.0000
no_energy_check,mixed_near_threshold,5,2,1,1,44.100858,258.911609,0,0,0,1,0,1.0000
no_energy_check,mixed_near_threshold,5,3,1,1,82.440414,258.911609,0,0,0,1,0,1.0000
no_energy_check,mixed_near_threshold,5,4,1,1,151.509335,258.911609,0,0,0,1,0,1.0000
no_energy_check,mixed_near_threshold,5,5,1,1,50.458497,258.911609,0,0,0,1,0,1.0000
no_energy_check,mixed_near_threshold,5,6,1,1,177.339431,258.911609,0,0,0,1,0,1.0000
no_energy_check,mixed_near_threshold,5,7,1,1,72.937578,258.911609,0,0,0,1,0,1.0000
no_energy_check,mixed_near_threshold,5,8,1,1,69.706406,258.911609,0,0,0,1,0,1.0000
no_energy_check,mixed_near_threshold,5,9,1,1,92.782669,258.911609,0,0,0,1,0,1.0000
no_energy_check,mixed_near_threshold,6,0,1,1,37.853067,258.911609,0,0,0,1,0,1.0000
no_energy_check,mixed_near_threshold,6,1,1,1,31.162705,258.911609,0,0,0,1,0,1.0000
no_energy_check,mixed_near_threshold,6,2,1,1,23.526571,258.911609,0,0,0,1,0,1.0000
no_energy_check,mixed_near_threshold,6,3,1,1,101.300182,258.911609,0,0,0,1,0,1.0000
no_energy_check,mixed_near_threshold,6,4,1,1,41.922453,258.911609,0,0,0,1,0,1.0000
no_energy_check,mixed_near_threshold,6,5,1,1,130.206297,258.911609,0,0,0,1,0,1.0000
no_energy_check,mixed_near_threshold,6,6,1,1,122.251778,258.911609,0,0,0,1,0,1.0000
no_energy_check,mixed_near_threshold,6,7,1,1,47.027567,258.911609,0,0,0,1,0,1.0000
no_energy_check,mixed_near_threshold,6,8,1,1,26.835133,258.911609,0,0,0,1,0,1.0000
no_energy_check,mixed_near_threshold,6,9,1,1,43.640648,258.911609,0,0,0,1,0,1.0000
no_energy_check,mixed_near_threshold,7,0,1,1,109.954336,258.911609,0,0,0,1,0,1.0000
no_energy_check,mixed_near_threshold,7,1,1,1,38.744209,258.911609,0,0,0,1,0,1.0000
no_energy_check,mixed_near_threshold,7,2,1,1,60.398747,258.911609,0,0,0,1,0,1.0000
no_energy_check,mixed_near_threshold,7,3,1,1,48.667547,258.911609,0,0,0,1,0,1.0000
no_energy_check,mixed_near_threshold,7,4,1,1,74.989304,258.911609,0,0,0,1,0,1.0000
no_energy_check,mixed_near_threshold,7,5,1,1,116.712902,258.911609,0,0,0,1,0,1.0000
no_energy_check,mixed_near_threshold,7,6,1,1,29.404074,258.911609,0,0,0,1,0,1.0000
no_energy_check,mixed_near_threshold,7,7,1,1,40.079861,258.911609,0,0,0,1,0,1.0000
no_energy_check,mixed_near_threshold,7,8,1,1,165.227470,258.911609,0,0,0,1,0,1.0000
no_energy_check,mixed_near_threshold,7,9,1,1,32.301121,258.911609,0,0,0,1,0,1.0000
no_energy_check,rare_valid_bounce,0,0,0,0,158.740653,258.911609,0,0,0,0,1,1.0000
no_energy_check,rare_valid_bounce,0,1,0,0,116.827930,258.911609,0,0,0,0,1,1.0000
no_energy_check,rare_valid_bounce,0,2,0,0,194.628854,258.911609,0,0,0,0,1,1.0000
no_energy_check,rare_valid_bounce,0,3,0,0,228.695060,258.911609,0,0,0,0,1,1.0000
no_energy_check,rare_valid_bounce,0,4,0,0,149.712294,258.911609,0,0,0,0,1,1.0000
no_energy_check,rare_valid_bounce,0,5,0,0,143.805801,258.911609,0,0,0,0,1,1.0000
no_energy_check,rare_valid_bounce,0,6,0,0,205.716083,258.911609,0,0,0,0,1,1.0000
no_energy_check,rare_valid_bounce,0,7,0,0,112.767335,258.911609,0,0,0,0,1,1.0000
no_energy_check,rare_valid_bounce,0,8,0,0,244.405011,258.911609,0,0,0,0,1,1.0000
no_energy_check,rare_valid_bounce,0,9,0,0,142.231415,258.911609,0,0,0,0,1,1.0000
no_energy_check,rare_valid_bounce,1,0,0,0,185.776797,258.911609,0,0,0,0,1,1.0000
no_energy_check,rare_valid_bounce,1,1,0,0,106.760849,258.911609,0,0,0,0,1,1.0000
no_energy_check,rare_valid_bounce,1,2,0,0,170.168795,258.911609,0,0,0,0,1,1.0000
no_energy_check,rare_valid_bounce,1,3,0,0,186.081787,258.911609,0,0,0,0,1,1.0000
no_energy_check,rare_valid_bounce,1,4,0,0,202.582666,258.911609,0,0,0,0,1,1.0000
no_energy_check,rare_valid_bounce,1,5,0,0,166.262534,258.911609,0,0,0,0,1,1.0000
no_energy_check,rare_valid_bounce,1,6,0,0,183.349359,258.911609,0,0,0,0,1,1.0000
no_energy_check,rare_valid_bounce,1,7,0,0,193.046884,258.911609,0,0,0,0,1,1.0000
no_energy_check,rare_valid_bounce,1,8,0,0,136.301356,258.911609,0,0,0,0,1,1.0000
no_energy_check,rare_valid_bounce,1,9,0,0,131.879044,258.911609,0,0,0,0,1,1.0000
no_energy_check,rare_valid_bounce,2,0,0,0,108.804136,258.911609,0,0,0,0,1,1.0000
no_energy_check,rare_valid_bounce,2,1,0,0,83.050009,258.911609,0,0,0,0,1,1.0000
no_energy_check,rare_valid_bounce,2,2,0,0,87.960028,258.911609,0,0,0,0,1,1.0000
no_energy_check,rare_valid_bounce,2,3,0,0,175.183451,258.911609,0,0,0,0,1,1.0000
no_energy_check,rare_valid_bounce,2,4,0,0,137.121000,258.911609,0,0,0,0,1,1.0000
no_energy_check,rare_valid_bounce,2,5,0,0,258.097893,258.911609,0,0,0,0,1,1.0000
no_energy_check,rare_valid_bounce,2,6,0,0,92.690136,258.911609,0,0,0,0,1,1.0000
no_energy_check,rare_valid_bounce,2,7,0,0,126.900859,258.911609,0,0,0,0,1,1.0000
no_energy_check,rare_valid_bounce,2,8,0,0,234.350411,258.911609,0,0,0,0,1,1.0000
no_energy_check,rare_valid_bounce,2,9,0,0,253.671460,258.911609,0,0,0,0,1,1.0000
no_energy_check,rare_valid_bounce,3,0,0,0,115.913168,258.911609,0,0,0,0,1,1.0000
no_energy_check,rare_valid_bounce,3,1,0,0,144.617350,258.911609,0,0,0,0,1,1.0000
no_energy_check,rare_valid_bounce,3,2,0,0,85.504439,258.911609,0,0,0,0,1,1.0000
no_energy_check,rare_valid_bounce,3,3,0,0,158.871589,258.911609,0,0,0,0,1,1.0000
no_energy_check,rare_valid_bounce,3,4,0,0,190.625476,258.911609,0,0,0,0,1,1.0000
no_energy_check,rare_valid_bounce,3,5,0,0,134.566555,258.911609,0,0,0,0,1,1.0000
no_energy_check,rare_valid_bounce,3,6,0,0,241.709902,258.911609,0,0,0,0,1,1.0000
no_energy_check,rare_valid_bounce,3,7,0,0,200.217387,258.911609,0,0,0,0,1,1.0000
no_energy_check,rare_valid_bounce,3,8,0,0,231.766278,258.911609,0,0,0,0,1,1.0000
no_energy_check,rare_valid_bounce,3,9,0,0,239.144473,258.911609,0,0,0,0,1,1.0000
no_energy_check,rare_valid_bounce,4,0,0,0,301.791506,258.911609,1,0,1,0,0,1.0000
no_energy_check,rare_valid_bounce,4,1,0,0,199.893997,258.911609,0,0,0,0,1,1.0000
no_energy_check,rare_valid_bounce,4,2,0,0,257.018922,258.911609,0,0,0,0,1,1.0000
no_energy_check,rare_valid_bounce,4,3,0,0,274.372205,258.911609,1,0,1,0,0,1.0000
no_energy_check,rare_valid_bounce,4,4,0,0,151.943626,258.911609,0,0,0,0,1,1.0000
no_energy_check,rare_valid_bounce,4,5,0,0,100.192300,258.911609,0,0,0,0,1,1.0000
no_energy_check,rare_valid_bounce,4,6,0,0,194.156745,258.911609,0,0,0,0,1,1.0000
no_energy_check,rare_valid_bounce,4,7,0,0,122.516276,258.911609,0,0,0,0,1,1.0000
no_energy_check,rare_valid_bounce,4,8,0,0,247.181148,258.911609,0,0,0,0,1,1.0000
no_energy_check,rare_valid_bounce,4,9,0,0,179.773098,258.911609,0,0,0,0,1,1.0000
no_energy_check,rare_valid_bounce,5,0,0,0,109.641026,258.911609,0,0,0,0,1,1.0000
no_energy_check,rare_valid_bounce,5,1,0,0,115.728543,258.911609,0,0,0,0,1,1.0000
no_energy_check,rare_valid_bounce,5,2,0,0,141.208649,258.911609,0,0,0,0,1,1.0000
no_energy_check,rare_valid_bounce,5,3,0,0,116.393596,258.911609,0,0,0,0,1,1.0000
no_energy_check,rare_valid_bounce,5,4,0,0,294.279751,258.911609,1,0,1,0,0,1.0000
no_energy_check,rare_valid_bounce,5,5,0,0,69.528025,258.911609,0,0,0,0,1,1.0000
no_energy_check,rare_valid_bounce,5,6,0,0,78.347217,258.911609,0,0,0,0,1,1.0000
no_energy_check,rare_valid_bounce,5,7,0,0,128.254416,258.911609,0,0,0,0,1,1.0000
no_energy_check,rare_valid_bounce,5,8,0,0,191.864098,258.911609,0,0,0,0,1,1.0000
no_energy_check,rare_valid_bounce,5,9,0,0,96.332425,258.911609,0,0,0,0,1,1.0000
no_energy_check,rare_valid_bounce,6,0,0,0,220.000352,258.911609,0,0,0,0,1,1.0000
no_energy_check,rare_valid_bounce,6,1,0,0,140.420439,258.911609,0,0,0,0,1,1.0000
no_energy_check,rare_valid_bounce,6,2,0,0,276.998314,258.911609,1,0,1,0,0,1.0000
no_energy_check,rare_valid_bounce,6,3,0,0,128.435707,258.911609,0,0,0,0,1,1.0000
no_energy_check,rare_valid_bounce,6,4,0,0,142.734485,258.911609,0,0,0,0,1,1.0000
no_energy_check,rare_valid_bounce,6,5,0,0,203.237751,258.911609,0,0,0,0,1,1.0000
no_energy_check,rare_valid_bounce,6,6,0,0,125.788981,258.911609,0,0,0,0,1,1.0000
no_energy_check,rare_valid_bounce,6,7,0,0,195.028958,258.911609,0,0,0,0,1,1.0000
no_energy_check,rare_valid_bounce,6,8,0,0,131.709625,258.911609,0,0,0,0,1,1.0000
no_energy_check,rare_valid_bounce,6,9,0,0,131.593188,258.911609,0,0,0,0,1,1.0000
no_energy_check,rare_valid_bounce,7,0,0,0,153.233915,258.911609,0,0,0,0,1,1.0000
no_energy_check,rare_valid_bounce,7,1,0,0,187.594028,258.911609,0,0,0,0,1,1.0000
no_energy_check,rare_valid_bounce,7,2,0,0,191.222235,258.911609,0,0,0,0,1,1.0000
no_energy_check,rare_valid_bounce,7,3,0,0,138.661493,258.911609,0,0,0,0,1,1.0000
no_energy_check,rare_valid_bounce,7,4,0,0,120.840688,258.911609,0,0,0,0,1,1.0000
no_energy_check,rare_valid_bounce,7,5,0,0,178.134491,258.911609,0,0,0,0,1,1.0000
no_energy_check,rare_valid_bounce,7,6,0,0,107.340050,258.911609,0,0,0,0,1,1.0000
no_energy_check,rare_valid_bounce,7,7,0,0,162.394182,258.911609,0,0,0,0,1,1.0000
no_energy_check,rare_valid_bounce,7,8,0,0,239.711824,258.911609,0,0,0,0,1,1.0000
no_energy_check,rare_valid_bounce,7,9,0,0,157.421467,258.911609,0,0,0,0,1,1.0000
no_friction_slip_check,combined_violation_shift,0,0,1,1,13.972714,4.756569,1,1,0,0,0,1.0000
no_friction_slip_check,combined_violation_shift,0,1,1,1,14.032876,4.756569,1,1,0,0,0,1.0000
no_friction_slip_check,combined_violation_shift,0,2,1,1,13.367706,4.756569,1,1,0,0,0,1.0000
no_friction_slip_check,combined_violation_shift,0,3,1,1,13.732541,4.756569,1,1,0,0,0,1.0000
no_friction_slip_check,combined_violation_shift,0,4,1,1,14.277656,4.756569,1,1,0,0,0,1.0000
no_friction_slip_check,combined_violation_shift,0,5,1,1,13.670859,4.756569,1,1,0,0,0,1.0000
no_friction_slip_check,combined_violation_shift,0,6,1,1,15.104543,4.756569,1,1,0,0,0,1.0000
no_friction_slip_check,combined_violation_shift,0,7,1,1,14.096754,4.756569,1,1,0,0,0,1.0000
no_friction_slip_check,combined_violation_shift,0,8,1,1,15.282115,4.756569,1,1,0,0,0,1.0000
no_friction_slip_check,combined_violation_shift,0,9,1,1,14.510158,4.756569,1,1,0,0,0,1.0000
no_friction_slip_check,combined_violation_shift,1,0,1,1,13.797411,4.756569,1,1,0,0,0,1.0000
no_friction_slip_check,combined_violation_shift,1,1,1,1,13.787514,4.756569,1,1,0,0,0,1.0000
no_friction_slip_check,combined_violation_shift,1,2,1,1,13.623216,4.756569,1,1,0,0,0,1.0000
no_friction_slip_check,combined_violation_shift,1,3,1,1,14.257516,4.756569,1,1,0,0,0,1.0000
no_friction_slip_check,combined_violation_shift,1,4,1,1,13.965440,4.756569,1,1,0,0,0,1.0000
no_friction_slip_check,combined_violation_shift,1,5,1,1,13.925019,4.756569,1,1,0,0,0,1.0000
no_friction_slip_check,combined_violation_shift,1,6,1,1,13.258619,4.756569,1,1,0,0,0,1.0000
no_friction_slip_check,combined_violation_shift,1,7,1,1,14.435800,4.756569,1,1,0,0,0,1.0000
no_friction_slip_check,combined_violation_shift,1,8,1,1,13.728939,4.756569,1,1,0,0,0,1.0000
no_friction_slip_check,combined_violation_shift,1,9,1,1,14.613687,4.756569,1,1,0,0,0,1.0000
no_friction_slip_check,combined_violation_shift,2,0,1,1,14.182819,4.756569,1,1,0,0,0,1.0000
no_friction_slip_check,combined_violation_shift,2,1,1,1,14.395120,4.756569,1,1,0,0,0,1.0000
no_friction_slip_check,combined_violation_shift,2,2,1,1,14.621685,4.756569,1,1,0,0,0,1.0000
no_friction_slip_check,combined_violation_shift,2,3,1,1,14.519839,4.756569,1,1,0,0,0,1.0000
no_friction_slip_check,combined_violation_shift,2,4,1,1,13.440203,4.756569,1,1,0,0,0,1.0000
no_friction_slip_check,combined_violation_shift,2,5,1,1,13.646903,4.756569,1,1,0,0,0,1.0000
no_friction_slip_check,combined_violation_shift,2,6,1,1,13.839828,4.756569,1,1,0,0,0,1.0000
no_friction_slip_check,combined_violation_shift,2,7,1,1,13.792498,4.756569,1,1,0,0,0,1.0000
no_friction_slip_check,combined_violation_shift,2,8,1,1,13.968206,4.756569,1,1,0,0,0,1.0000
no_friction_slip_check,combined_violation_shift,2,9,1,1,13.595263,4.756569,1,1,0,0,0,1.0000
no_friction_slip_check,combined_violation_shift,3,0,1,1,14.370088,4.756569,1,1,0,0,0,1.0000
no_friction_slip_check,combined_violation_shift,3,1,1,1,13.053300,4.756569,1,1,0,0,0,1.0000
no_friction_slip_check,combined_violation_shift,3,2,1,1,13.679025,4.756569,1,1,0,0,0,1.0000
no_friction_slip_check,combined_violation_shift,3,3,1,1,14.311437,4.756569,1,1,0,0,0,1.0000
no_friction_slip_check,combined_violation_shift,3,4,1,1,13.542689,4.756569,1,1,0,0,0,1.0000
no_friction_slip_check,combined_violation_shift,3,5,1,1,13.752581,4.756569,1,1,0,0,0,1.0000
no_friction_slip_check,combined_violation_shift,3,6,1,1,13.992039,4.756569,1,1,0,0,0,1.0000
no_friction_slip_check,combined_violation_shift,3,7,1,1,13.834921,4.756569,1,1,0,0,0,1.0000
no_friction_slip_check,combined_violation_shift,3,8,1,1,13.398543,4.756569,1,1,0,0,0,1.0000
no_friction_slip_check,combined_violation_shift,3,9,1,1,14.664816,4.756569,1,1,0,0,0,1.0000
no_friction_slip_check,combined_violation_shift,4,0,1,1,13.538718,4.756569,1,1,0,0,0,1.0000
no_friction_slip_check,combined_violation_shift,4,1,1,1,13.527977,4.756569,1,1,0,0,0,1.0000
no_friction_slip_check,combined_violation_shift,4,2,1,1,14.223759,4.756569,1,1,0,0,0,1.0000
no_friction_slip_check,combined_violation_shift,4,3,1,1,13.718161,4.756569,1,1,0,0,0,1.0000
no_friction_slip_check,combined_violation_shift,4,4,1,1,13.998683,4.756569,1,1,0,0,0,1.0000
no_friction_slip_check,combined_violation_shift,4,5,1,1,13.568101,4.756569,1,1,0,0,0,1.0000
no_friction_slip_check,combined_violation_shift,4,6,1,1,13.603725,4.756569,1,1,0,0,0,1.0000
no_friction_slip_check,combined_violation_shift,4,7,1,1,13.695564,4.756569,1,1,0,0,0,1.0000
no_friction_slip_check,combined_violation_shift,4,8,1,1,14.063469,4.756569,1,1,0,0,0,1.0000
no_friction_slip_check,combined_violation_shift,4,9,1,1,13.182628,4.756569,1,1,0,0,0,1.0000
no_friction_slip_check,combined_violation_shift,5,0,1,1,13.790881,4.756569,1,1,0,0,0,1.0000
no_friction_slip_check,combined_violation_shift,5,1,1,1,13.668598,4.756569,1,1,0,0,0,1.0000
no_friction_slip_check,combined_violation_shift,5,2,1,1,14.473810,4.756569,1,1,0,0,0,1.0000
no_friction_slip_check,combined_violation_shift,5,3,1,1,13.804906,4.756569,1,1,0,0,0,1.0000
no_friction_slip_check,combined_violation_shift,5,4,1,1,14.417743,4.756569,1,1,0,0,0,1.0000
no_friction_slip_check,combined_violation_shift,5,5,1,1,13.776915,4.756569,1,1,0,0,0,1.0000
no_friction_slip_check,combined_violation_shift,5,6,1,1,13.856747,4.756569,1,1,0,0,0,1.0000
no_friction_slip_check,combined_violation_shift,5,7,1,1,13.329728,4.756569,1,1,0,0,0,1.0000
no_friction_slip_check,combined_violation_shift,5,8,1,1,13.601214,4.756569,1,1,0,0,0,1.0000
no_friction_slip_check,combined_violation_shift,5,9,1,1,14.243216,4.756569,1,1,0,0,0,1.0000
no_friction_slip_check,combined_violation_shift,6,0,1,1,13.900093,4.756569,1,1,0,0,0,1.0000
no_friction_slip_check,combined_violation_shift,6,1,1,1,13.546156,4.756569,1,1,0,0,0,1.0000
no_friction_slip_check,combined_violation_shift,6,2,1,1,13.401996,4.756569,1,1,0,0,0,1.0000
no_friction_slip_check,combined_violation_shift,6,3,1,1,13.273211,4.756569,1,1,0,0,0,1.0000
no_friction_slip_check,combined_violation_shift,6,4,1,1,14.053731,4.756569,1,1,0,0,0,1.0000
no_friction_slip_check,combined_violation_shift,6,5,1,1,14.812481,4.756569,1,1,0,0,0,1.0000
no_friction_slip_check,combined_violation_shift,6,6,1,1,14.133769,4.756569,1,1,0,0,0,1.0000
no_friction_slip_check,combined_violation_shift,6,7,1,1,13.820499,4.756569,1,1,0,0,0,1.0000
no_friction_slip_check,combined_violation_shift,6,8,1,1,14.881738,4.756569,1,1,0,0,0,1.0000
no_friction_slip_check,combined_violation_shift,6,9,1,1,13.944325,4.756569,1,1,0,0,0,1.0000
no_friction_slip_check,combined_violation_shift,7,0,1,1,13.340588,4.756569,1,1,0,0,0,1.0000
no_friction_slip_check,combined_violation_shift,7,1,1,1,13.830678,4.756569,1,1,0,0,0,1.0000
no_friction_slip_check,combined_violation_shift,7,2,1,1,14.002458,4.756569,1,1,0,0,0,1.0000
no_friction_slip_check,combined_violation_shift,7,3,1,1,13.286227,4.756569,1,1,0,0,0,1.0000
no_friction_slip_check,combined_violation_shift,7,4,1,1,13.974073,4.756569,1,1,0,0,0,1.0000
no_friction_slip_check,combined_violation_shift,7,5,1,1,13.802466,4.756569,1,1,0,0,0,1.0000
no_friction_slip_check,combined_violation_shift,7,6,1,1,13.908762,4.756569,1,1,0,0,0,1.0000
no_friction_slip_check,combined_violation_shift,7,7,1,1,13.560689,4.756569,1,1,0,0,0,1.0000
no_friction_slip_check,combined_violation_shift,7,8,1,1,14.642203,4.756569,1,1,0,0,0,1.0000
no_friction_slip_check,combined_violation_shift,7,9,1,1,13.380504,4.756569,1,1,0,0,0,1.0000
no_friction_slip_check,adversarial_compensated_violation,0,0,1,1,5.900496,4.756569,1,1,0,0,0,1.0000
no_friction_slip_check,adversarial_compensated_violation,0,1,1,1,2.705083,4.756569,0,0,0,1,0,1.0000
no_friction_slip_check,adversarial_compensated_violation,0,2,1,1,5.696384,4.756569,1,1,0,0,0,1.0000
no_friction_slip_check,adversarial_compensated_violation,0,3,1,1,5.241917,4.756569,1,1,0,0,0,1.0000
no_friction_slip_check,adversarial_compensated_violation,0,4,1,1,4.720053,4.756569,0,0,0,1,0,1.0000
no_friction_slip_check,adversarial_compensated_violation,0,5,1,1,5.787647,4.756569,1,1,0,0,0,1.0000
no_friction_slip_check,adversarial_compensated_violation,0,6,1,1,4.600244,4.756569,0,0,0,1,0,1.0000
no_friction_slip_check,adversarial_compensated_violation,0,7,1,1,5.401565,4.756569,1,1,0,0,0,1.0000
no_friction_slip_check,adversarial_compensated_violation,0,8,1,1,5.491811,4.756569,1,1,0,0,0,1.0000
no_friction_slip_check,adversarial_compensated_violation,0,9,1,1,5.873955,4.756569,1,1,0,0,0,1.0000
no_friction_slip_check,adversarial_compensated_violation,1,0,1,1,2.999439,4.756569,0,0,0,1,0,1.0000
no_friction_slip_check,adversarial_compensated_violation,1,1,1,1,4.677835,4.756569,0,0,0,1,0,1.0000
no_friction_slip_check,adversarial_compensated_violation,1,2,1,1,5.135633,4.756569,1,1,0,0,0,1.0000
no_friction_slip_check,adversarial_compensated_violation,1,3,1,1,4.896181,4.756569,1,1,0,0,0,1.0000
no_friction_slip_check,adversarial_compensated_violation,1,4,1,1,5.892775,4.756569,1,1,0,0,0,1.0000
no_friction_slip_check,adversarial_compensated_violation,1,5,1,1,5.017230,4.756569,1,1,0,0,0,1.0000
no_friction_slip_check,adversarial_compensated_violation,1,6,1,1,4.659113,4.756569,0,0,0,1,0,1.0000
no_friction_slip_check,adversarial_compensated_violation,1,7,1,1,4.715274,4.756569,0,0,0,1,0,1.0000
no_friction_slip_check,adversarial_compensated_violation,1,8,1,1,4.923492,4.756569,1,1,0,0,0,1.0000
no_friction_slip_check,adversarial_compensated_violation,1,9,1,1,5.758160,4.756569,1,1,0,0,0,1.0000
no_friction_slip_check,adversarial_compensated_violation,2,0,1,1,5.223566,4.756569,1,1,0,0,0,1.0000
no_friction_slip_check,adversarial_compensated_violation,2,1,1,1,4.665288,4.756569,0,0,0,1,0,1.0000
no_friction_slip_check,adversarial_compensated_violation,2,2,1,1,5.146546,4.756569,1,1,0,0,0,1.0000
no_friction_slip_check,adversarial_compensated_violation,2,3,1,1,4.565492,4.756569,0,0,0,1,0,1.0000
no_friction_slip_check,adversarial_compensated_violation,2,4,1,1,4.649092,4.756569,0,0,0,1,0,1.0000
no_friction_slip_check,adversarial_compensated_violation,2,5,1,1,4.812796,4.756569,1,1,0,0,0,1.0000
no_friction_slip_check,adversarial_compensated_violation,2,6,1,1,5.073310,4.756569,1,1,0,0,0,1.0000
no_friction_slip_check,adversarial_compensated_violation,2,7,1,1,5.467439,4.756569,1,1,0,0,0,1.0000
no_friction_slip_check,adversarial_compensated_violation,2,8,1,1,5.426234,4.756569,1,1,0,0,0,1.0000
no_friction_slip_check,adversarial_compensated_violation,2,9,1,1,5.263057,4.756569,1,1,0,0,0,1.0000
no_friction_slip_check,adversarial_compensated_violation,3,0,1,1,4.327966,4.756569,0,0,0,1,0,1.0000
no_friction_slip_check,adversarial_compensated_violation,3,1,1,1,5.348277,4.756569,1,1,0,0,0,1.0000
no_friction_slip_check,adversarial_compensated_violation,3,2,1,1,3.487535,4.756569,0,0,0,1,0,1.0000
no_friction_slip_check,adversarial_compensated_violation,3,3,1,1,4.777025,4.756569,1,1,0,0,0,1.0000
no_friction_slip_check,adversarial_compensated_violation,3,4,1,1,4.244313,4.756569,0,0,0,1,0,1.0000
no_friction_slip_check,adversarial_compensated_violation,3,5,1,1,5.681422,4.756569,1,1,0,0,0,1.0000
no_friction_slip_check,adversarial_compensated_violation,3,6,1,1,4.802400,4.756569,1,1,0,0,0,1.0000
no_friction_slip_check,adversarial_compensated_violation,3,7,1,1,4.371868,4.756569,0,0,0,1,0,1.0000
no_friction_slip_check,adversarial_compensated_violation,3,8,1,1,4.691650,4.756569,0,0,0,1,0,1.0000
no_friction_slip_check,adversarial_compensated_violation,3,9,1,1,5.105475,4.756569,1,1,0,0,0,1.0000
no_friction_slip_check,adversarial_compensated_violation,4,0,1,1,6.307385,4.756569,1,1,0,0,0,1.0000
no_friction_slip_check,adversarial_compensated_violation,4,1,1,1,5.470770,4.756569,1,1,0,0,0,1.0000
no_friction_slip_check,adversarial_compensated_violation,4,2,1,1,5.459901,4.756569,1,1,0,0,0,1.0000
no_friction_slip_check,adversarial_compensated_violation,4,3,1,1,5.572112,4.756569,1,1,0,0,0,1.0000
no_friction_slip_check,adversarial_compensated_violation,4,4,1,1,4.888085,4.756569,1,1,0,0,0,1.0000
no_friction_slip_check,adversarial_compensated_violation,4,5,1,1,4.887858,4.756569,1,1,0,0,0,1.0000
no_friction_slip_check,adversarial_compensated_violation,4,6,1,1,8.020105,4.756569,1,1,0,0,0,1.0000
no_friction_slip_check,adversarial_compensated_violation,4,7,1,1,6.344802,4.756569,1,1,0,0,0,1.0000
no_friction_slip_check,adversarial_compensated_violation,4,8,1,1,5.015383,4.756569,1,1,0,0,0,1.0000
no_friction_slip_check,adversarial_compensated_violation,4,9,1,1,4.572309,4.756569,0,0,0,1,0,1.0000
no_friction_slip_check,adversarial_compensated_violation,5,0,1,1,4.569922,4.756569,0,0,0,1,0,1.0000
no_friction_slip_check,adversarial_compensated_violation,5,1,1,1,3.791769,4.756569,0,0,0,1,0,1.0000
no_friction_slip_check,adversarial_compensated_violation,5,2,1,1,4.997896,4.756569,1,1,0,0,0,1.0000
no_friction_slip_check,adversarial_compensated_violation,5,3,1,1,5.825357,4.756569,1,1,0,0,0,1.0000
no_friction_slip_check,adversarial_compensated_violation,5,4,1,1,4.895282,4.756569,1,1,0,0,0,1.0000
no_friction_slip_check,adversarial_compensated_violation,5,5,1,1,6.123953,4.756569,1,1,0,0,0,1.0000
no_friction_slip_check,adversarial_compensated_violation,5,6,1,1,4.350637,4.756569,0,0,0,1,0,1.0000
no_friction_slip_check,adversarial_compensated_violation,5,7,1,1,2.395583,4.756569,0,0,0,1,0,1.0000
no_friction_slip_check,adversarial_compensated_violation,5,8,1,1,4.946429,4.756569,1,1,0,0,0,1.0000
no_friction_slip_check,adversarial_compensated_violation,5,9,1,1,3.901446,4.756569,0,0,0,1,0,1.0000
no_friction_slip_check,adversarial_compensated_violation,6,0,1,1,4.561915,4.756569,0,0,0,1,0,1.0000
no_friction_slip_check,adversarial_compensated_violation,6,1,1,1,5.268406,4.756569,1,1,0,0,0,1.0000
no_friction_slip_check,adversarial_compensated_violation,6,2,1,1,4.355456,4.756569,0,0,0,1,0,1.0000
no_friction_slip_check,adversarial_compensated_violation,6,3,1,1,5.975871,4.756569,1,1,0,0,0,1.0000
no_friction_slip_check,adversarial_compensated_violation,6,4,1,1,5.757888,4.756569,1,1,0,0,0,1.0000
no_friction_slip_check,adversarial_compensated_violation,6,5,1,1,5.669151,4.756569,1,1,0,0,0,1.0000
no_friction_slip_check,adversarial_compensated_violation,6,6,1,1,4.679921,4.756569,0,0,0,1,0,1.0000
no_friction_slip_check,adversarial_compensated_violation,6,7,1,1,4.815029,4.756569,1,1,0,0,0,1.0000
no_friction_slip_check,adversarial_compensated_violation,6,8,1,1,4.925776,4.756569,1,1,0,0,0,1.0000
no_friction_slip_check,adversarial_compensated_violation,6,9,1,1,6.739187,4.756569,1,1,0,0,0,1.0000
no_friction_slip_check,adversarial_compensated_violation,7,0,1,1,6.689391,4.756569,1,1,0,0,0,1.0000
no_friction_slip_check,adversarial_compensated_violation,7,1,1,1,4.447604,4.756569,0,0,0,1,0,1.0000
no_friction_slip_check,adversarial_compensated_violation,7,2,1,1,4.357622,4.756569,0,0,0,1,0,1.0000
no_friction_slip_check,adversarial_compensated_violation,7,3,1,1,4.621795,4.756569,0,0,0,1,0,1.0000
no_friction_slip_check,adversarial_compensated_violation,7,4,1,1,5.046839,4.756569,1,1,0,0,0,1.0000
no_friction_slip_check,adversarial_compensated_violation,7,5,1,1,9.107412,4.756569,1,1,0,0,0,1.0000
no_friction_slip_check,adversarial_compensated_violation,7,6,1,1,5.215868,4.756569,1,1,0,0,0,1.0000
no_friction_slip_check,adversarial_compensated_violation,7,7,1,1,5.245233,4.756569,1,1,0,0,0,1.0000
no_friction_slip_check,adversarial_compensated_violation,7,8,1,1,5.385903,4.756569,1,1,0,0,0,1.0000
no_friction_slip_check,adversarial_compensated_violation,7,9,1,1,5.286771,4.756569,1,1,0,0,0,1.0000
no_friction_slip_check,mixed_near_threshold,0,0,1,1,2.184599,4.756569,0,0,0,1,0,1.0000
no_friction_slip_check,mixed_near_threshold,0,1,1,1,1.822440,4.756569,0,0,0,1,0,1.0000
no_friction_slip_check,mixed_near_threshold,0,2,1,1,2.157985,4.756569,0,0,0,1,0,1.0000
no_friction_slip_check,mixed_near_threshold,0,3,1,1,2.268486,4.756569,0,0,0,1,0,1.0000
no_friction_slip_check,mixed_near_threshold,0,4,1,1,1.928886,4.756569,0,0,0,1,0,1.0000
no_friction_slip_check,mixed_near_threshold,0,5,1,1,2.458000,4.756569,0,0,0,1,0,1.0000
no_friction_slip_check,mixed_near_threshold,0,6,1,1,2.225191,4.756569,0,0,0,1,0,1.0000
no_friction_slip_check,mixed_near_threshold,0,7,1,1,2.139338,4.756569,0,0,0,1,0,1.0000
no_friction_slip_check,mixed_near_threshold,0,8,1,1,3.035722,4.756569,0,0,0,1,0,1.0000
no_friction_slip_check,mixed_near_threshold,0,9,1,1,2.301805,4.756569,0,0,0,1,0,1.0000
no_friction_slip_check,mixed_near_threshold,1,0,1,1,1.496777,4.756569,0,0,0,1,0,1.0000
no_friction_slip_check,mixed_near_threshold,1,1,1,1,1.949301,4.756569,0,0,0,1,0,1.0000
no_friction_slip_check,mixed_near_threshold,1,2,1,1,2.420428,4.756569,0,0,0,1,0,1.0000
no_friction_slip_check,mixed_near_threshold,1,3,1,1,1.720099,4.756569,0,0,0,1,0,1.0000
no_friction_slip_check,mixed_near_threshold,1,4,1,1,2.403838,4.756569,0,0,0,1,0,1.0000
no_friction_slip_check,mixed_near_threshold,1,5,1,1,2.533580,4.756569,0,0,0,1,0,1.0000
no_friction_slip_check,mixed_near_threshold,1,6,1,1,1.511839,4.756569,0,0,0,1,0,1.0000
no_friction_slip_check,mixed_near_threshold,1,7,1,1,2.999479,4.756569,0,0,0,1,0,1.0000
no_friction_slip_check,mixed_near_threshold,1,8,1,1,1.414363,4.756569,0,0,0,1,0,1.0000
no_friction_slip_check,mixed_near_threshold,1,9,1,1,1.908949,4.756569,0,0,0,1,0,1.0000
no_friction_slip_check,mixed_near_threshold,2,0,1,1,2.274117,4.756569,0,0,0,1,0,1.0000
no_friction_slip_check,mixed_near_threshold,2,1,1,1,2.169137,4.756569,0,0,0,1,0,1.0000
no_friction_slip_check,mixed_near_threshold,2,2,1,1,2.571467,4.756569,0,0,0,1,0,1.0000
no_friction_slip_check,mixed_near_threshold,2,3,1,1,1.525488,4.756569,0,0,0,1,0,1.0000
no_friction_slip_check,mixed_near_threshold,2,4,1,1,2.660326,4.756569,0,0,0,1,0,1.0000
no_friction_slip_check,mixed_near_threshold,2,5,1,1,2.468417,4.756569,0,0,0,1,0,1.0000
no_friction_slip_check,mixed_near_threshold,2,6,1,1,2.004455,4.756569,0,0,0,1,0,1.0000
no_friction_slip_check,mixed_near_threshold,2,7,1,1,1.608301,4.756569,0,0,0,1,0,1.0000
no_friction_slip_check,mixed_near_threshold,2,8,1,1,1.632462,4.756569,0,0,0,1,0,1.0000
no_friction_slip_check,mixed_near_threshold,2,9,1,1,1.619250,4.756569,0,0,0,1,0,1.0000
no_friction_slip_check,mixed_near_threshold,3,0,1,1,2.276024,4.756569,0,0,0,1,0,1.0000
no_friction_slip_check,mixed_near_threshold,3,1,1,1,1.408809,4.756569,0,0,0,1,0,1.0000
no_friction_slip_check,mixed_near_threshold,3,2,1,1,2.005261,4.756569,0,0,0,1,0,1.0000
no_friction_slip_check,mixed_near_threshold,3,3,1,1,2.833107,4.756569,0,0,0,1,0,1.0000
no_friction_slip_check,mixed_near_threshold,3,4,1,1,1.624594,4.756569,0,0,0,1,0,1.0000
no_friction_slip_check,mixed_near_threshold,3,5,1,1,2.082430,4.756569,0,0,0,1,0,1.0000
no_friction_slip_check,mixed_near_threshold,3,6,1,1,1.847777,4.756569,0,0,0,1,0,1.0000
no_friction_slip_check,mixed_near_threshold,3,7,1,1,2.328104,4.756569,0,0,0,1,0,1.0000
no_friction_slip_check,mixed_near_threshold,3,8,1,1,1.734946,4.756569,0,0,0,1,0,1.0000
no_friction_slip_check,mixed_near_threshold,3,9,1,1,2.562526,4.756569,0,0,0,1,0,1.0000
no_friction_slip_check,mixed_near_threshold,4,0,1,1,2.002595,4.756569,0,0,0,1,0,1.0000
no_friction_slip_check,mixed_near_threshold,4,1,1,1,2.332895,4.756569,0,0,0,1,0,1.0000
no_friction_slip_check,mixed_near_threshold,4,2,1,1,2.217825,4.756569,0,0,0,1,0,1.0000
no_friction_slip_check,mixed_near_threshold,4,3,1,1,2.319604,4.756569,0,0,0,1,0,1.0000
no_friction_slip_check,mixed_near_threshold,4,4,1,1,2.356978,4.756569,0,0,0,1,0,1.0000
no_friction_slip_check,mixed_near_threshold,4,5,1,1,2.128538,4.756569,0,0,0,1,0,1.0000
no_friction_slip_check,mixed_near_threshold,4,6,1,1,2.348882,4.756569,0,0,0,1,0,1.0000
no_friction_slip_check,mixed_near_threshold,4,7,1,1,2.622449,4.756569,0,0,0,1,0,1.0000
no_friction_slip_check,mixed_near_threshold,4,8,1,1,1.576116,4.756569,0,0,0,1,0,1.0000
no_friction_slip_check,mixed_near_threshold,4,9,1,1,2.335828,4.756569,0,0,0,1,0,1.0000
no_friction_slip_check,mixed_near_threshold,5,0,1,1,2.149070,4.756569,0,0,0,1,0,1.0000
no_friction_slip_check,mixed_near_threshold,5,1,1,1,1.575952,4.756569,0,0,0,1,0,1.0000
no_friction_slip_check,mixed_near_threshold,5,2,1,1,1.646989,4.756569,0,0,0,1,0,1.0000
no_friction_slip_check,mixed_near_threshold,5,3,1,1,2.109825,4.756569,0,0,0,1,0,1.0000
no_friction_slip_check,mixed_near_threshold,5,4,1,1,2.390617,4.756569,0,0,0,1,0,1.0000
no_friction_slip_check,mixed_near_threshold,5,5,1,1,1.840743,4.756569,0,0,0,1,0,1.0000
no_friction_slip_check,mixed_near_threshold,5,6,1,1,2.625901,4.756569,0,0,0,1,0,1.0000
no_friction_slip_check,mixed_near_threshold,5,7,1,1,2.136963,4.756569,0,0,0,1,0,1.0000
no_friction_slip_check,mixed_near_threshold,5,8,1,1,1.667163,4.756569,0,0,0,1,0,1.0000
no_friction_slip_check,mixed_near_threshold,5,9,1,1,2.456186,4.756569,0,0,0,1,0,1.0000
no_friction_slip_check,mixed_near_threshold,6,0,1,1,1.577926,4.756569,0,0,0,1,0,1.0000
no_friction_slip_check,mixed_near_threshold,6,1,1,1,2.356655,4.756569,0,0,0,1,0,1.0000
no_friction_slip_check,mixed_near_threshold,6,2,1,1,1.780937,4.756569,0,0,0,1,0,1.0000
no_friction_slip_check,mixed_near_threshold,6,3,1,1,2.241039,4.756569,0,0,0,1,0,1.0000
no_friction_slip_check,mixed_near_threshold,6,4,1,1,1.862660,4.756569,0,0,0,1,0,1.0000
no_friction_slip_check,mixed_near_threshold,6,5,1,1,2.328020,4.756569,0,0,0,1,0,1.0000
no_friction_slip_check,mixed_near_threshold,6,6,1,1,2.177276,4.756569,0,0,0,1,0,1.0000
no_friction_slip_check,mixed_near_threshold,6,7,1,1,1.501425,4.756569,0,0,0,1,0,1.0000
no_friction_slip_check,mixed_near_threshold,6,8,1,1,2.221722,4.756569,0,0,0,1,0,1.0000
no_friction_slip_check,mixed_near_threshold,6,9,1,1,2.462287,4.756569,0,0,0,1,0,1.0000
no_friction_slip_check,mixed_near_threshold,7,0,1,1,2.583136,4.756569,0,0,0,1,0,1.0000
no_friction_slip_check,mixed_near_threshold,7,1,1,1,2.006362,4.756569,0,0,0,1,0,1.0000
no_friction_slip_check,mixed_near_threshold,7,2,1,1,1.810081,4.756569,0,0,0,1,0,1.0000
no_friction_slip_check,mixed_near_threshold,7,3,1,1,2.240853,4.756569,0,0,0,1,0,1.0000
no_friction_slip_check,mixed_near_threshold,7,4,1,1,2.549976,4.756569,0,0,0,1,0,1.0000
no_friction_slip_check,mixed_near_threshold,7,5,1,1,2.735200,4.756569,0,0,0,1,0,1.0000
no_friction_slip_check,mixed_near_threshold,7,6,1,1,2.470555,4.756569,0,0,0,1,0,1.0000
no_friction_slip_check,mixed_near_threshold,7,7,1,1,1.896099,4.756569,0,0,0,1,0,1.0000
no_friction_slip_check,mixed_near_threshold,7,8,1,1,2.411029,4.756569,0,0,0,1,0,1.0000
no_friction_slip_check,mixed_near_threshold,7,9,1,1,1.545927,4.756569,0,0,0,1,0,1.0000
no_friction_slip_check,rare_valid_bounce,0,0,0,0,4.851113,4.756569,1,0,1,0,0,1.0000
no_friction_slip_check,rare_valid_bounce,0,1,0,0,2.269948,4.756569,0,0,0,0,1,1.0000
no_friction_slip_check,rare_valid_bounce,0,2,0,0,3.511944,4.756569,0,0,0,0,1,1.0000
no_friction_slip_check,rare_valid_bounce,0,3,0,0,2.364807,4.756569,0,0,0,0,1,1.0000
no_friction_slip_check,rare_valid_bounce,0,4,0,0,2.800958,4.756569,0,0,0,0,1,1.0000
no_friction_slip_check,rare_valid_bounce,0,5,0,0,4.721900,4.756569,0,0,0,0,1,1.0000
no_friction_slip_check,rare_valid_bounce,0,6,0,0,2.691174,4.756569,0,0,0,0,1,1.0000
no_friction_slip_check,rare_valid_bounce,0,7,0,0,3.631373,4.756569,0,0,0,0,1,1.0000
no_friction_slip_check,rare_valid_bounce,0,8,0,0,2.805829,4.756569,0,0,0,0,1,1.0000
no_friction_slip_check,rare_valid_bounce,0,9,0,0,3.832088,4.756569,0,0,0,0,1,1.0000
no_friction_slip_check,rare_valid_bounce,1,0,0,0,3.358485,4.756569,0,0,0,0,1,1.0000
no_friction_slip_check,rare_valid_bounce,1,1,0,0,2.529385,4.756569,0,0,0,0,1,1.0000
no_friction_slip_check,rare_valid_bounce,1,2,0,0,3.403279,4.756569,0,0,0,0,1,1.0000
no_friction_slip_check,rare_valid_bounce,1,3,0,0,2.561983,4.756569,0,0,0,0,1,1.0000
no_friction_slip_check,rare_valid_bounce,1,4,0,0,2.419671,4.756569,0,0,0,0,1,1.0000
no_friction_slip_check,rare_valid_bounce,1,5,0,0,2.884102,4.756569,0,0,0,0,1,1.0000
no_friction_slip_check,rare_valid_bounce,1,6,0,0,2.333518,4.756569,0,0,0,0,1,1.0000
no_friction_slip_check,rare_valid_bounce,1,7,0,0,2.157308,4.756569,0,0,0,0,1,1.0000
no_friction_slip_check,rare_valid_bounce,1,8,0,0,2.852335,4.756569,0,0,0,0,1,1.0000
no_friction_slip_check,rare_valid_bounce,1,9,0,0,3.297028,4.756569,0,0,0,0,1,1.0000
no_friction_slip_check,rare_valid_bounce,2,0,0,0,3.839126,4.756569,0,0,0,0,1,1.0000
no_friction_slip_check,rare_valid_bounce,2,1,0,0,2.453491,4.756569,0,0,0,0,1,1.0000
no_friction_slip_check,rare_valid_bounce,2,2,0,0,2.441583,4.756569,0,0,0,0,1,1.0000
no_friction_slip_check,rare_valid_bounce,2,3,0,0,2.703588,4.756569,0,0,0,0,1,1.0000
no_friction_slip_check,rare_valid_bounce,2,4,0,0,2.342906,4.756569,0,0,0,0,1,1.0000
no_friction_slip_check,rare_valid_bounce,2,5,0,0,2.466006,4.756569,0,0,0,0,1,1.0000
no_friction_slip_check,rare_valid_bounce,2,6,0,0,2.881737,4.756569,0,0,0,0,1,1.0000
no_friction_slip_check,rare_valid_bounce,2,7,0,0,3.130905,4.756569,0,0,0,0,1,1.0000
no_friction_slip_check,rare_valid_bounce,2,8,0,0,2.441308,4.756569,0,0,0,0,1,1.0000
no_friction_slip_check,rare_valid_bounce,2,9,0,0,2.933994,4.756569,0,0,0,0,1,1.0000
no_friction_slip_check,rare_valid_bounce,3,0,0,0,3.981076,4.756569,0,0,0,0,1,1.0000
no_friction_slip_check,rare_valid_bounce,3,1,0,0,3.708884,4.756569,0,0,0,0,1,1.0000
no_friction_slip_check,rare_valid_bounce,3,2,0,0,2.297787,4.756569,0,0,0,0,1,1.0000
no_friction_slip_check,rare_valid_bounce,3,3,0,0,2.407834,4.756569,0,0,0,0,1,1.0000
no_friction_slip_check,rare_valid_bounce,3,4,0,0,4.986951,4.756569,1,0,1,0,0,1.0000
no_friction_slip_check,rare_valid_bounce,3,5,0,0,4.367242,4.756569,0,0,0,0,1,1.0000
no_friction_slip_check,rare_valid_bounce,3,6,0,0,2.951008,4.756569,0,0,0,0,1,1.0000
no_friction_slip_check,rare_valid_bounce,3,7,0,0,2.749120,4.756569,0,0,0,0,1,1.0000
no_friction_slip_check,rare_valid_bounce,3,8,0,0,2.589291,4.756569,0,0,0,0,1,1.0000
no_friction_slip_check,rare_valid_bounce,3,9,0,0,2.598037,4.756569,0,0,0,0,1,1.0000
no_friction_slip_check,rare_valid_bounce,4,0,0,0,2.792635,4.756569,0,0,0,0,1,1.0000
no_friction_slip_check,rare_valid_bounce,4,1,0,0,2.579619,4.756569,0,0,0,0,1,1.0000
no_friction_slip_check,rare_valid_bounce,4,2,0,0,2.409609,4.756569,0,0,0,0,1,1.0000
no_friction_slip_check,rare_valid_bounce,4,3,0,0,3.052598,4.756569,0,0,0,0,1,1.0000
no_friction_slip_check,rare_valid_bounce,4,4,0,0,2.613544,4.756569,0,0,0,0,1,1.0000
no_friction_slip_check,rare_valid_bounce,4,5,0,0,3.182370,4.756569,0,0,0,0,1,1.0000
no_friction_slip_check,rare_valid_bounce,4,6,0,0,5.057608,4.756569,1,0,1,0,0,1.0000
no_friction_slip_check,rare_valid_bounce,4,7,0,0,2.608958,4.756569,0,0,0,0,1,1.0000
no_friction_slip_check,rare_valid_bounce,4,8,0,0,2.361344,4.756569,0,0,0,0,1,1.0000
no_friction_slip_check,rare_valid_bounce,4,9,0,0,3.066697,4.756569,0,0,0,0,1,1.0000
no_friction_slip_check,rare_valid_bounce,5,0,0,0,2.341379,4.756569,0,0,0,0,1,1.0000
no_friction_slip_check,rare_valid_bounce,5,1,0,0,3.729886,4.756569,0,0,0,0,1,1.0000
no_friction_slip_check,rare_valid_bounce,5,2,0,0,3.532662,4.756569,0,0,0,0,1,1.0000
no_friction_slip_check,rare_valid_bounce,5,3,0,0,3.491473,4.756569,0,0,0,0,1,1.0000
no_friction_slip_check,rare_valid_bounce,5,4,0,0,3.229774,4.756569,0,0,0,0,1,1.0000
no_friction_slip_check,rare_valid_bounce,5,5,0,0,3.962483,4.756569,0,0,0,0,1,1.0000
no_friction_slip_check,rare_valid_bounce,5,6,0,0,1.968674,4.756569,0,0,0,0,1,1.0000
no_friction_slip_check,rare_valid_bounce,5,7,0,0,2.450943,4.756569,0,0,0,0,1,1.0000
no_friction_slip_check,rare_valid_bounce,5,8,0,0,2.551716,4.756569,0,0,0,0,1,1.0000
no_friction_slip_check,rare_valid_bounce,5,9,0,0,2.680007,4.756569,0,0,0,0,1,1.0000
no_friction_slip_check,rare_valid_bounce,6,0,0,0,2.518340,4.756569,0,0,0,0,1,1.0000
no_friction_slip_check,rare_valid_bounce,6,1,0,0,3.622978,4.756569,0,0,0,0,1,1.0000
no_friction_slip_check,rare_valid_bounce,6,2,0,0,2.599025,4.756569,0,0,0,0,1,1.0000
no_friction_slip_check,rare_valid_bounce,6,3,0,0,4.730086,4.756569,0,0,0,0,1,1.0000
no_friction_slip_check,rare_valid_bounce,6,4,0,0,4.521796,4.756569,0,0,0,0,1,1.0000
no_friction_slip_check,rare_valid_bounce,6,5,0,0,2.819097,4.756569,0,0,0,0,1,1.0000
no_friction_slip_check,rare_valid_bounce,6,6,0,0,2.936362,4.756569,0,0,0,0,1,1.0000
no_friction_slip_check,rare_valid_bounce,6,7,0,0,2.834371,4.756569,0,0,0,0,1,1.0000
no_friction_slip_check,rare_valid_bounce,6,8,0,0,2.966018,4.756569,0,0,0,0,1,1.0000
no_friction_slip_check,rare_valid_bounce,6,9,0,0,3.470550,4.756569,0,0,0,0,1,1.0000
no_friction_slip_check,rare_valid_bounce,7,0,0,0,6.160885,4.756569,1,0,1,0,0,1.0000
no_friction_slip_check,rare_valid_bounce,7,1,0,0,2.500575,4.756569,0,0,0,0,1,1.0000
no_friction_slip_check,rare_valid_bounce,7,2,0,0,2.465697,4.756569,0,0,0,0,1,1.0000
no_friction_slip_check,rare_valid_bounce,7,3,0,0,2.704252,4.756569,0,0,0,0,1,1.0000
no_friction_slip_check,rare_valid_bounce,7,4,0,0,2.730141,4.756569,0,0,0,0,1,1.0000
no_friction_slip_check,rare_valid_bounce,7,5,0,0,4.751593,4.756569,0,0,0,0,1,1.0000
no_friction_slip_check,rare_valid_bounce,7,6,0,0,2.937127,4.756569,0,0,0,0,1,1.0000
no_friction_slip_check,rare_valid_bounce,7,7,0,0,3.898363,4.756569,0,0,0,0,1,1.0000
no_friction_slip_check,rare_valid_bounce,7,8,0,0,2.648995,4.756569,0,0,0,0,1,1.0000
no_friction_slip_check,rare_valid_bounce,7,9,0,0,3.188168,4.756569,0,0,0,0,1,1.0000
no_actuator_check,combined_violation_shift,0,0,1,1,1276.562078,258.985284,1,1,0,0,0,1.0000
no_actuator_check,combined_violation_shift,0,1,1,1,713.692540,258.985284,1,1,0,0,0,1.0000
no_actuator_check,combined_violation_shift,0,2,1,1,616.758955,258.985284,1,1,0,0,0,1.0000
no_actuator_check,combined_violation_shift,0,3,1,1,545.054667,258.985284,1,1,0,0,0,1.0000
no_actuator_check,combined_violation_shift,0,4,1,1,421.300407,258.985284,1,1,0,0,0,1.0000
no_actuator_check,combined_violation_shift,0,5,1,1,479.612399,258.985284,1,1,0,0,0,1.0000
no_actuator_check,combined_violation_shift,0,6,1,1,499.230041,258.985284,1,1,0,0,0,1.0000
no_actuator_check,combined_violation_shift,0,7,1,1,924.747501,258.985284,1,1,0,0,0,1.0000
no_actuator_check,combined_violation_shift,0,8,1,1,1095.146760,258.985284,1,1,0,0,0,1.0000
no_actuator_check,combined_violation_shift,0,9,1,1,1100.386657,258.985284,1,1,0,0,0,1.0000
no_actuator_check,combined_violation_shift,1,0,1,1,674.996533,258.985284,1,1,0,0,0,1.0000
no_actuator_check,combined_violation_shift,1,1,1,1,739.231400,258.985284,1,1,0,0,0,1.0000
no_actuator_check,combined_violation_shift,1,2,1,1,439.379410,258.985284,1,1,0,0,0,1.0000
no_actuator_check,combined_violation_shift,1,3,1,1,495.541409,258.985284,1,1,0,0,0,1.0000
no_actuator_check,combined_violation_shift,1,4,1,1,657.196995,258.985284,1,1,0,0,0,1.0000
no_actuator_check,combined_violation_shift,1,5,1,1,549.113711,258.985284,1,1,0,0,0,1.0000
no_actuator_check,combined_violation_shift,1,6,1,1,598.802535,258.985284,1,1,0,0,0,1.0000
no_actuator_check,combined_violation_shift,1,7,1,1,871.590489,258.985284,1,1,0,0,0,1.0000
no_actuator_check,combined_violation_shift,1,8,1,1,445.197459,258.985284,1,1,0,0,0,1.0000
no_actuator_check,combined_violation_shift,1,9,1,1,491.120431,258.985284,1,1,0,0,0,1.0000
no_actuator_check,combined_violation_shift,2,0,1,1,679.355061,258.985284,1,1,0,0,0,1.0000
no_actuator_check,combined_violation_shift,2,1,1,1,559.064554,258.985284,1,1,0,0,0,1.0000
no_actuator_check,combined_violation_shift,2,2,1,1,453.057599,258.985284,1,1,0,0,0,1.0000
no_actuator_check,combined_violation_shift,2,3,1,1,538.746383,258.985284,1,1,0,0,0,1.0000
no_actuator_check,combined_violation_shift,2,4,1,1,537.523928,258.985284,1,1,0,0,0,1.0000
no_actuator_check,combined_violation_shift,2,5,1,1,507.251244,258.985284,1,1,0,0,0,1.0000
no_actuator_check,combined_violation_shift,2,6,1,1,750.542750,258.985284,1,1,0,0,0,1.0000
no_actuator_check,combined_violation_shift,2,7,1,1,411.404786,258.985284,1,1,0,0,0,1.0000
no_actuator_check,combined_violation_shift,2,8,1,1,1179.312987,258.985284,1,1,0,0,0,1.0000
no_actuator_check,combined_violation_shift,2,9,1,1,621.487666,258.985284,1,1,0,0,0,1.0000
no_actuator_check,combined_violation_shift,3,0,1,1,476.526866,258.985284,1,1,0,0,0,1.0000
no_actuator_check,combined_violation_shift,3,1,1,1,437.603480,258.985284,1,1,0,0,0,1.0000
no_actuator_check,combined_violation_shift,3,2,1,1,658.758075,258.985284,1,1,0,0,0,1.0000
no_actuator_check,combined_violation_shift,3,3,1,1,785.389384,258.985284,1,1,0,0,0,1.0000
no_actuator_check,combined_violation_shift,3,4,1,1,608.203385,258.985284,1,1,0,0,0,1.0000
no_actuator_check,combined_violation_shift,3,5,1,1,588.375683,258.985284,1,1,0,0,0,1.0000
no_actuator_check,combined_violation_shift,3,6,1,1,447.414819,258.985284,1,1,0,0,0,1.0000
no_actuator_check,combined_violation_shift,3,7,1,1,777.762896,258.985284,1,1,0,0,0,1.0000
no_actuator_check,combined_violation_shift,3,8,1,1,508.532774,258.985284,1,1,0,0,0,1.0000
no_actuator_check,combined_violation_shift,3,9,1,1,1027.780910,258.985284,1,1,0,0,0,1.0000
no_actuator_check,combined_violation_shift,4,0,1,1,1231.748501,258.985284,1,1,0,0,0,1.0000
no_actuator_check,combined_violation_shift,4,1,1,1,973.024723,258.985284,1,1,0,0,0,1.0000
no_actuator_check,combined_violation_shift,4,2,1,1,640.456271,258.985284,1,1,0,0,0,1.0000
no_actuator_check,combined_violation_shift,4,3,1,1,551.825865,258.985284,1,1,0,0,0,1.0000
no_actuator_check,combined_violation_shift,4,4,1,1,467.264892,258.985284,1,1,0,0,0,1.0000
no_actuator_check,combined_violation_shift,4,5,1,1,391.889134,258.985284,1,1,0,0,0,1.0000
no_actuator_check,combined_violation_shift,4,6,1,1,417.178435,258.985284,1,1,0,0,0,1.0000
no_actuator_check,combined_violation_shift,4,7,1,1,1182.431836,258.985284,1,1,0,0,0,1.0000
no_actuator_check,combined_violation_shift,4,8,1,1,869.375175,258.985284,1,1,0,0,0,1.0000
no_actuator_check,combined_violation_shift,4,9,1,1,489.185005,258.985284,1,1,0,0,0,1.0000
no_actuator_check,combined_violation_shift,5,0,1,1,412.568985,258.985284,1,1,0,0,0,1.0000
no_actuator_check,combined_violation_shift,5,1,1,1,721.525261,258.985284,1,1,0,0,0,1.0000
no_actuator_check,combined_violation_shift,5,2,1,1,742.182719,258.985284,1,1,0,0,0,1.0000
no_actuator_check,combined_violation_shift,5,3,1,1,504.639594,258.985284,1,1,0,0,0,1.0000
no_actuator_check,combined_violation_shift,5,4,1,1,1317.865145,258.985284,1,1,0,0,0,1.0000
no_actuator_check,combined_violation_shift,5,5,1,1,618.961335,258.985284,1,1,0,0,0,1.0000
no_actuator_check,combined_violation_shift,5,6,1,1,1103.331331,258.985284,1,1,0,0,0,1.0000
no_actuator_check,combined_violation_shift,5,7,1,1,588.101065,258.985284,1,1,0,0,0,1.0000
no_actuator_check,combined_violation_shift,5,8,1,1,866.571991,258.985284,1,1,0,0,0,1.0000
no_actuator_check,combined_violation_shift,5,9,1,1,704.587739,258.985284,1,1,0,0,0,1.0000
no_actuator_check,combined_violation_shift,6,0,1,1,504.708056,258.985284,1,1,0,0,0,1.0000
no_actuator_check,combined_violation_shift,6,1,1,1,474.874982,258.985284,1,1,0,0,0,1.0000
no_actuator_check,combined_violation_shift,6,2,1,1,383.668291,258.985284,1,1,0,0,0,1.0000
no_actuator_check,combined_violation_shift,6,3,1,1,561.881011,258.985284,1,1,0,0,0,1.0000
no_actuator_check,combined_violation_shift,6,4,1,1,605.335152,258.985284,1,1,0,0,0,1.0000
no_actuator_check,combined_violation_shift,6,5,1,1,808.755732,258.985284,1,1,0,0,0,1.0000
no_actuator_check,combined_violation_shift,6,6,1,1,807.970138,258.985284,1,1,0,0,0,1.0000
no_actuator_check,combined_violation_shift,6,7,1,1,800.102275,258.985284,1,1,0,0,0,1.0000
no_actuator_check,combined_violation_shift,6,8,1,1,597.617238,258.985284,1,1,0,0,0,1.0000
no_actuator_check,combined_violation_shift,6,9,1,1,480.592388,258.985284,1,1,0,0,0,1.0000
no_actuator_check,combined_violation_shift,7,0,1,1,788.926096,258.985284,1,1,0,0,0,1.0000
no_actuator_check,combined_violation_shift,7,1,1,1,595.876094,258.985284,1,1,0,0,0,1.0000
no_actuator_check,combined_violation_shift,7,2,1,1,844.766166,258.985284,1,1,0,0,0,1.0000
no_actuator_check,combined_violation_shift,7,3,1,1,630.670308,258.985284,1,1,0,0,0,1.0000
no_actuator_check,combined_violation_shift,7,4,1,1,932.809033,258.985284,1,1,0,0,0,1.0000
no_actuator_check,combined_violation_shift,7,5,1,1,801.840877,258.985284,1,1,0,0,0,1.0000
no_actuator_check,combined_violation_shift,7,6,1,1,445.498231,258.985284,1,1,0,0,0,1.0000
no_actuator_check,combined_violation_shift,7,7,1,1,482.533767,258.985284,1,1,0,0,0,1.0000
no_actuator_check,combined_violation_shift,7,8,1,1,1102.596712,258.985284,1,1,0,0,0,1.0000
no_actuator_check,combined_violation_shift,7,9,1,1,496.039408,258.985284,1,1,0,0,0,1.0000
no_actuator_check,adversarial_compensated_violation,0,0,1,1,225.160849,258.985284,0,0,0,1,0,1.0000
no_actuator_check,adversarial_compensated_violation,0,1,1,1,103.847480,258.985284,0,0,0,1,0,1.0000
no_actuator_check,adversarial_compensated_violation,0,2,1,1,399.354613,258.985284,1,1,0,0,0,1.0000
no_actuator_check,adversarial_compensated_violation,0,3,1,1,570.617429,258.985284,1,1,0,0,0,1.0000
no_actuator_check,adversarial_compensated_violation,0,4,1,1,286.506550,258.985284,1,1,0,0,0,1.0000
no_actuator_check,adversarial_compensated_violation,0,5,1,1,191.667168,258.985284,0,0,0,1,0,1.0000
no_actuator_check,adversarial_compensated_violation,0,6,1,1,393.843355,258.985284,1,1,0,0,0,1.0000
no_actuator_check,adversarial_compensated_violation,0,7,1,1,202.255358,258.985284,0,0,0,1,0,1.0000
no_actuator_check,adversarial_compensated_violation,0,8,1,1,518.974390,258.985284,1,1,0,0,0,1.0000
no_actuator_check,adversarial_compensated_violation,0,9,1,1,231.887446,258.985284,0,0,0,1,0,1.0000
no_actuator_check,adversarial_compensated_violation,1,0,1,1,157.021880,258.985284,0,0,0,1,0,1.0000
no_actuator_check,adversarial_compensated_violation,1,1,1,1,230.744285,258.985284,0,0,0,1,0,1.0000
no_actuator_check,adversarial_compensated_violation,1,2,1,1,312.195924,258.985284,1,1,0,0,0,1.0000
no_actuator_check,adversarial_compensated_violation,1,3,1,1,427.739234,258.985284,1,1,0,0,0,1.0000
no_actuator_check,adversarial_compensated_violation,1,4,1,1,618.312376,258.985284,1,1,0,0,0,1.0000
no_actuator_check,adversarial_compensated_violation,1,5,1,1,335.275242,258.985284,1,1,0,0,0,1.0000
no_actuator_check,adversarial_compensated_violation,1,6,1,1,446.648422,258.985284,1,1,0,0,0,1.0000
no_actuator_check,adversarial_compensated_violation,1,7,1,1,483.787124,258.985284,1,1,0,0,0,1.0000
no_actuator_check,adversarial_compensated_violation,1,8,1,1,278.209134,258.985284,1,1,0,0,0,1.0000
no_actuator_check,adversarial_compensated_violation,1,9,1,1,287.957427,258.985284,1,1,0,0,0,1.0000
no_actuator_check,adversarial_compensated_violation,2,0,1,1,180.378666,258.985284,0,0,0,1,0,1.0000
no_actuator_check,adversarial_compensated_violation,2,1,1,1,189.351042,258.985284,0,0,0,1,0,1.0000
no_actuator_check,adversarial_compensated_violation,2,2,1,1,248.767759,258.985284,0,0,0,1,0,1.0000
no_actuator_check,adversarial_compensated_violation,2,3,1,1,331.814452,258.985284,1,1,0,0,0,1.0000
no_actuator_check,adversarial_compensated_violation,2,4,1,1,327.719513,258.985284,1,1,0,0,0,1.0000
no_actuator_check,adversarial_compensated_violation,2,5,1,1,594.420056,258.985284,1,1,0,0,0,1.0000
no_actuator_check,adversarial_compensated_violation,2,6,1,1,79.675383,258.985284,0,0,0,1,0,1.0000
no_actuator_check,adversarial_compensated_violation,2,7,1,1,265.171606,258.985284,1,1,0,0,0,1.0000
no_actuator_check,adversarial_compensated_violation,2,8,1,1,589.613375,258.985284,1,1,0,0,0,1.0000
no_actuator_check,adversarial_compensated_violation,2,9,1,1,547.369802,258.985284,1,1,0,0,0,1.0000
no_actuator_check,adversarial_compensated_violation,3,0,1,1,84.757931,258.985284,0,0,0,1,0,1.0000
no_actuator_check,adversarial_compensated_violation,3,1,1,1,244.098615,258.985284,0,0,0,1,0,1.0000
no_actuator_check,adversarial_compensated_violation,3,2,1,1,74.201289,258.985284,0,0,0,1,0,1.0000
no_actuator_check,adversarial_compensated_violation,3,3,1,1,385.823105,258.985284,1,1,0,0,0,1.0000
no_actuator_check,adversarial_compensated_violation,3,4,1,1,133.844385,258.985284,0,0,0,1,0,1.0000
no_actuator_check,adversarial_compensated_violation,3,5,1,1,199.077592,258.985284,0,0,0,1,0,1.0000
no_actuator_check,adversarial_compensated_violation,3,6,1,1,438.487336,258.985284,1,1,0,0,0,1.0000
no_actuator_check,adversarial_compensated_violation,3,7,1,1,351.555428,258.985284,1,1,0,0,0,1.0000
no_actuator_check,adversarial_compensated_violation,3,8,1,1,481.538562,258.985284,1,1,0,0,0,1.0000
no_actuator_check,adversarial_compensated_violation,3,9,1,1,559.282311,258.985284,1,1,0,0,0,1.0000
no_actuator_check,adversarial_compensated_violation,4,0,1,1,677.918768,258.985284,1,1,0,0,0,1.0000
no_actuator_check,adversarial_compensated_violation,4,1,1,1,477.071282,258.985284,1,1,0,0,0,1.0000
no_actuator_check,adversarial_compensated_violation,4,2,1,1,672.197202,258.985284,1,1,0,0,0,1.0000
no_actuator_check,adversarial_compensated_violation,4,3,1,1,580.848374,258.985284,1,1,0,0,0,1.0000
no_actuator_check,adversarial_compensated_violation,4,4,1,1,347.676117,258.985284,1,1,0,0,0,1.0000
no_actuator_check,adversarial_compensated_violation,4,5,1,1,186.315873,258.985284,0,0,0,1,0,1.0000
no_actuator_check,adversarial_compensated_violation,4,6,1,1,125.729066,258.985284,0,0,0,1,0,1.0000
no_actuator_check,adversarial_compensated_violation,4,7,1,1,386.407202,258.985284,1,1,0,0,0,1.0000
no_actuator_check,adversarial_compensated_violation,4,8,1,1,617.844207,258.985284,1,1,0,0,0,1.0000
no_actuator_check,adversarial_compensated_violation,4,9,1,1,295.466314,258.985284,1,1,0,0,0,1.0000
no_actuator_check,adversarial_compensated_violation,5,0,1,1,267.375675,258.985284,1,1,0,0,0,1.0000
no_actuator_check,adversarial_compensated_violation,5,1,1,1,116.163424,258.985284,0,0,0,1,0,1.0000
no_actuator_check,adversarial_compensated_violation,5,2,1,1,222.843368,258.985284,0,0,0,1,0,1.0000
no_actuator_check,adversarial_compensated_violation,5,3,1,1,224.150475,258.985284,0,0,0,1,0,1.0000
no_actuator_check,adversarial_compensated_violation,5,4,1,1,503.960146,258.985284,1,1,0,0,0,1.0000
no_actuator_check,adversarial_compensated_violation,5,5,1,1,197.547886,258.985284,0,0,0,1,0,1.0000
no_actuator_check,adversarial_compensated_violation,5,6,1,1,207.947293,258.985284,0,0,0,1,0,1.0000
no_actuator_check,adversarial_compensated_violation,5,7,1,1,125.295440,258.985284,0,0,0,1,0,1.0000
no_actuator_check,adversarial_compensated_violation,5,8,1,1,435.808665,258.985284,1,1,0,0,0,1.0000
no_actuator_check,adversarial_compensated_violation,5,9,1,1,66.945763,258.985284,0,0,0,1,0,1.0000
no_actuator_check,adversarial_compensated_violation,6,0,1,1,485.257036,258.985284,1,1,0,0,0,1.0000
no_actuator_check,adversarial_compensated_violation,6,1,1,1,240.226026,258.985284,0,0,0,1,0,1.0000
no_actuator_check,adversarial_compensated_violation,6,2,1,1,522.431825,258.985284,1,1,0,0,0,1.0000
no_actuator_check,adversarial_compensated_violation,6,3,1,1,230.965977,258.985284,0,0,0,1,0,1.0000
no_actuator_check,adversarial_compensated_violation,6,4,1,1,217.808683,258.985284,0,0,0,1,0,1.0000
no_actuator_check,adversarial_compensated_violation,6,5,1,1,443.863524,258.985284,1,1,0,0,0,1.0000
no_actuator_check,adversarial_compensated_violation,6,6,1,1,228.642886,258.985284,0,0,0,1,0,1.0000
no_actuator_check,adversarial_compensated_violation,6,7,1,1,394.441662,258.985284,1,1,0,0,0,1.0000
no_actuator_check,adversarial_compensated_violation,6,8,1,1,240.947687,258.985284,0,0,0,1,0,1.0000
no_actuator_check,adversarial_compensated_violation,6,9,1,1,309.939995,258.985284,1,1,0,0,0,1.0000
no_actuator_check,adversarial_compensated_violation,7,0,1,1,189.449216,258.985284,0,0,0,1,0,1.0000
no_actuator_check,adversarial_compensated_violation,7,1,1,1,382.732188,258.985284,1,1,0,0,0,1.0000
no_actuator_check,adversarial_compensated_violation,7,2,1,1,413.862592,258.985284,1,1,0,0,0,1.0000
no_actuator_check,adversarial_compensated_violation,7,3,1,1,273.533146,258.985284,1,1,0,0,0,1.0000
no_actuator_check,adversarial_compensated_violation,7,4,1,1,273.032522,258.985284,1,1,0,0,0,1.0000
no_actuator_check,adversarial_compensated_violation,7,5,1,1,392.711920,258.985284,1,1,0,0,0,1.0000
no_actuator_check,adversarial_compensated_violation,7,6,1,1,233.314221,258.985284,0,0,0,1,0,1.0000
no_actuator_check,adversarial_compensated_violation,7,7,1,1,243.489489,258.985284,0,0,0,1,0,1.0000
no_actuator_check,adversarial_compensated_violation,7,8,1,1,551.091714,258.985284,1,1,0,0,0,1.0000
no_actuator_check,adversarial_compensated_violation,7,9,1,1,332.591668,258.985284,1,1,0,0,0,1.0000
no_actuator_check,mixed_near_threshold,0,0,1,1,199.845295,258.985284,0,0,0,1,0,1.0000
no_actuator_check,mixed_near_threshold,0,1,1,1,48.684498,258.985284,0,0,0,1,0,1.0000
no_actuator_check,mixed_near_threshold,0,2,1,1,103.339171,258.985284,0,0,0,1,0,1.0000
no_actuator_check,mixed_near_threshold,0,3,1,1,80.807364,258.985284,0,0,0,1,0,1.0000
no_actuator_check,mixed_near_threshold,0,4,1,1,27.049459,258.985284,0,0,0,1,0,1.0000
no_actuator_check,mixed_near_threshold,0,5,1,1,80.222957,258.985284,0,0,0,1,0,1.0000
no_actuator_check,mixed_near_threshold,0,6,1,1,32.252410,258.985284,0,0,0,1,0,1.0000
no_actuator_check,mixed_near_threshold,0,7,1,1,50.386855,258.985284,0,0,0,1,0,1.0000
no_actuator_check,mixed_near_threshold,0,8,1,1,196.194981,258.985284,0,0,0,1,0,1.0000
no_actuator_check,mixed_near_threshold,0,9,1,1,166.122229,258.985284,0,0,0,1,0,1.0000
no_actuator_check,mixed_near_threshold,1,0,1,1,45.577537,258.985284,0,0,0,1,0,1.0000
no_actuator_check,mixed_near_threshold,1,1,1,1,93.308584,258.985284,0,0,0,1,0,1.0000
no_actuator_check,mixed_near_threshold,1,2,1,1,25.842961,258.985284,0,0,0,1,0,1.0000
no_actuator_check,mixed_near_threshold,1,3,1,1,39.927710,258.985284,0,0,0,1,0,1.0000
no_actuator_check,mixed_near_threshold,1,4,1,1,108.483646,258.985284,0,0,0,1,0,1.0000
no_actuator_check,mixed_near_threshold,1,5,1,1,87.715065,258.985284,0,0,0,1,0,1.0000
no_actuator_check,mixed_near_threshold,1,6,1,1,45.023545,258.985284,0,0,0,1,0,1.0000
no_actuator_check,mixed_near_threshold,1,7,1,1,141.383386,258.985284,0,0,0,1,0,1.0000
no_actuator_check,mixed_near_threshold,1,8,1,1,34.964602,258.985284,0,0,0,1,0,1.0000
no_actuator_check,mixed_near_threshold,1,9,1,1,42.300971,258.985284,0,0,0,1,0,1.0000
no_actuator_check,mixed_near_threshold,2,0,1,1,110.676522,258.985284,0,0,0,1,0,1.0000
no_actuator_check,mixed_near_threshold,2,1,1,1,51.348956,258.985284,0,0,0,1,0,1.0000
no_actuator_check,mixed_near_threshold,2,2,1,1,28.441882,258.985284,0,0,0,1,0,1.0000
no_actuator_check,mixed_near_threshold,2,3,1,1,29.014579,258.985284,0,0,0,1,0,1.0000
no_actuator_check,mixed_near_threshold,2,4,1,1,104.513134,258.985284,0,0,0,1,0,1.0000
no_actuator_check,mixed_near_threshold,2,5,1,1,80.795962,258.985284,0,0,0,1,0,1.0000
no_actuator_check,mixed_near_threshold,2,6,1,1,53.426087,258.985284,0,0,0,1,0,1.0000
no_actuator_check,mixed_near_threshold,2,7,1,1,56.647154,258.985284,0,0,0,1,0,1.0000
no_actuator_check,mixed_near_threshold,2,8,1,1,85.023336,258.985284,0,0,0,1,0,1.0000
no_actuator_check,mixed_near_threshold,2,9,1,1,48.303337,258.985284,0,0,0,1,0,1.0000
no_actuator_check,mixed_near_threshold,3,0,1,1,23.192200,258.985284,0,0,0,1,0,1.0000
no_actuator_check,mixed_near_threshold,3,1,1,1,25.455204,258.985284,0,0,0,1,0,1.0000
no_actuator_check,mixed_near_threshold,3,2,1,1,61.971122,258.985284,0,0,0,1,0,1.0000
no_actuator_check,mixed_near_threshold,3,3,1,1,123.418024,258.985284,0,0,0,1,0,1.0000
no_actuator_check,mixed_near_threshold,3,4,1,1,44.669012,258.985284,0,0,0,1,0,1.0000
no_actuator_check,mixed_near_threshold,3,5,1,1,87.068599,258.985284,0,0,0,1,0,1.0000
no_actuator_check,mixed_near_threshold,3,6,1,1,34.018618,258.985284,0,0,0,1,0,1.0000
no_actuator_check,mixed_near_threshold,3,7,1,1,124.120275,258.985284,0,0,0,1,0,1.0000
no_actuator_check,mixed_near_threshold,3,8,1,1,38.858471,258.985284,0,0,0,1,0,1.0000
no_actuator_check,mixed_near_threshold,3,9,1,1,141.820786,258.985284,0,0,0,1,0,1.0000
no_actuator_check,mixed_near_threshold,4,0,1,1,159.379586,258.985284,0,0,0,1,0,1.0000
no_actuator_check,mixed_near_threshold,4,1,1,1,123.068049,258.985284,0,0,0,1,0,1.0000
no_actuator_check,mixed_near_threshold,4,2,1,1,76.786037,258.985284,0,0,0,1,0,1.0000
no_actuator_check,mixed_near_threshold,4,3,1,1,46.534288,258.985284,0,0,0,1,0,1.0000
no_actuator_check,mixed_near_threshold,4,4,1,1,31.890753,258.985284,0,0,0,1,0,1.0000
no_actuator_check,mixed_near_threshold,4,5,1,1,21.612044,258.985284,0,0,0,1,0,1.0000
no_actuator_check,mixed_near_threshold,4,6,1,1,30.677985,258.985284,0,0,0,1,0,1.0000
no_actuator_check,mixed_near_threshold,4,7,1,1,209.321392,258.985284,0,0,0,1,0,1.0000
no_actuator_check,mixed_near_threshold,4,8,1,1,61.440940,258.985284,0,0,0,1,0,1.0000
no_actuator_check,mixed_near_threshold,4,9,1,1,87.376576,258.985284,0,0,0,1,0,1.0000
no_actuator_check,mixed_near_threshold,5,0,1,1,28.102215,258.985284,0,0,0,1,0,1.0000
no_actuator_check,mixed_near_threshold,5,1,1,1,56.158612,258.985284,0,0,0,1,0,1.0000
no_actuator_check,mixed_near_threshold,5,2,1,1,44.581710,258.985284,0,0,0,1,0,1.0000
no_actuator_check,mixed_near_threshold,5,3,1,1,82.513048,258.985284,0,0,0,1,0,1.0000
no_actuator_check,mixed_near_threshold,5,4,1,1,151.951089,258.985284,0,0,0,1,0,1.0000
no_actuator_check,mixed_near_threshold,5,5,1,1,50.950851,258.985284,0,0,0,1,0,1.0000
no_actuator_check,mixed_near_threshold,5,6,1,1,177.571931,258.985284,0,0,0,1,0,1.0000
no_actuator_check,mixed_near_threshold,5,7,1,1,73.274522,258.985284,0,0,0,1,0,1.0000
no_actuator_check,mixed_near_threshold,5,8,1,1,70.074180,258.985284,0,0,0,1,0,1.0000
no_actuator_check,mixed_near_threshold,5,9,1,1,93.129470,258.985284,0,0,0,1,0,1.0000
no_actuator_check,mixed_near_threshold,6,0,1,1,38.176298,258.985284,0,0,0,1,0,1.0000
no_actuator_check,mixed_near_threshold,6,1,1,1,32.156366,258.985284,0,0,0,1,0,1.0000
no_actuator_check,mixed_near_threshold,6,2,1,1,24.160415,258.985284,0,0,0,1,0,1.0000
no_actuator_check,mixed_near_threshold,6,3,1,1,101.376854,258.985284,0,0,0,1,0,1.0000
no_actuator_check,mixed_near_threshold,6,4,1,1,42.514484,258.985284,0,0,0,1,0,1.0000
no_actuator_check,mixed_near_threshold,6,5,1,1,130.283502,258.985284,0,0,0,1,0,1.0000
no_actuator_check,mixed_near_threshold,6,6,1,1,122.331179,258.985284,0,0,0,1,0,1.0000
no_actuator_check,mixed_near_threshold,6,7,1,1,47.490888,258.985284,0,0,0,1,0,1.0000
no_actuator_check,mixed_near_threshold,6,8,1,1,27.760706,258.985284,0,0,0,1,0,1.0000
no_actuator_check,mixed_near_threshold,6,9,1,1,44.396102,258.985284,0,0,0,1,0,1.0000
no_actuator_check,mixed_near_threshold,7,0,1,1,110.393536,258.985284,0,0,0,1,0,1.0000
no_actuator_check,mixed_near_threshold,7,1,1,1,39.488626,258.985284,0,0,0,1,0,1.0000
no_actuator_check,mixed_near_threshold,7,2,1,1,60.919997,258.985284,0,0,0,1,0,1.0000
no_actuator_check,mixed_near_threshold,7,3,1,1,49.483719,258.985284,0,0,0,1,0,1.0000
no_actuator_check,mixed_near_threshold,7,4,1,1,75.903720,258.985284,0,0,0,1,0,1.0000
no_actuator_check,mixed_near_threshold,7,5,1,1,117.191074,258.985284,0,0,0,1,0,1.0000
no_actuator_check,mixed_near_threshold,7,6,1,1,30.379297,258.985284,0,0,0,1,0,1.0000
no_actuator_check,mixed_near_threshold,7,7,1,1,40.587274,258.985284,0,0,0,1,0,1.0000
no_actuator_check,mixed_near_threshold,7,8,1,1,165.329921,258.985284,0,0,0,1,0,1.0000
no_actuator_check,mixed_near_threshold,7,9,1,1,32.729706,258.985284,0,0,0,1,0,1.0000
no_actuator_check,rare_valid_bounce,0,0,0,0,159.115123,258.985284,0,0,0,0,1,1.0000
no_actuator_check,rare_valid_bounce,0,1,0,0,116.900993,258.985284,0,0,0,0,1,1.0000
no_actuator_check,rare_valid_bounce,0,2,0,0,194.805103,258.985284,0,0,0,0,1,1.0000
no_actuator_check,rare_valid_bounce,0,3,0,0,228.758266,258.985284,0,0,0,0,1,1.0000
no_actuator_check,rare_valid_bounce,0,4,0,0,149.799891,258.985284,0,0,0,0,1,1.0000
no_actuator_check,rare_valid_bounce,0,5,0,0,144.502470,258.985284,0,0,0,0,1,1.0000
no_actuator_check,rare_valid_bounce,0,6,0,0,205.780385,258.985284,0,0,0,0,1,1.0000
no_actuator_check,rare_valid_bounce,0,7,0,0,112.922484,258.985284,0,0,0,0,1,1.0000
no_actuator_check,rare_valid_bounce,0,8,0,0,244.474321,258.985284,0,0,0,0,1,1.0000
no_actuator_check,rare_valid_bounce,0,9,0,0,142.393079,258.985284,0,0,0,0,1,1.0000
no_actuator_check,rare_valid_bounce,1,0,0,0,185.879270,258.985284,0,0,0,0,1,1.0000
no_actuator_check,rare_valid_bounce,1,1,0,0,106.840526,258.985284,0,0,0,0,1,1.0000
no_actuator_check,rare_valid_bounce,1,2,0,0,170.313334,258.985284,0,0,0,0,1,1.0000
no_actuator_check,rare_valid_bounce,1,3,0,0,186.166831,258.985284,0,0,0,0,1,1.0000
no_actuator_check,rare_valid_bounce,1,4,0,0,202.680505,258.985284,0,0,0,0,1,1.0000
no_actuator_check,rare_valid_bounce,1,5,0,0,166.342024,258.985284,0,0,0,0,1,1.0000
no_actuator_check,rare_valid_bounce,1,6,0,0,183.433303,258.985284,0,0,0,0,1,1.0000
no_actuator_check,rare_valid_bounce,1,7,0,0,193.101687,258.985284,0,0,0,0,1,1.0000
no_actuator_check,rare_valid_bounce,1,8,0,0,136.399039,258.985284,0,0,0,0,1,1.0000
no_actuator_check,rare_valid_bounce,1,9,0,0,132.019925,258.985284,0,0,0,0,1,1.0000
no_actuator_check,rare_valid_bounce,2,0,0,0,109.074598,258.985284,0,0,0,0,1,1.0000
no_actuator_check,rare_valid_bounce,2,1,0,0,83.130605,258.985284,0,0,0,0,1,1.0000
no_actuator_check,rare_valid_bounce,2,2,0,0,88.061042,258.985284,0,0,0,0,1,1.0000
no_actuator_check,rare_valid_bounce,2,3,0,0,175.259733,258.985284,0,0,0,0,1,1.0000
no_actuator_check,rare_valid_bounce,2,4,0,0,137.200313,258.985284,0,0,0,0,1,1.0000
no_actuator_check,rare_valid_bounce,2,5,0,0,258.170207,258.985284,0,0,0,0,1,1.0000
no_actuator_check,rare_valid_bounce,2,6,0,0,92.800858,258.985284,0,0,0,0,1,1.0000
no_actuator_check,rare_valid_bounce,2,7,0,0,127.011297,258.985284,0,0,0,0,1,1.0000
no_actuator_check,rare_valid_bounce,2,8,0,0,234.421752,258.985284,0,0,0,0,1,1.0000
no_actuator_check,rare_valid_bounce,2,9,0,0,253.768033,258.985284,0,0,0,0,1,1.0000
no_actuator_check,rare_valid_bounce,3,0,0,0,116.077741,258.985284,0,0,0,0,1,1.0000
no_actuator_check,rare_valid_bounce,3,1,0,0,144.773317,258.985284,0,0,0,0,1,1.0000
no_actuator_check,rare_valid_bounce,3,2,0,0,85.581462,258.985284,0,0,0,0,1,1.0000
no_actuator_check,rare_valid_bounce,3,3,0,0,158.954981,258.985284,0,0,0,0,1,1.0000
no_actuator_check,rare_valid_bounce,3,4,0,0,190.821325,258.985284,0,0,0,0,1,1.0000
no_actuator_check,rare_valid_bounce,3,5,0,0,134.752999,258.985284,0,0,0,0,1,1.0000
no_actuator_check,rare_valid_bounce,3,6,0,0,241.782257,258.985284,0,0,0,0,1,1.0000
no_actuator_check,rare_valid_bounce,3,7,0,0,200.289454,258.985284,0,0,0,0,1,1.0000
no_actuator_check,rare_valid_bounce,3,8,0,0,231.835574,258.985284,0,0,0,0,1,1.0000
no_actuator_check,rare_valid_bounce,3,9,0,0,239.228883,258.985284,0,0,0,0,1,1.0000
no_actuator_check,rare_valid_bounce,4,0,0,0,301.861064,258.985284,1,0,1,0,0,1.0000
no_actuator_check,rare_valid_bounce,4,1,0,0,199.977817,258.985284,0,0,0,0,1,1.0000
no_actuator_check,rare_valid_bounce,4,2,0,0,257.088073,258.985284,0,0,0,0,1,1.0000
no_actuator_check,rare_valid_bounce,4,3,0,0,274.471744,258.985284,1,0,1,0,0,1.0000
no_actuator_check,rare_valid_bounce,4,4,0,0,152.036670,258.985284,0,0,0,0,1,1.0000
no_actuator_check,rare_valid_bounce,4,5,0,0,100.322315,258.985284,0,0,0,0,1,1.0000
no_actuator_check,rare_valid_bounce,4,6,0,0,194.544703,258.985284,0,0,0,0,1,1.0000
no_actuator_check,rare_valid_bounce,4,7,0,0,122.619547,258.985284,0,0,0,0,1,1.0000
no_actuator_check,rare_valid_bounce,4,8,0,0,247.251314,258.985284,0,0,0,0,1,1.0000
no_actuator_check,rare_valid_bounce,4,9,0,0,179.851233,258.985284,0,0,0,0,1,1.0000
no_actuator_check,rare_valid_bounce,5,0,0,0,109.723390,258.985284,0,0,0,0,1,1.0000
no_actuator_check,rare_valid_bounce,5,1,0,0,116.180068,258.985284,0,0,0,0,1,1.0000
no_actuator_check,rare_valid_bounce,5,2,0,0,141.328945,258.985284,0,0,0,0,1,1.0000
no_actuator_check,rare_valid_bounce,5,3,0,0,116.565701,258.985284,0,0,0,0,1,1.0000
no_actuator_check,rare_valid_bounce,5,4,0,0,294.371490,258.985284,1,0,1,0,0,1.0000
no_actuator_check,rare_valid_bounce,5,5,0,0,70.634558,258.985284,0,0,0,0,1,1.0000
no_actuator_check,rare_valid_bounce,5,6,0,0,78.404011,258.985284,0,0,0,0,1,1.0000
no_actuator_check,rare_valid_bounce,5,7,0,0,128.324855,258.985284,0,0,0,0,1,1.0000
no_actuator_check,rare_valid_bounce,5,8,0,0,191.941506,258.985284,0,0,0,0,1,1.0000
no_actuator_check,rare_valid_bounce,5,9,0,0,96.424489,258.985284,0,0,0,0,1,1.0000
no_actuator_check,rare_valid_bounce,6,0,0,0,220.084107,258.985284,0,0,0,0,1,1.0000
no_actuator_check,rare_valid_bounce,6,1,0,0,140.568717,258.985284,0,0,0,0,1,1.0000
no_actuator_check,rare_valid_bounce,6,2,0,0,277.065244,258.985284,1,0,1,0,0,1.0000
no_actuator_check,rare_valid_bounce,6,3,0,0,129.378809,258.985284,0,0,0,0,1,1.0000
no_actuator_check,rare_valid_bounce,6,4,0,0,143.116152,258.985284,0,0,0,0,1,1.0000
no_actuator_check,rare_valid_bounce,6,5,0,0,203.321624,258.985284,0,0,0,0,1,1.0000
no_actuator_check,rare_valid_bounce,6,6,0,0,125.880371,258.985284,0,0,0,0,1,1.0000
no_actuator_check,rare_valid_bounce,6,7,0,0,195.117328,258.985284,0,0,0,0,1,1.0000
no_actuator_check,rare_valid_bounce,6,8,0,0,131.810772,258.985284,0,0,0,0,1,1.0000
no_actuator_check,rare_valid_bounce,6,9,0,0,131.722369,258.985284,0,0,0,0,1,1.0000
no_actuator_check,rare_valid_bounce,7,0,0,0,154.027921,258.985284,0,0,0,0,1,1.0000
no_actuator_check,rare_valid_bounce,7,1,0,0,187.666057,258.985284,0,0,0,0,1,1.0000
no_actuator_check,rare_valid_bounce,7,2,0,0,191.307302,258.985284,0,0,0,0,1,1.0000
no_actuator_check,rare_valid_bounce,7,3,0,0,138.737811,258.985284,0,0,0,0,1,1.0000
no_actuator_check,rare_valid_bounce,7,4,0,0,120.933836,258.985284,0,0,0,0,1,1.0000
no_actuator_check,rare_valid_bounce,7,5,0,0,178.457836,258.985284,0,0,0,0,1,1.0000
no_actuator_check,rare_valid_bounce,7,6,0,0,107.440557,258.985284,0,0,0,0,1,1.0000
no_actuator_check,rare_valid_bounce,7,7,0,0,162.538422,258.985284,0,0,0,0,1,1.0000
no_actuator_check,rare_valid_bounce,7,8,0,0,239.786592,258.985284,0,0,0,0,1,1.0000
no_actuator_check,rare_valid_bounce,7,9,0,0,157.617031,258.985284,0,0,0,0,1,1.0000
no_causality_check,combined_violation_shift,0,0,1,1,1275.507486,258.404134,1,1,0,0,0,1.0000
no_causality_check,combined_violation_shift,0,1,1,1,712.228703,258.404134,1,1,0,0,0,1.0000
no_causality_check,combined_violation_shift,0,2,1,1,615.201650,258.404134,1,1,0,0,0,1.0000
no_causality_check,combined_violation_shift,0,3,1,1,544.358615,258.404134,1,1,0,0,0,1.0000
no_causality_check,combined_violation_shift,0,4,1,1,420.050242,258.404134,1,1,0,0,0,1.0000
no_causality_check,combined_violation_shift,0,5,1,1,478.645649,258.404134,1,1,0,0,0,1.0000
no_causality_check,combined_violation_shift,0,6,1,1,497.330203,258.404134,1,1,0,0,0,1.0000
no_causality_check,combined_violation_shift,0,7,1,1,923.085632,258.404134,1,1,0,0,0,1.0000
no_causality_check,combined_violation_shift,0,8,1,1,1093.348720,258.404134,1,1,0,0,0,1.0000
no_causality_check,combined_violation_shift,0,9,1,1,1098.882218,258.404134,1,1,0,0,0,1.0000
no_causality_check,combined_violation_shift,1,0,1,1,673.876247,258.404134,1,1,0,0,0,1.0000
no_causality_check,combined_violation_shift,1,1,1,1,738.073590,258.404134,1,1,0,0,0,1.0000
no_causality_check,combined_violation_shift,1,2,1,1,438.358755,258.404134,1,1,0,0,0,1.0000
no_causality_check,combined_violation_shift,1,3,1,1,493.832019,258.404134,1,1,0,0,0,1.0000
no_causality_check,combined_violation_shift,1,4,1,1,656.162367,258.404134,1,1,0,0,0,1.0000
no_causality_check,combined_violation_shift,1,5,1,1,547.647943,258.404134,1,1,0,0,0,1.0000
no_causality_check,combined_violation_shift,1,6,1,1,597.499239,258.404134,1,1,0,0,0,1.0000
no_causality_check,combined_violation_shift,1,7,1,1,869.768391,258.404134,1,1,0,0,0,1.0000
no_causality_check,combined_violation_shift,1,8,1,1,443.932432,258.404134,1,1,0,0,0,1.0000
no_causality_check,combined_violation_shift,1,9,1,1,489.652002,258.404134,1,1,0,0,0,1.0000
no_causality_check,combined_violation_shift,2,0,1,1,677.317965,258.404134,1,1,0,0,0,1.0000
no_causality_check,combined_violation_shift,2,1,1,1,557.645883,258.404134,1,1,0,0,0,1.0000
no_causality_check,combined_violation_shift,2,2,1,1,451.207110,258.404134,1,1,0,0,0,1.0000
no_causality_check,combined_violation_shift,2,3,1,1,537.203392,258.404134,1,1,0,0,0,1.0000
no_causality_check,combined_violation_shift,2,4,1,1,536.143538,258.404134,1,1,0,0,0,1.0000
no_causality_check,combined_violation_shift,2,5,1,1,505.820094,258.404134,1,1,0,0,0,1.0000
no_causality_check,combined_violation_shift,2,6,1,1,749.635740,258.404134,1,1,0,0,0,1.0000
no_causality_check,combined_violation_shift,2,7,1,1,410.022470,258.404134,1,1,0,0,0,1.0000
no_causality_check,combined_violation_shift,2,8,1,1,1178.151002,258.404134,1,1,0,0,0,1.0000
no_causality_check,combined_violation_shift,2,9,1,1,620.388675,258.404134,1,1,0,0,0,1.0000
no_causality_check,combined_violation_shift,3,0,1,1,474.830801,258.404134,1,1,0,0,0,1.0000
no_causality_check,combined_violation_shift,3,1,1,1,436.088909,258.404134,1,1,0,0,0,1.0000
no_causality_check,combined_violation_shift,3,2,1,1,657.127143,258.404134,1,1,0,0,0,1.0000
no_causality_check,combined_violation_shift,3,3,1,1,783.526791,258.404134,1,1,0,0,0,1.0000
no_causality_check,combined_violation_shift,3,4,1,1,607.050882,258.404134,1,1,0,0,0,1.0000
no_causality_check,combined_violation_shift,3,5,1,1,587.323625,258.404134,1,1,0,0,0,1.0000
no_causality_check,combined_violation_shift,3,6,1,1,446.259510,258.404134,1,1,0,0,0,1.0000
no_causality_check,combined_violation_shift,3,7,1,1,776.270848,258.404134,1,1,0,0,0,1.0000
no_causality_check,combined_violation_shift,3,8,1,1,507.191089,258.404134,1,1,0,0,0,1.0000
no_causality_check,combined_violation_shift,3,9,1,1,1025.814593,258.404134,1,1,0,0,0,1.0000
no_causality_check,combined_violation_shift,4,0,1,1,1230.483712,258.404134,1,1,0,0,0,1.0000
no_causality_check,combined_violation_shift,4,1,1,1,971.696525,258.404134,1,1,0,0,0,1.0000
no_causality_check,combined_violation_shift,4,2,1,1,639.299187,258.404134,1,1,0,0,0,1.0000
no_causality_check,combined_violation_shift,4,3,1,1,550.891012,258.404134,1,1,0,0,0,1.0000
no_causality_check,combined_violation_shift,4,4,1,1,466.111801,258.404134,1,1,0,0,0,1.0000
no_causality_check,combined_violation_shift,4,5,1,1,390.654984,258.404134,1,1,0,0,0,1.0000
no_causality_check,combined_violation_shift,4,6,1,1,416.060678,258.404134,1,1,0,0,0,1.0000
no_causality_check,combined_violation_shift,4,7,1,1,1181.235408,258.404134,1,1,0,0,0,1.0000
no_causality_check,combined_violation_shift,4,8,1,1,867.657779,258.404134,1,1,0,0,0,1.0000
no_causality_check,combined_violation_shift,4,9,1,1,487.870929,258.404134,1,1,0,0,0,1.0000
no_causality_check,combined_violation_shift,5,0,1,1,411.748846,258.404134,1,1,0,0,0,1.0000
no_causality_check,combined_violation_shift,5,1,1,1,720.013072,258.404134,1,1,0,0,0,1.0000
no_causality_check,combined_violation_shift,5,2,1,1,740.223388,258.404134,1,1,0,0,0,1.0000
no_causality_check,combined_violation_shift,5,3,1,1,503.716611,258.404134,1,1,0,0,0,1.0000
no_causality_check,combined_violation_shift,5,4,1,1,1316.040631,258.404134,1,1,0,0,0,1.0000
no_causality_check,combined_violation_shift,5,5,1,1,618.311323,258.404134,1,1,0,0,0,1.0000
no_causality_check,combined_violation_shift,5,6,1,1,1101.747077,258.404134,1,1,0,0,0,1.0000
no_causality_check,combined_violation_shift,5,7,1,1,587.192787,258.404134,1,1,0,0,0,1.0000
no_causality_check,combined_violation_shift,5,8,1,1,865.355084,258.404134,1,1,0,0,0,1.0000
no_causality_check,combined_violation_shift,5,9,1,1,702.917480,258.404134,1,1,0,0,0,1.0000
no_causality_check,combined_violation_shift,6,0,1,1,503.086963,258.404134,1,1,0,0,0,1.0000
no_causality_check,combined_violation_shift,6,1,1,1,473.905841,258.404134,1,1,0,0,0,1.0000
no_causality_check,combined_violation_shift,6,2,1,1,382.300492,258.404134,1,1,0,0,0,1.0000
no_causality_check,combined_violation_shift,6,3,1,1,560.906287,258.404134,1,1,0,0,0,1.0000
no_causality_check,combined_violation_shift,6,4,1,1,604.012545,258.404134,1,1,0,0,0,1.0000
no_causality_check,combined_violation_shift,6,5,1,1,806.798795,258.404134,1,1,0,0,0,1.0000
no_causality_check,combined_violation_shift,6,6,1,1,806.146080,258.404134,1,1,0,0,0,1.0000
no_causality_check,combined_violation_shift,6,7,1,1,799.097022,258.404134,1,1,0,0,0,1.0000
no_causality_check,combined_violation_shift,6,8,1,1,595.640840,258.404134,1,1,0,0,0,1.0000
no_causality_check,combined_violation_shift,6,9,1,1,478.984428,258.404134,1,1,0,0,0,1.0000
no_causality_check,combined_violation_shift,7,0,1,1,787.261768,258.404134,1,1,0,0,0,1.0000
no_causality_check,combined_violation_shift,7,1,1,1,594.600285,258.404134,1,1,0,0,0,1.0000
no_causality_check,combined_violation_shift,7,2,1,1,843.466280,258.404134,1,1,0,0,0,1.0000
no_causality_check,combined_violation_shift,7,3,1,1,629.412292,258.404134,1,1,0,0,0,1.0000
no_causality_check,combined_violation_shift,7,4,1,1,931.238062,258.404134,1,1,0,0,0,1.0000
no_causality_check,combined_violation_shift,7,5,1,1,800.568367,258.404134,1,1,0,0,0,1.0000
no_causality_check,combined_violation_shift,7,6,1,1,443.781586,258.404134,1,1,0,0,0,1.0000
no_causality_check,combined_violation_shift,7,7,1,1,481.510828,258.404134,1,1,0,0,0,1.0000
no_causality_check,combined_violation_shift,7,8,1,1,1100.810588,258.404134,1,1,0,0,0,1.0000
no_causality_check,combined_violation_shift,7,9,1,1,494.903011,258.404134,1,1,0,0,0,1.0000
no_causality_check,adversarial_compensated_violation,0,0,1,1,224.359698,258.404134,0,0,0,1,0,1.0000
no_causality_check,adversarial_compensated_violation,0,1,1,1,103.747043,258.404134,0,0,0,1,0,1.0000
no_causality_check,adversarial_compensated_violation,0,2,1,1,397.777593,258.404134,1,1,0,0,0,1.0000
no_causality_check,adversarial_compensated_violation,0,3,1,1,568.422168,258.404134,1,1,0,0,0,1.0000
no_causality_check,adversarial_compensated_violation,0,4,1,1,284.815095,258.404134,1,1,0,0,0,1.0000
no_causality_check,adversarial_compensated_violation,0,5,1,1,190.833404,258.404134,0,0,0,1,0,1.0000
no_causality_check,adversarial_compensated_violation,0,6,1,1,391.738508,258.404134,1,1,0,0,0,1.0000
no_causality_check,adversarial_compensated_violation,0,7,1,1,200.979014,258.404134,0,0,0,1,0,1.0000
no_causality_check,adversarial_compensated_violation,0,8,1,1,516.758622,258.404134,1,1,0,0,0,1.0000
no_causality_check,adversarial_compensated_violation,0,9,1,1,231.224326,258.404134,0,0,0,1,0,1.0000
no_causality_check,adversarial_compensated_violation,1,0,1,1,156.538657,258.404134,0,0,0,1,0,1.0000
no_causality_check,adversarial_compensated_violation,1,1,1,1,228.921062,258.404134,0,0,0,1,0,1.0000
no_causality_check,adversarial_compensated_violation,1,2,1,1,310.898193,258.404134,1,1,0,0,0,1.0000
no_causality_check,adversarial_compensated_violation,1,3,1,1,425.783801,258.404134,1,1,0,0,0,1.0000
no_causality_check,adversarial_compensated_violation,1,4,1,1,616.399585,258.404134,1,1,0,0,0,1.0000
no_causality_check,adversarial_compensated_violation,1,5,1,1,333.042514,258.404134,1,1,0,0,0,1.0000
no_causality_check,adversarial_compensated_violation,1,6,1,1,444.926769,258.404134,1,1,0,0,0,1.0000
no_causality_check,adversarial_compensated_violation,1,7,1,1,481.592019,258.404134,1,1,0,0,0,1.0000
no_causality_check,adversarial_compensated_violation,1,8,1,1,276.443099,258.404134,1,1,0,0,0,1.0000
no_causality_check,adversarial_compensated_violation,1,9,1,1,286.348495,258.404134,1,1,0,0,0,1.0000
no_causality_check,adversarial_compensated_violation,2,0,1,1,179.369373,258.404134,0,0,0,1,0,1.0000
no_causality_check,adversarial_compensated_violation,2,1,1,1,187.507214,258.404134,0,0,0,1,0,1.0000
no_causality_check,adversarial_compensated_violation,2,2,1,1,246.754791,258.404134,0,0,0,1,0,1.0000
no_causality_check,adversarial_compensated_violation,2,3,1,1,330.025957,258.404134,1,1,0,0,0,1.0000
no_causality_check,adversarial_compensated_violation,2,4,1,1,325.909625,258.404134,1,1,0,0,0,1.0000
no_causality_check,adversarial_compensated_violation,2,5,1,1,592.305761,258.404134,1,1,0,0,0,1.0000
no_causality_check,adversarial_compensated_violation,2,6,1,1,79.564776,258.404134,0,0,0,1,0,1.0000
no_causality_check,adversarial_compensated_violation,2,7,1,1,263.234170,258.404134,1,1,0,0,0,1.0000
no_causality_check,adversarial_compensated_violation,2,8,1,1,587.518100,258.404134,1,1,0,0,0,1.0000
no_causality_check,adversarial_compensated_violation,2,9,1,1,545.243258,258.404134,1,1,0,0,0,1.0000
no_causality_check,adversarial_compensated_violation,3,0,1,1,84.631752,258.404134,0,0,0,1,0,1.0000
no_causality_check,adversarial_compensated_violation,3,1,1,1,242.938352,258.404134,0,0,0,1,0,1.0000
no_causality_check,adversarial_compensated_violation,3,2,1,1,74.104720,258.404134,0,0,0,1,0,1.0000
no_causality_check,adversarial_compensated_violation,3,3,1,1,383.931061,258.404134,1,1,0,0,0,1.0000
no_causality_check,adversarial_compensated_violation,3,4,1,1,133.686666,258.404134,0,0,0,1,0,1.0000
no_causality_check,adversarial_compensated_violation,3,5,1,1,198.101338,258.404134,0,0,0,1,0,1.0000
no_causality_check,adversarial_compensated_violation,3,6,1,1,436.365229,258.404134,1,1,0,0,0,1.0000
no_causality_check,adversarial_compensated_violation,3,7,1,1,349.794181,258.404134,1,1,0,0,0,1.0000
no_causality_check,adversarial_compensated_violation,3,8,1,1,479.456962,258.404134,1,1,0,0,0,1.0000
no_causality_check,adversarial_compensated_violation,3,9,1,1,557.257768,258.404134,1,1,0,0,0,1.0000
no_causality_check,adversarial_compensated_violation,4,0,1,1,676.075070,258.404134,1,1,0,0,0,1.0000
no_causality_check,adversarial_compensated_violation,4,1,1,1,475.281595,258.404134,1,1,0,0,0,1.0000
no_causality_check,adversarial_compensated_violation,4,2,1,1,669.902439,258.404134,1,1,0,0,0,1.0000
no_causality_check,adversarial_compensated_violation,4,3,1,1,578.828793,258.404134,1,1,0,0,0,1.0000
no_causality_check,adversarial_compensated_violation,4,4,1,1,345.823001,258.404134,1,1,0,0,0,1.0000
no_causality_check,adversarial_compensated_violation,4,5,1,1,184.967460,258.404134,0,0,0,1,0,1.0000
no_causality_check,adversarial_compensated_violation,4,6,1,1,125.599777,258.404134,0,0,0,1,0,1.0000
no_causality_check,adversarial_compensated_violation,4,7,1,1,383.991562,258.404134,1,1,0,0,0,1.0000
no_causality_check,adversarial_compensated_violation,4,8,1,1,615.692027,258.404134,1,1,0,0,0,1.0000
no_causality_check,adversarial_compensated_violation,4,9,1,1,293.588093,258.404134,1,1,0,0,0,1.0000
no_causality_check,adversarial_compensated_violation,5,0,1,1,265.503385,258.404134,1,1,0,0,0,1.0000
no_causality_check,adversarial_compensated_violation,5,1,1,1,116.023911,258.404134,0,0,0,1,0,1.0000
no_causality_check,adversarial_compensated_violation,5,2,1,1,221.384434,258.404134,0,0,0,1,0,1.0000
no_causality_check,adversarial_compensated_violation,5,3,1,1,223.133184,258.404134,0,0,0,1,0,1.0000
no_causality_check,adversarial_compensated_violation,5,4,1,1,502.011977,258.404134,1,1,0,0,0,1.0000
no_causality_check,adversarial_compensated_violation,5,5,1,1,196.594930,258.404134,0,0,0,1,0,1.0000
no_causality_check,adversarial_compensated_violation,5,6,1,1,205.900339,258.404134,0,0,0,1,0,1.0000
no_causality_check,adversarial_compensated_violation,5,7,1,1,124.718401,258.404134,0,0,0,1,0,1.0000
no_causality_check,adversarial_compensated_violation,5,8,1,1,433.763125,258.404134,1,1,0,0,0,1.0000
no_causality_check,adversarial_compensated_violation,5,9,1,1,66.857222,258.404134,0,0,0,1,0,1.0000
no_causality_check,adversarial_compensated_violation,6,0,1,1,483.368511,258.404134,1,1,0,0,0,1.0000
no_causality_check,adversarial_compensated_violation,6,1,1,1,238.957897,258.404134,0,0,0,1,0,1.0000
no_causality_check,adversarial_compensated_violation,6,2,1,1,520.538999,258.404134,1,1,0,0,0,1.0000
no_causality_check,adversarial_compensated_violation,6,3,1,1,230.406938,258.404134,0,0,0,1,0,1.0000
no_causality_check,adversarial_compensated_violation,6,4,1,1,216.935429,258.404134,0,0,0,1,0,1.0000
no_causality_check,adversarial_compensated_violation,6,5,1,1,442.012918,258.404134,1,1,0,0,0,1.0000
no_causality_check,adversarial_compensated_violation,6,6,1,1,226.936502,258.404134,0,0,0,1,0,1.0000
no_causality_check,adversarial_compensated_violation,6,7,1,1,392.418377,258.404134,1,1,0,0,0,1.0000
no_causality_check,adversarial_compensated_violation,6,8,1,1,239.587514,258.404134,0,0,0,1,0,1.0000
no_causality_check,adversarial_compensated_violation,6,9,1,1,307.645232,258.404134,1,1,0,0,0,1.0000
no_causality_check,adversarial_compensated_violation,7,0,1,1,189.169735,258.404134,0,0,0,1,0,1.0000
no_causality_check,adversarial_compensated_violation,7,1,1,1,380.905324,258.404134,1,1,0,0,0,1.0000
no_causality_check,adversarial_compensated_violation,7,2,1,1,412.118656,258.404134,1,1,0,0,0,1.0000
no_causality_check,adversarial_compensated_violation,7,3,1,1,271.552051,258.404134,1,1,0,0,0,1.0000
no_causality_check,adversarial_compensated_violation,7,4,1,1,271.001011,258.404134,1,1,0,0,0,1.0000
no_causality_check,adversarial_compensated_violation,7,5,1,1,391.451448,258.404134,1,1,0,0,0,1.0000
no_causality_check,adversarial_compensated_violation,7,6,1,1,231.240911,258.404134,0,0,0,1,0,1.0000
no_causality_check,adversarial_compensated_violation,7,7,1,1,242.218234,258.404134,0,0,0,1,0,1.0000
no_causality_check,adversarial_compensated_violation,7,8,1,1,548.930062,258.404134,1,1,0,0,0,1.0000
no_causality_check,adversarial_compensated_violation,7,9,1,1,331.202312,258.404134,1,1,0,0,0,1.0000
no_causality_check,mixed_near_threshold,0,0,1,1,199.630539,258.404134,0,0,0,1,0,1.0000
no_causality_check,mixed_near_threshold,0,1,1,1,48.640835,258.404134,0,0,0,1,0,1.0000
no_causality_check,mixed_near_threshold,0,2,1,1,102.979569,258.404134,0,0,0,1,0,1.0000
no_causality_check,mixed_near_threshold,0,3,1,1,80.717588,258.404134,0,0,0,1,0,1.0000
no_causality_check,mixed_near_threshold,0,4,1,1,27.012837,258.404134,0,0,0,1,0,1.0000
no_causality_check,mixed_near_threshold,0,5,1,1,80.120916,258.404134,0,0,0,1,0,1.0000
no_causality_check,mixed_near_threshold,0,6,1,1,32.207878,258.404134,0,0,0,1,0,1.0000
no_causality_check,mixed_near_threshold,0,7,1,1,50.351677,258.404134,0,0,0,1,0,1.0000
no_causality_check,mixed_near_threshold,0,8,1,1,196.067557,258.404134,0,0,0,1,0,1.0000
no_causality_check,mixed_near_threshold,0,9,1,1,165.953808,258.404134,0,0,0,1,0,1.0000
no_causality_check,mixed_near_threshold,1,0,1,1,45.535581,258.404134,0,0,0,1,0,1.0000
no_causality_check,mixed_near_threshold,1,1,1,1,93.232344,258.404134,0,0,0,1,0,1.0000
no_causality_check,mixed_near_threshold,1,2,1,1,25.805224,258.404134,0,0,0,1,0,1.0000
no_causality_check,mixed_near_threshold,1,3,1,1,39.874813,258.404134,0,0,0,1,0,1.0000
no_causality_check,mixed_near_threshold,1,4,1,1,108.358336,258.404134,0,0,0,1,0,1.0000
no_causality_check,mixed_near_threshold,1,5,1,1,87.612941,258.404134,0,0,0,1,0,1.0000
no_causality_check,mixed_near_threshold,1,6,1,1,44.977915,258.404134,0,0,0,1,0,1.0000
no_causality_check,mixed_near_threshold,1,7,1,1,141.272615,258.404134,0,0,0,1,0,1.0000
no_causality_check,mixed_near_threshold,1,8,1,1,34.926910,258.404134,0,0,0,1,0,1.0000
no_causality_check,mixed_near_threshold,1,9,1,1,42.243422,258.404134,0,0,0,1,0,1.0000
no_causality_check,mixed_near_threshold,2,0,1,1,110.271490,258.404134,0,0,0,1,0,1.0000
no_causality_check,mixed_near_threshold,2,1,1,1,51.288766,258.404134,0,0,0,1,0,1.0000
no_causality_check,mixed_near_threshold,2,2,1,1,28.399702,258.404134,0,0,0,1,0,1.0000
no_causality_check,mixed_near_threshold,2,3,1,1,28.978443,258.404134,0,0,0,1,0,1.0000
no_causality_check,mixed_near_threshold,2,4,1,1,104.256426,258.404134,0,0,0,1,0,1.0000
no_causality_check,mixed_near_threshold,2,5,1,1,80.695658,258.404134,0,0,0,1,0,1.0000
no_causality_check,mixed_near_threshold,2,6,1,1,53.383349,258.404134,0,0,0,1,0,1.0000
no_causality_check,mixed_near_threshold,2,7,1,1,56.594993,258.404134,0,0,0,1,0,1.0000
no_causality_check,mixed_near_threshold,2,8,1,1,84.977759,258.404134,0,0,0,1,0,1.0000
no_causality_check,mixed_near_threshold,2,9,1,1,48.255820,258.404134,0,0,0,1,0,1.0000
no_causality_check,mixed_near_threshold,3,0,1,1,23.157624,258.404134,0,0,0,1,0,1.0000
no_causality_check,mixed_near_threshold,3,1,1,1,25.419386,258.404134,0,0,0,1,0,1.0000
no_causality_check,mixed_near_threshold,3,2,1,1,61.911189,258.404134,0,0,0,1,0,1.0000
no_causality_check,mixed_near_threshold,3,3,1,1,123.312337,258.404134,0,0,0,1,0,1.0000
no_causality_check,mixed_near_threshold,3,4,1,1,44.624135,258.404134,0,0,0,1,0,1.0000
no_causality_check,mixed_near_threshold,3,5,1,1,86.915167,258.404134,0,0,0,1,0,1.0000
no_causality_check,mixed_near_threshold,3,6,1,1,33.983363,258.404134,0,0,0,1,0,1.0000
no_causality_check,mixed_near_threshold,3,7,1,1,123.953575,258.404134,0,0,0,1,0,1.0000
no_causality_check,mixed_near_threshold,3,8,1,1,38.812471,258.404134,0,0,0,1,0,1.0000
no_causality_check,mixed_near_threshold,3,9,1,1,141.725064,258.404134,0,0,0,1,0,1.0000
no_causality_check,mixed_near_threshold,4,0,1,1,159.299364,258.404134,0,0,0,1,0,1.0000
no_causality_check,mixed_near_threshold,4,1,1,1,122.989979,258.404134,0,0,0,1,0,1.0000
no_causality_check,mixed_near_threshold,4,2,1,1,76.709411,258.404134,0,0,0,1,0,1.0000
no_causality_check,mixed_near_threshold,4,3,1,1,46.489222,258.404134,0,0,0,1,0,1.0000
no_causality_check,mixed_near_threshold,4,4,1,1,31.849149,258.404134,0,0,0,1,0,1.0000
no_causality_check,mixed_near_threshold,4,5,1,1,21.576553,258.404134,0,0,0,1,0,1.0000
no_causality_check,mixed_near_threshold,4,6,1,1,30.635065,258.404134,0,0,0,1,0,1.0000
no_causality_check,mixed_near_threshold,4,7,1,1,209.211419,258.404134,0,0,0,1,0,1.0000
no_causality_check,mixed_near_threshold,4,8,1,1,61.394314,258.404134,0,0,0,1,0,1.0000
no_causality_check,mixed_near_threshold,4,9,1,1,87.079519,258.404134,0,0,0,1,0,1.0000
no_causality_check,mixed_near_threshold,5,0,1,1,28.064608,258.404134,0,0,0,1,0,1.0000
no_causality_check,mixed_near_threshold,5,1,1,1,56.109229,258.404134,0,0,0,1,0,1.0000
no_causality_check,mixed_near_threshold,5,2,1,1,44.540644,258.404134,0,0,0,1,0,1.0000
no_causality_check,mixed_near_threshold,5,3,1,1,82.179459,258.404134,0,0,0,1,0,1.0000
no_causality_check,mixed_near_threshold,5,4,1,1,151.873069,258.404134,0,0,0,1,0,1.0000
no_causality_check,mixed_near_threshold,5,5,1,1,50.901678,258.404134,0,0,0,1,0,1.0000
no_causality_check,mixed_near_threshold,5,6,1,1,177.468333,258.404134,0,0,0,1,0,1.0000
no_causality_check,mixed_near_threshold,5,7,1,1,73.200785,258.404134,0,0,0,1,0,1.0000
no_causality_check,mixed_near_threshold,5,8,1,1,70.024180,258.404134,0,0,0,1,0,1.0000
no_causality_check,mixed_near_threshold,5,9,1,1,93.041821,258.404134,0,0,0,1,0,1.0000
no_causality_check,mixed_near_threshold,6,0,1,1,38.127352,258.404134,0,0,0,1,0,1.0000
no_causality_check,mixed_near_threshold,6,1,1,1,32.118805,258.404134,0,0,0,1,0,1.0000
no_causality_check,mixed_near_threshold,6,2,1,1,24.123849,258.404134,0,0,0,1,0,1.0000
no_causality_check,mixed_near_threshold,6,3,1,1,101.014367,258.404134,0,0,0,1,0,1.0000
no_causality_check,mixed_near_threshold,6,4,1,1,42.471365,258.404134,0,0,0,1,0,1.0000
no_causality_check,mixed_near_threshold,6,5,1,1,129.870930,258.404134,0,0,0,1,0,1.0000
no_causality_check,mixed_near_threshold,6,6,1,1,122.048436,258.404134,0,0,0,1,0,1.0000
no_causality_check,mixed_near_threshold,6,7,1,1,47.455297,258.404134,0,0,0,1,0,1.0000
no_causality_check,mixed_near_threshold,6,8,1,1,27.724530,258.404134,0,0,0,1,0,1.0000
no_causality_check,mixed_near_threshold,6,9,1,1,44.336867,258.404134,0,0,0,1,0,1.0000
no_causality_check,mixed_near_threshold,7,0,1,1,110.306484,258.404134,0,0,0,1,0,1.0000
no_causality_check,mixed_near_threshold,7,1,1,1,39.449525,258.404134,0,0,0,1,0,1.0000
no_causality_check,mixed_near_threshold,7,2,1,1,60.874251,258.404134,0,0,0,1,0,1.0000
no_causality_check,mixed_near_threshold,7,3,1,1,49.438950,258.404134,0,0,0,1,0,1.0000
no_causality_check,mixed_near_threshold,7,4,1,1,75.851735,258.404134,0,0,0,1,0,1.0000
no_causality_check,mixed_near_threshold,7,5,1,1,117.099761,258.404134,0,0,0,1,0,1.0000
no_causality_check,mixed_near_threshold,7,6,1,1,30.335221,258.404134,0,0,0,1,0,1.0000
no_causality_check,mixed_near_threshold,7,7,1,1,40.536578,258.404134,0,0,0,1,0,1.0000
no_causality_check,mixed_near_threshold,7,8,1,1,165.221062,258.404134,0,0,0,1,0,1.0000
no_causality_check,mixed_near_threshold,7,9,1,1,32.689561,258.404134,0,0,0,1,0,1.0000
no_causality_check,rare_valid_bounce,0,0,0,0,158.918699,258.404134,0,0,0,0,1,1.0000
no_causality_check,rare_valid_bounce,0,1,0,0,116.457900,258.404134,0,0,0,0,1,1.0000
no_causality_check,rare_valid_bounce,0,2,0,0,194.656059,258.404134,0,0,0,0,1,1.0000
no_causality_check,rare_valid_bounce,0,3,0,0,228.114301,258.404134,0,0,0,0,1,1.0000
no_causality_check,rare_valid_bounce,0,4,0,0,149.216672,258.404134,0,0,0,0,1,1.0000
no_causality_check,rare_valid_bounce,0,5,0,0,144.334943,258.404134,0,0,0,0,1,1.0000
no_causality_check,rare_valid_bounce,0,6,0,0,204.939385,258.404134,0,0,0,0,1,1.0000
no_causality_check,rare_valid_bounce,0,7,0,0,112.758703,258.404134,0,0,0,0,1,1.0000
no_causality_check,rare_valid_bounce,0,8,0,0,243.628642,258.404134,0,0,0,0,1,1.0000
no_causality_check,rare_valid_bounce,0,9,0,0,142.189011,258.404134,0,0,0,0,1,1.0000
no_causality_check,rare_valid_bounce,1,0,0,0,185.143544,258.404134,0,0,0,0,1,1.0000
no_causality_check,rare_valid_bounce,1,1,0,0,106.322743,258.404134,0,0,0,0,1,1.0000
no_causality_check,rare_valid_bounce,1,2,0,0,170.144861,258.404134,0,0,0,0,1,1.0000
no_causality_check,rare_valid_bounce,1,3,0,0,185.702843,258.404134,0,0,0,0,1,1.0000
no_causality_check,rare_valid_bounce,1,4,0,0,202.490477,258.404134,0,0,0,0,1,1.0000
no_causality_check,rare_valid_bounce,1,5,0,0,165.589731,258.404134,0,0,0,0,1,1.0000
no_causality_check,rare_valid_bounce,1,6,0,0,183.102971,258.404134,0,0,0,0,1,1.0000
no_causality_check,rare_valid_bounce,1,7,0,0,192.473204,258.404134,0,0,0,0,1,1.0000
no_causality_check,rare_valid_bounce,1,8,0,0,135.926220,258.404134,0,0,0,0,1,1.0000
no_causality_check,rare_valid_bounce,1,9,0,0,131.869779,258.404134,0,0,0,0,1,1.0000
no_causality_check,rare_valid_bounce,2,0,0,0,108.917531,258.404134,0,0,0,0,1,1.0000
no_causality_check,rare_valid_bounce,2,1,0,0,82.679387,258.404134,0,0,0,0,1,1.0000
no_causality_check,rare_valid_bounce,2,2,0,0,87.902867,258.404134,0,0,0,0,1,1.0000
no_causality_check,rare_valid_bounce,2,3,0,0,174.579363,258.404134,0,0,0,0,1,1.0000
no_causality_check,rare_valid_bounce,2,4,0,0,136.798407,258.404134,0,0,0,0,1,1.0000
no_causality_check,rare_valid_bounce,2,5,0,0,257.588882,258.404134,0,0,0,0,1,1.0000
no_causality_check,rare_valid_bounce,2,6,0,0,92.499026,258.404134,0,0,0,0,1,1.0000
no_causality_check,rare_valid_bounce,2,7,0,0,126.539591,258.404134,0,0,0,0,1,1.0000
no_causality_check,rare_valid_bounce,2,8,0,0,233.843087,258.404134,0,0,0,0,1,1.0000
no_causality_check,rare_valid_bounce,2,9,0,0,253.225285,258.404134,0,0,0,0,1,1.0000
no_causality_check,rare_valid_bounce,3,0,0,0,115.820343,258.404134,0,0,0,0,1,1.0000
no_causality_check,rare_valid_bounce,3,1,0,0,144.567605,258.404134,0,0,0,0,1,1.0000
no_causality_check,rare_valid_bounce,3,2,0,0,85.177288,258.404134,0,0,0,0,1,1.0000
no_causality_check,rare_valid_bounce,3,3,0,0,158.569049,258.404134,0,0,0,0,1,1.0000
no_causality_check,rare_valid_bounce,3,4,0,0,190.353065,258.404134,0,0,0,0,1,1.0000
no_causality_check,rare_valid_bounce,3,5,0,0,134.555526,258.404134,0,0,0,0,1,1.0000
no_causality_check,rare_valid_bounce,3,6,0,0,240.885515,258.404134,0,0,0,0,1,1.0000
no_causality_check,rare_valid_bounce,3,7,0,0,199.520026,258.404134,0,0,0,0,1,1.0000
no_causality_check,rare_valid_bounce,3,8,0,0,231.130934,258.404134,0,0,0,0,1,1.0000
no_causality_check,rare_valid_bounce,3,9,0,0,238.733406,258.404134,0,0,0,0,1,1.0000
no_causality_check,rare_valid_bounce,4,0,0,0,301.027894,258.404134,1,0,1,0,0,1.0000
no_causality_check,rare_valid_bounce,4,1,0,0,199.485266,258.404134,0,0,0,0,1,1.0000
no_causality_check,rare_valid_bounce,4,2,0,0,256.498685,258.404134,0,0,0,0,1,1.0000
no_causality_check,rare_valid_bounce,4,3,0,0,273.893918,258.404134,1,0,1,0,0,1.0000
no_causality_check,rare_valid_bounce,4,4,0,0,151.653055,258.404134,0,0,0,0,1,1.0000
no_causality_check,rare_valid_bounce,4,5,0,0,100.091515,258.404134,0,0,0,0,1,1.0000
no_causality_check,rare_valid_bounce,4,6,0,0,194.339505,258.404134,0,0,0,0,1,1.0000
no_causality_check,rare_valid_bounce,4,7,0,0,122.384612,258.404134,0,0,0,0,1,1.0000
no_causality_check,rare_valid_bounce,4,8,0,0,246.707803,258.404134,0,0,0,0,1,1.0000
no_causality_check,rare_valid_bounce,4,9,0,0,178.962473,258.404134,0,0,0,0,1,1.0000
no_causality_check,rare_valid_bounce,5,0,0,0,109.368884,258.404134,0,0,0,0,1,1.0000
no_causality_check,rare_valid_bounce,5,1,0,0,116.040483,258.404134,0,0,0,0,1,1.0000
no_causality_check,rare_valid_bounce,5,2,0,0,140.732123,258.404134,0,0,0,0,1,1.0000
no_causality_check,rare_valid_bounce,5,3,0,0,116.417460,258.404134,0,0,0,0,1,1.0000
no_causality_check,rare_valid_bounce,5,4,0,0,293.567475,258.404134,1,0,1,0,0,1.0000
no_causality_check,rare_valid_bounce,5,5,0,0,70.530800,258.404134,0,0,0,0,1,1.0000
no_causality_check,rare_valid_bounce,5,6,0,0,77.927170,258.404134,0,0,0,0,1,1.0000
no_causality_check,rare_valid_bounce,5,7,0,0,127.731778,258.404134,0,0,0,0,1,1.0000
no_causality_check,rare_valid_bounce,5,8,0,0,191.375994,258.404134,0,0,0,0,1,1.0000
no_causality_check,rare_valid_bounce,5,9,0,0,95.984951,258.404134,0,0,0,0,1,1.0000
no_causality_check,rare_valid_bounce,6,0,0,0,219.630702,258.404134,0,0,0,0,1,1.0000
no_causality_check,rare_valid_bounce,6,1,0,0,140.310855,258.404134,0,0,0,0,1,1.0000
no_causality_check,rare_valid_bounce,6,2,0,0,276.321470,258.404134,1,0,1,0,0,1.0000
no_causality_check,rare_valid_bounce,6,3,0,0,129.228487,258.404134,0,0,0,0,1,1.0000
no_causality_check,rare_valid_bounce,6,4,0,0,142.935233,258.404134,0,0,0,0,1,1.0000
no_causality_check,rare_valid_bounce,6,5,0,0,202.674124,258.404134,0,0,0,0,1,1.0000
no_causality_check,rare_valid_bounce,6,6,0,0,125.263953,258.404134,0,0,0,0,1,1.0000
no_causality_check,rare_valid_bounce,6,7,0,0,194.523213,258.404134,0,0,0,0,1,1.0000
no_causality_check,rare_valid_bounce,6,8,0,0,131.311893,258.404134,0,0,0,0,1,1.0000
no_causality_check,rare_valid_bounce,6,9,0,0,131.291588,258.404134,0,0,0,0,1,1.0000
no_causality_check,rare_valid_bounce,7,0,0,0,153.801407,258.404134,0,0,0,0,1,1.0000
no_causality_check,rare_valid_bounce,7,1,0,0,187.058211,258.404134,0,0,0,0,1,1.0000
no_causality_check,rare_valid_bounce,7,2,0,0,190.906557,258.404134,0,0,0,0,1,1.0000
no_causality_check,rare_valid_bounce,7,3,0,0,138.057982,258.404134,0,0,0,0,1,1.0000
no_causality_check,rare_valid_bounce,7,4,0,0,120.476558,258.404134,0,0,0,0,1,1.0000
no_causality_check,rare_valid_bounce,7,5,0,0,178.262199,258.404134,0,0,0,0,1,1.0000
no_causality_check,rare_valid_bounce,7,6,0,0,106.958550,258.404134,0,0,0,0,1,1.0000
no_causality_check,rare_valid_bounce,7,7,0,0,162.045133,258.404134,0,0,0,0,1,1.0000
no_causality_check,rare_valid_bounce,7,8,0,0,239.120692,258.404134,0,0,0,0,1,1.0000
no_causality_check,rare_valid_bounce,7,9,0,0,157.484333,258.404134,0,0,0,0,1,1.0000
no_timestamp_guard,combined_violation_shift,0,0,1,1,1277.078125,258.985274,1,1,0,0,0,1.0000
no_timestamp_guard,combined_violation_shift,0,1,1,1,714.180420,258.985274,1,1,0,0,0,1.0000
no_timestamp_guard,combined_violation_shift,0,2,1,1,617.212280,258.985274,1,1,0,0,0,1.0000
no_timestamp_guard,combined_violation_shift,0,3,1,1,545.581055,258.985274,1,1,0,0,0,1.0000
no_timestamp_guard,combined_violation_shift,0,4,1,1,421.811737,258.985274,1,1,0,0,0,1.0000
no_timestamp_guard,combined_violation_shift,0,5,1,1,480.117859,258.985274,1,1,0,0,0,1.0000
no_timestamp_guard,combined_violation_shift,0,6,1,1,499.734100,258.985274,1,1,0,0,0,1.0000
no_timestamp_guard,combined_violation_shift,0,7,1,1,925.223572,258.985274,1,1,0,0,0,1.0000
no_timestamp_guard,combined_violation_shift,0,8,1,1,1095.662476,258.985274,1,1,0,0,0,1.0000
no_timestamp_guard,combined_violation_shift,0,9,1,1,1100.894775,258.985274,1,1,0,0,0,1.0000
no_timestamp_guard,combined_violation_shift,1,0,1,1,675.500854,258.985274,1,1,0,0,0,1.0000
no_timestamp_guard,combined_violation_shift,1,1,1,1,739.731750,258.985274,1,1,0,0,0,1.0000
no_timestamp_guard,combined_violation_shift,1,2,1,1,439.875977,258.985274,1,1,0,0,0,1.0000
no_timestamp_guard,combined_violation_shift,1,3,1,1,496.025513,258.985274,1,1,0,0,0,1.0000
no_timestamp_guard,combined_violation_shift,1,4,1,1,657.712524,258.985274,1,1,0,0,0,1.0000
no_timestamp_guard,combined_violation_shift,1,5,1,1,549.596924,258.985274,1,1,0,0,0,1.0000
no_timestamp_guard,combined_violation_shift,1,6,1,1,599.271790,258.985274,1,1,0,0,0,1.0000
no_timestamp_guard,combined_violation_shift,1,7,1,1,872.068542,258.985274,1,1,0,0,0,1.0000
no_timestamp_guard,combined_violation_shift,1,8,1,1,445.689972,258.985274,1,1,0,0,0,1.0000
no_timestamp_guard,combined_violation_shift,1,9,1,1,491.635040,258.985274,1,1,0,0,0,1.0000
no_timestamp_guard,combined_violation_shift,2,0,1,1,679.815735,258.985274,1,1,0,0,0,1.0000
no_timestamp_guard,combined_violation_shift,2,1,1,1,559.572144,258.985274,1,1,0,0,0,1.0000
no_timestamp_guard,combined_violation_shift,2,2,1,1,453.542053,258.985274,1,1,0,0,0,1.0000
no_timestamp_guard,combined_violation_shift,2,3,1,1,539.254333,258.985274,1,1,0,0,0,1.0000
no_timestamp_guard,combined_violation_shift,2,4,1,1,537.991333,258.985274,1,1,0,0,0,1.0000
no_timestamp_guard,combined_violation_shift,2,5,1,1,507.726105,258.985274,1,1,0,0,0,1.0000
no_timestamp_guard,combined_violation_shift,2,6,1,1,751.059082,258.985274,1,1,0,0,0,1.0000
no_timestamp_guard,combined_violation_shift,2,7,1,1,411.890839,258.985274,1,1,0,0,0,1.0000
no_timestamp_guard,combined_violation_shift,2,8,1,1,1179.821533,258.985274,1,1,0,0,0,1.0000
no_timestamp_guard,combined_violation_shift,2,9,1,1,621.984436,258.985274,1,1,0,0,0,1.0000
no_timestamp_guard,combined_violation_shift,3,0,1,1,477.011749,258.985274,1,1,0,0,0,1.0000
no_timestamp_guard,combined_violation_shift,3,1,1,1,438.049774,258.985274,1,1,0,0,0,1.0000
no_timestamp_guard,combined_violation_shift,3,2,1,1,659.221924,258.985274,1,1,0,0,0,1.0000
no_timestamp_guard,combined_violation_shift,3,3,1,1,785.860535,258.985274,1,1,0,0,0,1.0000
no_timestamp_guard,combined_violation_shift,3,4,1,1,608.694458,258.985274,1,1,0,0,0,1.0000
no_timestamp_guard,combined_violation_shift,3,5,1,1,588.881409,258.985274,1,1,0,0,0,1.0000
no_timestamp_guard,combined_violation_shift,3,6,1,1,447.922485,258.985274,1,1,0,0,0,1.0000
no_timestamp_guard,combined_violation_shift,3,7,1,1,778.242493,258.985274,1,1,0,0,0,1.0000
no_timestamp_guard,combined_violation_shift,3,8,1,1,509.003693,258.985274,1,1,0,0,0,1.0000
no_timestamp_guard,combined_violation_shift,3,9,1,1,1028.261719,258.985274,1,1,0,0,0,1.0000
no_timestamp_guard,combined_violation_shift,4,0,1,1,1232.231079,258.985274,1,1,0,0,0,1.0000
no_timestamp_guard,combined_violation_shift,4,1,1,1,973.499146,258.985274,1,1,0,0,0,1.0000
no_timestamp_guard,combined_violation_shift,4,2,1,1,640.971985,258.985274,1,1,0,0,0,1.0000
no_timestamp_guard,combined_violation_shift,4,3,1,1,552.333069,258.985274,1,1,0,0,0,1.0000
no_timestamp_guard,combined_violation_shift,4,4,1,1,467.769257,258.985274,1,1,0,0,0,1.0000
no_timestamp_guard,combined_violation_shift,4,5,1,1,392.370361,258.985274,1,1,0,0,0,1.0000
no_timestamp_guard,combined_violation_shift,4,6,1,1,417.668762,258.985274,1,1,0,0,0,1.0000
no_timestamp_guard,combined_violation_shift,4,7,1,1,1182.922974,258.985274,1,1,0,0,0,1.0000
no_timestamp_guard,combined_violation_shift,4,8,1,1,869.851624,258.985274,1,1,0,0,0,1.0000
no_timestamp_guard,combined_violation_shift,4,9,1,1,489.648621,258.985274,1,1,0,0,0,1.0000
no_timestamp_guard,combined_violation_shift,5,0,1,1,413.088867,258.985274,1,1,0,0,0,1.0000
no_timestamp_guard,combined_violation_shift,5,1,1,1,721.998535,258.985274,1,1,0,0,0,1.0000
no_timestamp_guard,combined_violation_shift,5,2,1,1,742.660339,258.985274,1,1,0,0,0,1.0000
no_timestamp_guard,combined_violation_shift,5,3,1,1,505.157349,258.985274,1,1,0,0,0,1.0000
no_timestamp_guard,combined_violation_shift,5,4,1,1,1318.344849,258.985274,1,1,0,0,0,1.0000
no_timestamp_guard,combined_violation_shift,5,5,1,1,619.493530,258.985274,1,1,0,0,0,1.0000
no_timestamp_guard,combined_violation_shift,5,6,1,1,1103.803223,258.985274,1,1,0,0,0,1.0000
no_timestamp_guard,combined_violation_shift,5,7,1,1,588.596375,258.985274,1,1,0,0,0,1.0000
no_timestamp_guard,combined_violation_shift,5,8,1,1,867.060974,258.985274,1,1,0,0,0,1.0000
no_timestamp_guard,combined_violation_shift,5,9,1,1,705.071106,258.985274,1,1,0,0,0,1.0000
no_timestamp_guard,combined_violation_shift,6,0,1,1,505.183990,258.985274,1,1,0,0,0,1.0000
no_timestamp_guard,combined_violation_shift,6,1,1,1,475.372131,258.985274,1,1,0,0,0,1.0000
no_timestamp_guard,combined_violation_shift,6,2,1,1,384.136902,258.985274,1,1,0,0,0,1.0000
no_timestamp_guard,combined_violation_shift,6,3,1,1,562.372192,258.985274,1,1,0,0,0,1.0000
no_timestamp_guard,combined_violation_shift,6,4,1,1,605.834290,258.985274,1,1,0,0,0,1.0000
no_timestamp_guard,combined_violation_shift,6,5,1,1,809.248779,258.985274,1,1,0,0,0,1.0000
no_timestamp_guard,combined_violation_shift,6,6,1,1,808.442383,258.985274,1,1,0,0,0,1.0000
no_timestamp_guard,combined_violation_shift,6,7,1,1,800.614868,258.985274,1,1,0,0,0,1.0000
no_timestamp_guard,combined_violation_shift,6,8,1,1,598.104187,258.985274,1,1,0,0,0,1.0000
no_timestamp_guard,combined_violation_shift,6,9,1,1,481.063965,258.985274,1,1,0,0,0,1.0000
no_timestamp_guard,combined_violation_shift,7,0,1,1,789.369202,258.985274,1,1,0,0,0,1.0000
no_timestamp_guard,combined_violation_shift,7,1,1,1,596.366882,258.985274,1,1,0,0,0,1.0000
no_timestamp_guard,combined_violation_shift,7,2,1,1,845.265442,258.985274,1,1,0,0,0,1.0000
no_timestamp_guard,combined_violation_shift,7,3,1,1,631.137146,258.985274,1,1,0,0,0,1.0000
no_timestamp_guard,combined_violation_shift,7,4,1,1,933.284363,258.985274,1,1,0,0,0,1.0000
no_timestamp_guard,combined_violation_shift,7,5,1,1,802.329346,258.985274,1,1,0,0,0,1.0000
no_timestamp_guard,combined_violation_shift,7,6,1,1,445.960785,258.985274,1,1,0,0,0,1.0000
no_timestamp_guard,combined_violation_shift,7,7,1,1,483.031952,258.985274,1,1,0,0,0,1.0000
no_timestamp_guard,combined_violation_shift,7,8,1,1,1103.090332,258.985274,1,1,0,0,0,1.0000
no_timestamp_guard,combined_violation_shift,7,9,1,1,496.524750,258.985274,1,1,0,0,0,1.0000
no_timestamp_guard,adversarial_compensated_violation,0,0,1,1,225.160843,258.985274,0,0,0,1,0,1.0000
no_timestamp_guard,adversarial_compensated_violation,0,1,1,1,103.847481,258.985274,0,0,0,1,0,1.0000
no_timestamp_guard,adversarial_compensated_violation,0,2,1,1,399.354614,258.985274,1,1,0,0,0,1.0000
no_timestamp_guard,adversarial_compensated_violation,0,3,1,1,570.617493,258.985274,1,1,0,0,0,1.0000
no_timestamp_guard,adversarial_compensated_violation,0,4,1,1,286.506531,258.985274,1,1,0,0,0,1.0000
no_timestamp_guard,adversarial_compensated_violation,0,5,1,1,191.667175,258.985274,0,0,0,1,0,1.0000
no_timestamp_guard,adversarial_compensated_violation,0,6,1,1,393.843384,258.985274,1,1,0,0,0,1.0000
no_timestamp_guard,adversarial_compensated_violation,0,7,1,1,202.255356,258.985274,0,0,0,1,0,1.0000
no_timestamp_guard,adversarial_compensated_violation,0,8,1,1,518.974365,258.985274,1,1,0,0,0,1.0000
no_timestamp_guard,adversarial_compensated_violation,0,9,1,1,231.887436,258.985274,0,0,0,1,0,1.0000
no_timestamp_guard,adversarial_compensated_violation,1,0,1,1,157.021866,258.985274,0,0,0,1,0,1.0000
no_timestamp_guard,adversarial_compensated_violation,1,1,1,1,230.744293,258.985274,0,0,0,1,0,1.0000
no_timestamp_guard,adversarial_compensated_violation,1,2,1,1,312.195923,258.985274,1,1,0,0,0,1.0000
no_timestamp_guard,adversarial_compensated_violation,1,3,1,1,427.739227,258.985274,1,1,0,0,0,1.0000
no_timestamp_guard,adversarial_compensated_violation,1,4,1,1,618.312378,258.985274,1,1,0,0,0,1.0000
no_timestamp_guard,adversarial_compensated_violation,1,5,1,1,335.275238,258.985274,1,1,0,0,0,1.0000
no_timestamp_guard,adversarial_compensated_violation,1,6,1,1,446.648438,258.985274,1,1,0,0,0,1.0000
no_timestamp_guard,adversarial_compensated_violation,1,7,1,1,483.787109,258.985274,1,1,0,0,0,1.0000
no_timestamp_guard,adversarial_compensated_violation,1,8,1,1,278.209137,258.985274,1,1,0,0,0,1.0000
no_timestamp_guard,adversarial_compensated_violation,1,9,1,1,287.957428,258.985274,1,1,0,0,0,1.0000
no_timestamp_guard,adversarial_compensated_violation,2,0,1,1,180.378647,258.985274,0,0,0,1,0,1.0000
no_timestamp_guard,adversarial_compensated_violation,2,1,1,1,189.351028,258.985274,0,0,0,1,0,1.0000
no_timestamp_guard,adversarial_compensated_violation,2,2,1,1,248.767761,258.985274,0,0,0,1,0,1.0000
no_timestamp_guard,adversarial_compensated_violation,2,3,1,1,331.814453,258.985274,1,1,0,0,0,1.0000
no_timestamp_guard,adversarial_compensated_violation,2,4,1,1,327.719513,258.985274,1,1,0,0,0,1.0000
no_timestamp_guard,adversarial_compensated_violation,2,5,1,1,594.419983,258.985274,1,1,0,0,0,1.0000
no_timestamp_guard,adversarial_compensated_violation,2,6,1,1,79.675385,258.985274,0,0,0,1,0,1.0000
no_timestamp_guard,adversarial_compensated_violation,2,7,1,1,265.171600,258.985274,1,1,0,0,0,1.0000
no_timestamp_guard,adversarial_compensated_violation,2,8,1,1,589.613342,258.985274,1,1,0,0,0,1.0000
no_timestamp_guard,adversarial_compensated_violation,2,9,1,1,547.369812,258.985274,1,1,0,0,0,1.0000
no_timestamp_guard,adversarial_compensated_violation,3,0,1,1,84.757935,258.985274,0,0,0,1,0,1.0000
no_timestamp_guard,adversarial_compensated_violation,3,1,1,1,244.098602,258.985274,0,0,0,1,0,1.0000
no_timestamp_guard,adversarial_compensated_violation,3,2,1,1,74.201286,258.985274,0,0,0,1,0,1.0000
no_timestamp_guard,adversarial_compensated_violation,3,3,1,1,385.823090,258.985274,1,1,0,0,0,1.0000
no_timestamp_guard,adversarial_compensated_violation,3,4,1,1,133.844376,258.985274,0,0,0,1,0,1.0000
no_timestamp_guard,adversarial_compensated_violation,3,5,1,1,199.077591,258.985274,0,0,0,1,0,1.0000
no_timestamp_guard,adversarial_compensated_violation,3,6,1,1,438.487305,258.985274,1,1,0,0,0,1.0000
no_timestamp_guard,adversarial_compensated_violation,3,7,1,1,351.555420,258.985274,1,1,0,0,0,1.0000
no_timestamp_guard,adversarial_compensated_violation,3,8,1,1,481.538574,258.985274,1,1,0,0,0,1.0000
no_timestamp_guard,adversarial_compensated_violation,3,9,1,1,559.282288,258.985274,1,1,0,0,0,1.0000
no_timestamp_guard,adversarial_compensated_violation,4,0,1,1,677.918762,258.985274,1,1,0,0,0,1.0000
no_timestamp_guard,adversarial_compensated_violation,4,1,1,1,477.071289,258.985274,1,1,0,0,0,1.0000
no_timestamp_guard,adversarial_compensated_violation,4,2,1,1,672.197144,258.985274,1,1,0,0,0,1.0000
no_timestamp_guard,adversarial_compensated_violation,4,3,1,1,580.848389,258.985274,1,1,0,0,0,1.0000
no_timestamp_guard,adversarial_compensated_violation,4,4,1,1,347.676117,258.985274,1,1,0,0,0,1.0000
no_timestamp_guard,adversarial_compensated_violation,4,5,1,1,186.315857,258.985274,0,0,0,1,0,1.0000
no_timestamp_guard,adversarial_compensated_violation,4,6,1,1,125.729057,258.985274,0,0,0,1,0,1.0000
no_timestamp_guard,adversarial_compensated_violation,4,7,1,1,386.407166,258.985274,1,1,0,0,0,1.0000
no_timestamp_guard,adversarial_compensated_violation,4,8,1,1,617.844177,258.985274,1,1,0,0,0,1.0000
no_timestamp_guard,adversarial_compensated_violation,4,9,1,1,295.466309,258.985274,1,1,0,0,0,1.0000
no_timestamp_guard,adversarial_compensated_violation,5,0,1,1,267.375671,258.985274,1,1,0,0,0,1.0000
no_timestamp_guard,adversarial_compensated_violation,5,1,1,1,116.163422,258.985274,0,0,0,1,0,1.0000
no_timestamp_guard,adversarial_compensated_violation,5,2,1,1,222.843353,258.985274,0,0,0,1,0,1.0000
no_timestamp_guard,adversarial_compensated_violation,5,3,1,1,224.150482,258.985274,0,0,0,1,0,1.0000
no_timestamp_guard,adversarial_compensated_violation,5,4,1,1,503.960144,258.985274,1,1,0,0,0,1.0000
no_timestamp_guard,adversarial_compensated_violation,5,5,1,1,197.547882,258.985274,0,0,0,1,0,1.0000
no_timestamp_guard,adversarial_compensated_violation,5,6,1,1,207.947296,258.985274,0,0,0,1,0,1.0000
no_timestamp_guard,adversarial_compensated_violation,5,7,1,1,125.295433,258.985274,0,0,0,1,0,1.0000
no_timestamp_guard,adversarial_compensated_violation,5,8,1,1,435.808655,258.985274,1,1,0,0,0,1.0000
no_timestamp_guard,adversarial_compensated_violation,5,9,1,1,66.945763,258.985274,0,0,0,1,0,1.0000
no_timestamp_guard,adversarial_compensated_violation,6,0,1,1,485.257050,258.985274,1,1,0,0,0,1.0000
no_timestamp_guard,adversarial_compensated_violation,6,1,1,1,240.226028,258.985274,0,0,0,1,0,1.0000
no_timestamp_guard,adversarial_compensated_violation,6,2,1,1,522.431824,258.985274,1,1,0,0,0,1.0000
no_timestamp_guard,adversarial_compensated_violation,6,3,1,1,230.965988,258.985274,0,0,0,1,0,1.0000
no_timestamp_guard,adversarial_compensated_violation,6,4,1,1,217.808685,258.985274,0,0,0,1,0,1.0000
no_timestamp_guard,adversarial_compensated_violation,6,5,1,1,443.863525,258.985274,1,1,0,0,0,1.0000
no_timestamp_guard,adversarial_compensated_violation,6,6,1,1,228.642883,258.985274,0,0,0,1,0,1.0000
no_timestamp_guard,adversarial_compensated_violation,6,7,1,1,394.441650,258.985274,1,1,0,0,0,1.0000
no_timestamp_guard,adversarial_compensated_violation,6,8,1,1,240.947678,258.985274,0,0,0,1,0,1.0000
no_timestamp_guard,adversarial_compensated_violation,6,9,1,1,309.939972,258.985274,1,1,0,0,0,1.0000
no_timestamp_guard,adversarial_compensated_violation,7,0,1,1,189.449219,258.985274,0,0,0,1,0,1.0000
no_timestamp_guard,adversarial_compensated_violation,7,1,1,1,382.732178,258.985274,1,1,0,0,0,1.0000
no_timestamp_guard,adversarial_compensated_violation,7,2,1,1,413.862579,258.985274,1,1,0,0,0,1.0000
no_timestamp_guard,adversarial_compensated_violation,7,3,1,1,273.533142,258.985274,1,1,0,0,0,1.0000
no_timestamp_guard,adversarial_compensated_violation,7,4,1,1,273.032532,258.985274,1,1,0,0,0,1.0000
no_timestamp_guard,adversarial_compensated_violation,7,5,1,1,392.711914,258.985274,1,1,0,0,0,1.0000
no_timestamp_guard,adversarial_compensated_violation,7,6,1,1,233.314209,258.985274,0,0,0,1,0,1.0000
no_timestamp_guard,adversarial_compensated_violation,7,7,1,1,243.489487,258.985274,0,0,0,1,0,1.0000
no_timestamp_guard,adversarial_compensated_violation,7,8,1,1,551.091736,258.985274,1,1,0,0,0,1.0000
no_timestamp_guard,adversarial_compensated_violation,7,9,1,1,332.591644,258.985274,1,1,0,0,0,1.0000
no_timestamp_guard,mixed_near_threshold,0,0,1,1,199.845291,258.985274,0,0,0,1,0,1.0000
no_timestamp_guard,mixed_near_threshold,0,1,1,1,48.684498,258.985274,0,0,0,1,0,1.0000
no_timestamp_guard,mixed_near_threshold,0,2,1,1,103.339165,258.985274,0,0,0,1,0,1.0000
no_timestamp_guard,mixed_near_threshold,0,3,1,1,80.807358,258.985274,0,0,0,1,0,1.0000
no_timestamp_guard,mixed_near_threshold,0,4,1,1,27.049458,258.985274,0,0,0,1,0,1.0000
no_timestamp_guard,mixed_near_threshold,0,5,1,1,80.222954,258.985274,0,0,0,1,0,1.0000
no_timestamp_guard,mixed_near_threshold,0,6,1,1,32.252411,258.985274,0,0,0,1,0,1.0000
no_timestamp_guard,mixed_near_threshold,0,7,1,1,50.386856,258.985274,0,0,0,1,0,1.0000
no_timestamp_guard,mixed_near_threshold,0,8,1,1,196.194992,258.985274,0,0,0,1,0,1.0000
no_timestamp_guard,mixed_near_threshold,0,9,1,1,166.122208,258.985274,0,0,0,1,0,1.0000
no_timestamp_guard,mixed_near_threshold,1,0,1,1,45.577538,258.985274,0,0,0,1,0,1.0000
no_timestamp_guard,mixed_near_threshold,1,1,1,1,93.308578,258.985274,0,0,0,1,0,1.0000
no_timestamp_guard,mixed_near_threshold,1,2,1,1,25.842960,258.985274,0,0,0,1,0,1.0000
no_timestamp_guard,mixed_near_threshold,1,3,1,1,39.927708,258.985274,0,0,0,1,0,1.0000
no_timestamp_guard,mixed_near_threshold,1,4,1,1,108.483643,258.985274,0,0,0,1,0,1.0000
no_timestamp_guard,mixed_near_threshold,1,5,1,1,87.715065,258.985274,0,0,0,1,0,1.0000
no_timestamp_guard,mixed_near_threshold,1,6,1,1,45.023544,258.985274,0,0,0,1,0,1.0000
no_timestamp_guard,mixed_near_threshold,1,7,1,1,141.383377,258.985274,0,0,0,1,0,1.0000
no_timestamp_guard,mixed_near_threshold,1,8,1,1,34.964603,258.985274,0,0,0,1,0,1.0000
no_timestamp_guard,mixed_near_threshold,1,9,1,1,42.300968,258.985274,0,0,0,1,0,1.0000
no_timestamp_guard,mixed_near_threshold,2,0,1,1,110.676514,258.985274,0,0,0,1,0,1.0000
no_timestamp_guard,mixed_near_threshold,2,1,1,1,51.348957,258.985274,0,0,0,1,0,1.0000
no_timestamp_guard,mixed_near_threshold,2,2,1,1,28.441881,258.985274,0,0,0,1,0,1.0000
no_timestamp_guard,mixed_near_threshold,2,3,1,1,29.014580,258.985274,0,0,0,1,0,1.0000
no_timestamp_guard,mixed_near_threshold,2,4,1,1,104.513130,258.985274,0,0,0,1,0,1.0000
no_timestamp_guard,mixed_near_threshold,2,5,1,1,80.795952,258.985274,0,0,0,1,0,1.0000
no_timestamp_guard,mixed_near_threshold,2,6,1,1,53.426086,258.985274,0,0,0,1,0,1.0000
no_timestamp_guard,mixed_near_threshold,2,7,1,1,56.647152,258.985274,0,0,0,1,0,1.0000
no_timestamp_guard,mixed_near_threshold,2,8,1,1,85.023331,258.985274,0,0,0,1,0,1.0000
no_timestamp_guard,mixed_near_threshold,2,9,1,1,48.303337,258.985274,0,0,0,1,0,1.0000
no_timestamp_guard,mixed_near_threshold,3,0,1,1,23.192198,258.985274,0,0,0,1,0,1.0000
no_timestamp_guard,mixed_near_threshold,3,1,1,1,25.455202,258.985274,0,0,0,1,0,1.0000
no_timestamp_guard,mixed_near_threshold,3,2,1,1,61.971119,258.985274,0,0,0,1,0,1.0000
no_timestamp_guard,mixed_near_threshold,3,3,1,1,123.418022,258.985274,0,0,0,1,0,1.0000
no_timestamp_guard,mixed_near_threshold,3,4,1,1,44.669010,258.985274,0,0,0,1,0,1.0000
no_timestamp_guard,mixed_near_threshold,3,5,1,1,87.068596,258.985274,0,0,0,1,0,1.0000
no_timestamp_guard,mixed_near_threshold,3,6,1,1,34.018620,258.985274,0,0,0,1,0,1.0000
no_timestamp_guard,mixed_near_threshold,3,7,1,1,124.120270,258.985274,0,0,0,1,0,1.0000
no_timestamp_guard,mixed_near_threshold,3,8,1,1,38.858471,258.985274,0,0,0,1,0,1.0000
no_timestamp_guard,mixed_near_threshold,3,9,1,1,141.820786,258.985274,0,0,0,1,0,1.0000
no_timestamp_guard,mixed_near_threshold,4,0,1,1,159.379593,258.985274,0,0,0,1,0,1.0000
no_timestamp_guard,mixed_near_threshold,4,1,1,1,123.068047,258.985274,0,0,0,1,0,1.0000
no_timestamp_guard,mixed_near_threshold,4,2,1,1,76.786034,258.985274,0,0,0,1,0,1.0000
no_timestamp_guard,mixed_near_threshold,4,3,1,1,46.534286,258.985274,0,0,0,1,0,1.0000
no_timestamp_guard,mixed_near_threshold,4,4,1,1,31.890753,258.985274,0,0,0,1,0,1.0000
no_timestamp_guard,mixed_near_threshold,4,5,1,1,21.612041,258.985274,0,0,0,1,0,1.0000
no_timestamp_guard,mixed_near_threshold,4,6,1,1,30.677984,258.985274,0,0,0,1,0,1.0000
no_timestamp_guard,mixed_near_threshold,4,7,1,1,209.321381,258.985274,0,0,0,1,0,1.0000
no_timestamp_guard,mixed_near_threshold,4,8,1,1,61.440937,258.985274,0,0,0,1,0,1.0000
no_timestamp_guard,mixed_near_threshold,4,9,1,1,87.376579,258.985274,0,0,0,1,0,1.0000
no_timestamp_guard,mixed_near_threshold,5,0,1,1,28.102215,258.985274,0,0,0,1,0,1.0000
no_timestamp_guard,mixed_near_threshold,5,1,1,1,56.158607,258.985274,0,0,0,1,0,1.0000
no_timestamp_guard,mixed_near_threshold,5,2,1,1,44.581711,258.985274,0,0,0,1,0,1.0000
no_timestamp_guard,mixed_near_threshold,5,3,1,1,82.513046,258.985274,0,0,0,1,0,1.0000
no_timestamp_guard,mixed_near_threshold,5,4,1,1,151.951096,258.985274,0,0,0,1,0,1.0000
no_timestamp_guard,mixed_near_threshold,5,5,1,1,50.950851,258.985274,0,0,0,1,0,1.0000
no_timestamp_guard,mixed_near_threshold,5,6,1,1,177.571930,258.985274,0,0,0,1,0,1.0000
no_timestamp_guard,mixed_near_threshold,5,7,1,1,73.274521,258.985274,0,0,0,1,0,1.0000
no_timestamp_guard,mixed_near_threshold,5,8,1,1,70.074181,258.985274,0,0,0,1,0,1.0000
no_timestamp_guard,mixed_near_threshold,5,9,1,1,93.129463,258.985274,0,0,0,1,0,1.0000
no_timestamp_guard,mixed_near_threshold,6,0,1,1,38.176292,258.985274,0,0,0,1,0,1.0000
no_timestamp_guard,mixed_near_threshold,6,1,1,1,32.156364,258.985274,0,0,0,1,0,1.0000
no_timestamp_guard,mixed_near_threshold,6,2,1,1,24.160416,258.985274,0,0,0,1,0,1.0000
no_timestamp_guard,mixed_near_threshold,6,3,1,1,101.376854,258.985274,0,0,0,1,0,1.0000
no_timestamp_guard,mixed_near_threshold,6,4,1,1,42.514481,258.985274,0,0,0,1,0,1.0000
no_timestamp_guard,mixed_near_threshold,6,5,1,1,130.283493,258.985274,0,0,0,1,0,1.0000
no_timestamp_guard,mixed_near_threshold,6,6,1,1,122.331184,258.985274,0,0,0,1,0,1.0000
no_timestamp_guard,mixed_near_threshold,6,7,1,1,47.490887,258.985274,0,0,0,1,0,1.0000
no_timestamp_guard,mixed_near_threshold,6,8,1,1,27.760706,258.985274,0,0,0,1,0,1.0000
no_timestamp_guard,mixed_near_threshold,6,9,1,1,44.396099,258.985274,0,0,0,1,0,1.0000
no_timestamp_guard,mixed_near_threshold,7,0,1,1,110.393539,258.985274,0,0,0,1,0,1.0000
no_timestamp_guard,mixed_near_threshold,7,1,1,1,39.488625,258.985274,0,0,0,1,0,1.0000
no_timestamp_guard,mixed_near_threshold,7,2,1,1,60.919994,258.985274,0,0,0,1,0,1.0000
no_timestamp_guard,mixed_near_threshold,7,3,1,1,49.483719,258.985274,0,0,0,1,0,1.0000
no_timestamp_guard,mixed_near_threshold,7,4,1,1,75.903717,258.985274,0,0,0,1,0,1.0000
no_timestamp_guard,mixed_near_threshold,7,5,1,1,117.191071,258.985274,0,0,0,1,0,1.0000
no_timestamp_guard,mixed_near_threshold,7,6,1,1,30.379297,258.985274,0,0,0,1,0,1.0000
no_timestamp_guard,mixed_near_threshold,7,7,1,1,40.587273,258.985274,0,0,0,1,0,1.0000
no_timestamp_guard,mixed_near_threshold,7,8,1,1,165.329910,258.985274,0,0,0,1,0,1.0000
no_timestamp_guard,mixed_near_threshold,7,9,1,1,32.729706,258.985274,0,0,0,1,0,1.0000
no_timestamp_guard,rare_valid_bounce,0,0,0,0,159.115128,258.985274,0,0,0,0,1,1.0000
no_timestamp_guard,rare_valid_bounce,0,1,0,0,116.900993,258.985274,0,0,0,0,1,1.0000
no_timestamp_guard,rare_valid_bounce,0,2,0,0,194.805099,258.985274,0,0,0,0,1,1.0000
no_timestamp_guard,rare_valid_bounce,0,3,0,0,228.758255,258.985274,0,0,0,0,1,1.0000
no_timestamp_guard,rare_valid_bounce,0,4,0,0,149.799881,258.985274,0,0,0,0,1,1.0000
no_timestamp_guard,rare_valid_bounce,0,5,0,0,144.502457,258.985274,0,0,0,0,1,1.0000
no_timestamp_guard,rare_valid_bounce,0,6,0,0,205.780380,258.985274,0,0,0,0,1,1.0000
no_timestamp_guard,rare_valid_bounce,0,7,0,0,112.922485,258.985274,0,0,0,0,1,1.0000
no_timestamp_guard,rare_valid_bounce,0,8,0,0,244.474319,258.985274,0,0,0,0,1,1.0000
no_timestamp_guard,rare_valid_bounce,0,9,0,0,142.393066,258.985274,0,0,0,0,1,1.0000
no_timestamp_guard,rare_valid_bounce,1,0,0,0,185.879272,258.985274,0,0,0,0,1,1.0000
no_timestamp_guard,rare_valid_bounce,1,1,0,0,106.840523,258.985274,0,0,0,0,1,1.0000
no_timestamp_guard,rare_valid_bounce,1,2,0,0,170.313324,258.985274,0,0,0,0,1,1.0000
no_timestamp_guard,rare_valid_bounce,1,3,0,0,186.166824,258.985274,0,0,0,0,1,1.0000
no_timestamp_guard,rare_valid_bounce,1,4,0,0,202.680511,258.985274,0,0,0,0,1,1.0000
no_timestamp_guard,rare_valid_bounce,1,5,0,0,166.342026,258.985274,0,0,0,0,1,1.0000
no_timestamp_guard,rare_valid_bounce,1,6,0,0,183.433304,258.985274,0,0,0,0,1,1.0000
no_timestamp_guard,rare_valid_bounce,1,7,0,0,193.101685,258.985274,0,0,0,0,1,1.0000
no_timestamp_guard,rare_valid_bounce,1,8,0,0,136.399033,258.985274,0,0,0,0,1,1.0000
no_timestamp_guard,rare_valid_bounce,1,9,0,0,132.019928,258.985274,0,0,0,0,1,1.0000
no_timestamp_guard,rare_valid_bounce,2,0,0,0,109.074593,258.985274,0,0,0,0,1,1.0000
no_timestamp_guard,rare_valid_bounce,2,1,0,0,83.130600,258.985274,0,0,0,0,1,1.0000
no_timestamp_guard,rare_valid_bounce,2,2,0,0,88.061035,258.985274,0,0,0,0,1,1.0000
no_timestamp_guard,rare_valid_bounce,2,3,0,0,175.259735,258.985274,0,0,0,0,1,1.0000
no_timestamp_guard,rare_valid_bounce,2,4,0,0,137.200302,258.985274,0,0,0,0,1,1.0000
no_timestamp_guard,rare_valid_bounce,2,5,0,0,258.170197,258.985274,0,0,0,0,1,1.0000
no_timestamp_guard,rare_valid_bounce,2,6,0,0,92.800865,258.985274,0,0,0,0,1,1.0000
no_timestamp_guard,rare_valid_bounce,2,7,0,0,127.011299,258.985274,0,0,0,0,1,1.0000
no_timestamp_guard,rare_valid_bounce,2,8,0,0,234.421738,258.985274,0,0,0,0,1,1.0000
no_timestamp_guard,rare_valid_bounce,2,9,0,0,253.768036,258.985274,0,0,0,0,1,1.0000
no_timestamp_guard,rare_valid_bounce,3,0,0,0,116.077744,258.985274,0,0,0,0,1,1.0000
no_timestamp_guard,rare_valid_bounce,3,1,0,0,144.773300,258.985274,0,0,0,0,1,1.0000
no_timestamp_guard,rare_valid_bounce,3,2,0,0,85.581451,258.985274,0,0,0,0,1,1.0000
no_timestamp_guard,rare_valid_bounce,3,3,0,0,158.954971,258.985274,0,0,0,0,1,1.0000
no_timestamp_guard,rare_valid_bounce,3,4,0,0,190.821320,258.985274,0,0,0,0,1,1.0000
no_timestamp_guard,rare_valid_bounce,3,5,0,0,134.753006,258.985274,0,0,0,0,1,1.0000
no_timestamp_guard,rare_valid_bounce,3,6,0,0,241.782257,258.985274,0,0,0,0,1,1.0000
no_timestamp_guard,rare_valid_bounce,3,7,0,0,200.289459,258.985274,0,0,0,0,1,1.0000
no_timestamp_guard,rare_valid_bounce,3,8,0,0,231.835571,258.985274,0,0,0,0,1,1.0000
no_timestamp_guard,rare_valid_bounce,3,9,0,0,239.228867,258.985274,0,0,0,0,1,1.0000
no_timestamp_guard,rare_valid_bounce,4,0,0,0,301.861053,258.985274,1,0,1,0,0,1.0000
no_timestamp_guard,rare_valid_bounce,4,1,0,0,199.977814,258.985274,0,0,0,0,1,1.0000
no_timestamp_guard,rare_valid_bounce,4,2,0,0,257.088074,258.985274,0,0,0,0,1,1.0000
no_timestamp_guard,rare_valid_bounce,4,3,0,0,274.471741,258.985274,1,0,1,0,0,1.0000
no_timestamp_guard,rare_valid_bounce,4,4,0,0,152.036682,258.985274,0,0,0,0,1,1.0000
no_timestamp_guard,rare_valid_bounce,4,5,0,0,100.322311,258.985274,0,0,0,0,1,1.0000
no_timestamp_guard,rare_valid_bounce,4,6,0,0,194.544708,258.985274,0,0,0,0,1,1.0000
no_timestamp_guard,rare_valid_bounce,4,7,0,0,122.619545,258.985274,0,0,0,0,1,1.0000
no_timestamp_guard,rare_valid_bounce,4,8,0,0,247.251312,258.985274,0,0,0,0,1,1.0000
no_timestamp_guard,rare_valid_bounce,4,9,0,0,179.851242,258.985274,0,0,0,0,1,1.0000
no_timestamp_guard,rare_valid_bounce,5,0,0,0,109.723389,258.985274,0,0,0,0,1,1.0000
no_timestamp_guard,rare_valid_bounce,5,1,0,0,116.180069,258.985274,0,0,0,0,1,1.0000
no_timestamp_guard,rare_valid_bounce,5,2,0,0,141.328949,258.985274,0,0,0,0,1,1.0000
no_timestamp_guard,rare_valid_bounce,5,3,0,0,116.565697,258.985274,0,0,0,0,1,1.0000
no_timestamp_guard,rare_valid_bounce,5,4,0,0,294.371460,258.985274,1,0,1,0,0,1.0000
no_timestamp_guard,rare_valid_bounce,5,5,0,0,70.634560,258.985274,0,0,0,0,1,1.0000
no_timestamp_guard,rare_valid_bounce,5,6,0,0,78.404007,258.985274,0,0,0,0,1,1.0000
no_timestamp_guard,rare_valid_bounce,5,7,0,0,128.324860,258.985274,0,0,0,0,1,1.0000
no_timestamp_guard,rare_valid_bounce,5,8,0,0,191.941498,258.985274,0,0,0,0,1,1.0000
no_timestamp_guard,rare_valid_bounce,5,9,0,0,96.424484,258.985274,0,0,0,0,1,1.0000
no_timestamp_guard,rare_valid_bounce,6,0,0,0,220.084106,258.985274,0,0,0,0,1,1.0000
no_timestamp_guard,rare_valid_bounce,6,1,0,0,140.568710,258.985274,0,0,0,0,1,1.0000
no_timestamp_guard,rare_valid_bounce,6,2,0,0,277.065247,258.985274,1,0,1,0,0,1.0000
no_timestamp_guard,rare_valid_bounce,6,3,0,0,129.378815,258.985274,0,0,0,0,1,1.0000
no_timestamp_guard,rare_valid_bounce,6,4,0,0,143.116150,258.985274,0,0,0,0,1,1.0000
no_timestamp_guard,rare_valid_bounce,6,5,0,0,203.321609,258.985274,0,0,0,0,1,1.0000
no_timestamp_guard,rare_valid_bounce,6,6,0,0,125.880371,258.985274,0,0,0,0,1,1.0000
no_timestamp_guard,rare_valid_bounce,6,7,0,0,195.117325,258.985274,0,0,0,0,1,1.0000
no_timestamp_guard,rare_valid_bounce,6,8,0,0,131.810760,258.985274,0,0,0,0,1,1.0000
no_timestamp_guard,rare_valid_bounce,6,9,0,0,131.722366,258.985274,0,0,0,0,1,1.0000
no_timestamp_guard,rare_valid_bounce,7,0,0,0,154.027908,258.985274,0,0,0,0,1,1.0000
no_timestamp_guard,rare_valid_bounce,7,1,0,0,187.666046,258.985274,0,0,0,0,1,1.0000
no_timestamp_guard,rare_valid_bounce,7,2,0,0,191.307297,258.985274,0,0,0,0,1,1.0000
no_timestamp_guard,rare_valid_bounce,7,3,0,0,138.737823,258.985274,0,0,0,0,1,1.0000
no_timestamp_guard,rare_valid_bounce,7,4,0,0,120.933830,258.985274,0,0,0,0,1,1.0000
no_timestamp_guard,rare_valid_bounce,7,5,0,0,178.457825,258.985274,0,0,0,0,1,1.0000
no_timestamp_guard,rare_valid_bounce,7,6,0,0,107.440552,258.985274,0,0,0,0,1,1.0000
no_timestamp_guard,rare_valid_bounce,7,7,0,0,162.538422,258.985274,0,0,0,0,1,1.0000
no_timestamp_guard,rare_valid_bounce,7,8,0,0,239.786591,258.985274,0,0,0,0,1,1.0000
no_timestamp_guard,rare_valid_bounce,7,9,0,0,157.617035,258.985274,0,0,0,0,1,1.0000
no_rare_valid_guard,combined_violation_shift,0,0,1,1,1277.078369,258.985274,1,1,0,0,0,1.0000
no_rare_valid_guard,combined_violation_shift,0,1,1,1,714.180725,258.985274,1,1,0,0,0,1.0000
no_rare_valid_guard,combined_violation_shift,0,2,1,1,617.212402,258.985274,1,1,0,0,0,1.0000
no_rare_valid_guard,combined_violation_shift,0,3,1,1,545.581299,258.985274,1,1,0,0,0,1.0000
no_rare_valid_guard,combined_violation_shift,0,4,1,1,448.533997,258.985274,1,1,0,0,0,1.0000
no_rare_valid_guard,combined_violation_shift,0,5,1,1,480.117981,258.985274,1,1,0,0,0,1.0000
no_rare_valid_guard,combined_violation_shift,0,6,1,1,542.975586,258.985274,1,1,0,0,0,1.0000
no_rare_valid_guard,combined_violation_shift,0,7,1,1,925.223999,258.985274,1,1,0,0,0,1.0000
no_rare_valid_guard,combined_violation_shift,0,8,1,1,1095.662720,258.985274,1,1,0,0,0,1.0000
no_rare_valid_guard,combined_violation_shift,0,9,1,1,1100.895020,258.985274,1,1,0,0,0,1.0000
no_rare_valid_guard,combined_violation_shift,1,0,1,1,675.501038,258.985274,1,1,0,0,0,1.0000
no_rare_valid_guard,combined_violation_shift,1,1,1,1,765.981628,258.985274,1,1,0,0,0,1.0000
no_rare_valid_guard,combined_violation_shift,1,2,1,1,474.225067,258.985274,1,1,0,0,0,1.0000
no_rare_valid_guard,combined_violation_shift,1,3,1,1,516.707153,258.985274,1,1,0,0,0,1.0000
no_rare_valid_guard,combined_violation_shift,1,4,1,1,657.712646,258.985274,1,1,0,0,0,1.0000
no_rare_valid_guard,combined_violation_shift,1,5,1,1,555.696838,258.985274,1,1,0,0,0,1.0000
no_rare_valid_guard,combined_violation_shift,1,6,1,1,599.271973,258.985274,1,1,0,0,0,1.0000
no_rare_valid_guard,combined_violation_shift,1,7,1,1,872.068970,258.985274,1,1,0,0,0,1.0000
no_rare_valid_guard,combined_violation_shift,1,8,1,1,451.230377,258.985274,1,1,0,0,0,1.0000
no_rare_valid_guard,combined_violation_shift,1,9,1,1,491.635254,258.985274,1,1,0,0,0,1.0000
no_rare_valid_guard,combined_violation_shift,2,0,1,1,679.815735,258.985274,1,1,0,0,0,1.0000
no_rare_valid_guard,combined_violation_shift,2,1,1,1,559.572144,258.985274,1,1,0,0,0,1.0000
no_rare_valid_guard,combined_violation_shift,2,2,1,1,494.877319,258.985274,1,1,0,0,0,1.0000
no_rare_valid_guard,combined_violation_shift,2,3,1,1,576.544128,258.985274,1,1,0,0,0,1.0000
no_rare_valid_guard,combined_violation_shift,2,4,1,1,537.991516,258.985274,1,1,0,0,0,1.0000
no_rare_valid_guard,combined_violation_shift,2,5,1,1,507.726257,258.985274,1,1,0,0,0,1.0000
no_rare_valid_guard,combined_violation_shift,2,6,1,1,759.717163,258.985274,1,1,0,0,0,1.0000
no_rare_valid_guard,combined_violation_shift,2,7,1,1,447.335175,258.985274,1,1,0,0,0,1.0000
no_rare_valid_guard,combined_violation_shift,2,8,1,1,1179.821777,258.985274,1,1,0,0,0,1.0000
no_rare_valid_guard,combined_violation_shift,2,9,1,1,652.104919,258.985274,1,1,0,0,0,1.0000
no_rare_valid_guard,combined_violation_shift,3,0,1,1,491.647949,258.985274,1,1,0,0,0,1.0000
no_rare_valid_guard,combined_violation_shift,3,1,1,1,457.305481,258.985274,1,1,0,0,0,1.0000
no_rare_valid_guard,combined_violation_shift,3,2,1,1,659.221924,258.985274,1,1,0,0,0,1.0000
no_rare_valid_guard,combined_violation_shift,3,3,1,1,785.860718,258.985274,1,1,0,0,0,1.0000
no_rare_valid_guard,combined_violation_shift,3,4,1,1,608.694580,258.985274,1,1,0,0,0,1.0000
no_rare_valid_guard,combined_violation_shift,3,5,1,1,588.881714,258.985274,1,1,0,0,0,1.0000
no_rare_valid_guard,combined_violation_shift,3,6,1,1,481.973572,258.985274,1,1,0,0,0,1.0000
no_rare_valid_guard,combined_violation_shift,3,7,1,1,778.242676,258.985274,1,1,0,0,0,1.0000
no_rare_valid_guard,combined_violation_shift,3,8,1,1,526.704102,258.985274,1,1,0,0,0,1.0000
no_rare_valid_guard,combined_violation_shift,3,9,1,1,1028.261963,258.985274,1,1,0,0,0,1.0000
no_rare_valid_guard,combined_violation_shift,4,0,1,1,1232.231445,258.985274,1,1,0,0,0,1.0000
no_rare_valid_guard,combined_violation_shift,4,1,1,1,973.499390,258.985274,1,1,0,0,0,1.0000
no_rare_valid_guard,combined_violation_shift,4,2,1,1,640.972107,258.985274,1,1,0,0,0,1.0000
no_rare_valid_guard,combined_violation_shift,4,3,1,1,552.333191,258.985274,1,1,0,0,0,1.0000
no_rare_valid_guard,combined_violation_shift,4,4,1,1,482.372955,258.985274,1,1,0,0,0,1.0000
no_rare_valid_guard,combined_violation_shift,4,5,1,1,425.426361,258.985274,1,1,0,0,0,1.0000
no_rare_valid_guard,combined_violation_shift,4,6,1,1,448.827087,258.985274,1,1,0,0,0,1.0000
no_rare_valid_guard,combined_violation_shift,4,7,1,1,1182.923218,258.985274,1,1,0,0,0,1.0000
no_rare_valid_guard,combined_violation_shift,4,8,1,1,869.851807,258.985274,1,1,0,0,0,1.0000
no_rare_valid_guard,combined_violation_shift,4,9,1,1,491.607544,258.985274,1,1,0,0,0,1.0000
no_rare_valid_guard,combined_violation_shift,5,0,1,1,432.085510,258.985274,1,1,0,0,0,1.0000
no_rare_valid_guard,combined_violation_shift,5,1,1,1,721.998718,258.985274,1,1,0,0,0,1.0000
no_rare_valid_guard,combined_violation_shift,5,2,1,1,742.660583,258.985274,1,1,0,0,0,1.0000
no_rare_valid_guard,combined_violation_shift,5,3,1,1,505.157471,258.985274,1,1,0,0,0,1.0000
no_rare_valid_guard,combined_violation_shift,5,4,1,1,1318.345215,258.985274,1,1,0,0,0,1.0000
no_rare_valid_guard,combined_violation_shift,5,5,1,1,619.493835,258.985274,1,1,0,0,0,1.0000
no_rare_valid_guard,combined_violation_shift,5,6,1,1,1103.803467,258.985274,1,1,0,0,0,1.0000
no_rare_valid_guard,combined_violation_shift,5,7,1,1,588.596497,258.985274,1,1,0,0,0,1.0000
no_rare_valid_guard,combined_violation_shift,5,8,1,1,867.061157,258.985274,1,1,0,0,0,1.0000
no_rare_valid_guard,combined_violation_shift,5,9,1,1,705.071350,258.985274,1,1,0,0,0,1.0000
no_rare_valid_guard,combined_violation_shift,6,0,1,1,505.184143,258.985274,1,1,0,0,0,1.0000
no_rare_valid_guard,combined_violation_shift,6,1,1,1,508.760651,258.985274,1,1,0,0,0,1.0000
no_rare_valid_guard,combined_violation_shift,6,2,1,1,411.607910,258.985274,1,1,0,0,0,1.0000
no_rare_valid_guard,combined_violation_shift,6,3,1,1,576.178223,258.985274,1,1,0,0,0,1.0000
no_rare_valid_guard,combined_violation_shift,6,4,1,1,625.965576,258.985274,1,1,0,0,0,1.0000
no_rare_valid_guard,combined_violation_shift,6,5,1,1,809.248962,258.985274,1,1,0,0,0,1.0000
no_rare_valid_guard,combined_violation_shift,6,6,1,1,808.442627,258.985274,1,1,0,0,0,1.0000
no_rare_valid_guard,combined_violation_shift,6,7,1,1,800.615051,258.985274,1,1,0,0,0,1.0000
no_rare_valid_guard,combined_violation_shift,6,8,1,1,621.335449,258.985274,1,1,0,0,0,1.0000
no_rare_valid_guard,combined_violation_shift,6,9,1,1,481.064209,258.985274,1,1,0,0,0,1.0000
no_rare_valid_guard,combined_violation_shift,7,0,1,1,789.369202,258.985274,1,1,0,0,0,1.0000
no_rare_valid_guard,combined_violation_shift,7,1,1,1,638.806458,258.985274,1,1,0,0,0,1.0000
no_rare_valid_guard,combined_violation_shift,7,2,1,1,846.757385,258.985274,1,1,0,0,0,1.0000
no_rare_valid_guard,combined_violation_shift,7,3,1,1,631.137268,258.985274,1,1,0,0,0,1.0000
no_rare_valid_guard,combined_violation_shift,7,4,1,1,933.284851,258.985274,1,1,0,0,0,1.0000
no_rare_valid_guard,combined_violation_shift,7,5,1,1,802.329529,258.985274,1,1,0,0,0,1.0000
no_rare_valid_guard,combined_violation_shift,7,6,1,1,463.539185,258.985274,1,1,0,0,0,1.0000
no_rare_valid_guard,combined_violation_shift,7,7,1,1,493.954865,258.985274,1,1,0,0,0,1.0000
no_rare_valid_guard,combined_violation_shift,7,8,1,1,1103.090576,258.985274,1,1,0,0,0,1.0000
no_rare_valid_guard,combined_violation_shift,7,9,1,1,514.978210,258.985274,1,1,0,0,0,1.0000
no_rare_valid_guard,adversarial_compensated_violation,0,0,1,1,225.160889,258.985274,0,0,0,1,0,1.0000
no_rare_valid_guard,adversarial_compensated_violation,0,1,1,1,103.847496,258.985274,0,0,0,1,0,1.0000
no_rare_valid_guard,adversarial_compensated_violation,0,2,1,1,399.354706,258.985274,1,1,0,0,0,1.0000
no_rare_valid_guard,adversarial_compensated_violation,0,3,1,1,570.617615,258.985274,1,1,0,0,0,1.0000
no_rare_valid_guard,adversarial_compensated_violation,0,4,1,1,286.506592,258.985274,1,1,0,0,0,1.0000
no_rare_valid_guard,adversarial_compensated_violation,0,5,1,1,191.667206,258.985274,0,0,0,1,0,1.0000
no_rare_valid_guard,adversarial_compensated_violation,0,6,1,1,393.843445,258.985274,1,1,0,0,0,1.0000
no_rare_valid_guard,adversarial_compensated_violation,0,7,1,1,202.255402,258.985274,0,0,0,1,0,1.0000
no_rare_valid_guard,adversarial_compensated_violation,0,8,1,1,518.974487,258.985274,1,1,0,0,0,1.0000
no_rare_valid_guard,adversarial_compensated_violation,0,9,1,1,231.887482,258.985274,0,0,0,1,0,1.0000
no_rare_valid_guard,adversarial_compensated_violation,1,0,1,1,157.021896,258.985274,0,0,0,1,0,1.0000
no_rare_valid_guard,adversarial_compensated_violation,1,1,1,1,230.744324,258.985274,0,0,0,1,0,1.0000
no_rare_valid_guard,adversarial_compensated_violation,1,2,1,1,312.195984,258.985274,1,1,0,0,0,1.0000
no_rare_valid_guard,adversarial_compensated_violation,1,3,1,1,427.739319,258.985274,1,1,0,0,0,1.0000
no_rare_valid_guard,adversarial_compensated_violation,1,4,1,1,618.312500,258.985274,1,1,0,0,0,1.0000
no_rare_valid_guard,adversarial_compensated_violation,1,5,1,1,335.275330,258.985274,1,1,0,0,0,1.0000
no_rare_valid_guard,adversarial_compensated_violation,1,6,1,1,446.648438,258.985274,1,1,0,0,0,1.0000
no_rare_valid_guard,adversarial_compensated_violation,1,7,1,1,483.787231,258.985274,1,1,0,0,0,1.0000
no_rare_valid_guard,adversarial_compensated_violation,1,8,1,1,278.209198,258.985274,1,1,0,0,0,1.0000
no_rare_valid_guard,adversarial_compensated_violation,1,9,1,1,287.957458,258.985274,1,1,0,0,0,1.0000
no_rare_valid_guard,adversarial_compensated_violation,2,0,1,1,180.378693,258.985274,0,0,0,1,0,1.0000
no_rare_valid_guard,adversarial_compensated_violation,2,1,1,1,189.351089,258.985274,0,0,0,1,0,1.0000
no_rare_valid_guard,adversarial_compensated_violation,2,2,1,1,248.767807,258.985274,0,0,0,1,0,1.0000
no_rare_valid_guard,adversarial_compensated_violation,2,3,1,1,331.814514,258.985274,1,1,0,0,0,1.0000
no_rare_valid_guard,adversarial_compensated_violation,2,4,1,1,327.719574,258.985274,1,1,0,0,0,1.0000
no_rare_valid_guard,adversarial_compensated_violation,2,5,1,1,594.420105,258.985274,1,1,0,0,0,1.0000
no_rare_valid_guard,adversarial_compensated_violation,2,6,1,1,79.675400,258.985274,0,0,0,1,0,1.0000
no_rare_valid_guard,adversarial_compensated_violation,2,7,1,1,265.171661,258.985274,1,1,0,0,0,1.0000
no_rare_valid_guard,adversarial_compensated_violation,2,8,1,1,589.613464,258.985274,1,1,0,0,0,1.0000
no_rare_valid_guard,adversarial_compensated_violation,2,9,1,1,547.369934,258.985274,1,1,0,0,0,1.0000
no_rare_valid_guard,adversarial_compensated_violation,3,0,1,1,84.757950,258.985274,0,0,0,1,0,1.0000
no_rare_valid_guard,adversarial_compensated_violation,3,1,1,1,244.098679,258.985274,0,0,0,1,0,1.0000
no_rare_valid_guard,adversarial_compensated_violation,3,2,1,1,74.201302,258.985274,0,0,0,1,0,1.0000
no_rare_valid_guard,adversarial_compensated_violation,3,3,1,1,385.823181,258.985274,1,1,0,0,0,1.0000
no_rare_valid_guard,adversarial_compensated_violation,3,4,1,1,133.844421,258.985274,0,0,0,1,0,1.0000
no_rare_valid_guard,adversarial_compensated_violation,3,5,1,1,199.077637,258.985274,0,0,0,1,0,1.0000
no_rare_valid_guard,adversarial_compensated_violation,3,6,1,1,438.487396,258.985274,1,1,0,0,0,1.0000
no_rare_valid_guard,adversarial_compensated_violation,3,7,1,1,351.555420,258.985274,1,1,0,0,0,1.0000
no_rare_valid_guard,adversarial_compensated_violation,3,8,1,1,481.538574,258.985274,1,1,0,0,0,1.0000
no_rare_valid_guard,adversarial_compensated_violation,3,9,1,1,559.282410,258.985274,1,1,0,0,0,1.0000
no_rare_valid_guard,adversarial_compensated_violation,4,0,1,1,677.918945,258.985274,1,1,0,0,0,1.0000
no_rare_valid_guard,adversarial_compensated_violation,4,1,1,1,477.071381,258.985274,1,1,0,0,0,1.0000
no_rare_valid_guard,adversarial_compensated_violation,4,2,1,1,672.197144,258.985274,1,1,0,0,0,1.0000
no_rare_valid_guard,adversarial_compensated_violation,4,3,1,1,580.848511,258.985274,1,1,0,0,0,1.0000
no_rare_valid_guard,adversarial_compensated_violation,4,4,1,1,347.676178,258.985274,1,1,0,0,0,1.0000
no_rare_valid_guard,adversarial_compensated_violation,4,5,1,1,186.315903,258.985274,0,0,0,1,0,1.0000
no_rare_valid_guard,adversarial_compensated_violation,4,6,1,1,125.729088,258.985274,0,0,0,1,0,1.0000
no_rare_valid_guard,adversarial_compensated_violation,4,7,1,1,386.407288,258.985274,1,1,0,0,0,1.0000
no_rare_valid_guard,adversarial_compensated_violation,4,8,1,1,617.844360,258.985274,1,1,0,0,0,1.0000
no_rare_valid_guard,adversarial_compensated_violation,4,9,1,1,295.466370,258.985274,1,1,0,0,0,1.0000
no_rare_valid_guard,adversarial_compensated_violation,5,0,1,1,267.375732,258.985274,1,1,0,0,0,1.0000
no_rare_valid_guard,adversarial_compensated_violation,5,1,1,1,116.163445,258.985274,0,0,0,1,0,1.0000
no_rare_valid_guard,adversarial_compensated_violation,5,2,1,1,222.843414,258.985274,0,0,0,1,0,1.0000
no_rare_valid_guard,adversarial_compensated_violation,5,3,1,1,224.150528,258.985274,0,0,0,1,0,1.0000
no_rare_valid_guard,adversarial_compensated_violation,5,4,1,1,503.960266,258.985274,1,1,0,0,0,1.0000
no_rare_valid_guard,adversarial_compensated_violation,5,5,1,1,197.547928,258.985274,0,0,0,1,0,1.0000
no_rare_valid_guard,adversarial_compensated_violation,5,6,1,1,207.947342,258.985274,0,0,0,1,0,1.0000
no_rare_valid_guard,adversarial_compensated_violation,5,7,1,1,125.295464,258.985274,0,0,0,1,0,1.0000
no_rare_valid_guard,adversarial_compensated_violation,5,8,1,1,435.808746,258.985274,1,1,0,0,0,1.0000
no_rare_valid_guard,adversarial_compensated_violation,5,9,1,1,66.945778,258.985274,0,0,0,1,0,1.0000
no_rare_valid_guard,adversarial_compensated_violation,6,0,1,1,485.257050,258.985274,1,1,0,0,0,1.0000
no_rare_valid_guard,adversarial_compensated_violation,6,1,1,1,240.226105,258.985274,0,0,0,1,0,1.0000
no_rare_valid_guard,adversarial_compensated_violation,6,2,1,1,522.431824,258.985274,1,1,0,0,0,1.0000
no_rare_valid_guard,adversarial_compensated_violation,6,3,1,1,230.966019,258.985274,0,0,0,1,0,1.0000
no_rare_valid_guard,adversarial_compensated_violation,6,4,1,1,217.808731,258.985274,0,0,0,1,0,1.0000
no_rare_valid_guard,adversarial_compensated_violation,6,5,1,1,443.863617,258.985274,1,1,0,0,0,1.0000
no_rare_valid_guard,adversarial_compensated_violation,6,6,1,1,228.642929,258.985274,0,0,0,1,0,1.0000
no_rare_valid_guard,adversarial_compensated_violation,6,7,1,1,394.441742,258.985274,1,1,0,0,0,1.0000
no_rare_valid_guard,adversarial_compensated_violation,6,8,1,1,240.947754,258.985274,0,0,0,1,0,1.0000
no_rare_valid_guard,adversarial_compensated_violation,6,9,1,1,309.940033,258.985274,1,1,0,0,0,1.0000
no_rare_valid_guard,adversarial_compensated_violation,7,0,1,1,189.449249,258.985274,0,0,0,1,0,1.0000
no_rare_valid_guard,adversarial_compensated_violation,7,1,1,1,382.732239,258.985274,1,1,0,0,0,1.0000
no_rare_valid_guard,adversarial_compensated_violation,7,2,1,1,413.862579,258.985274,1,1,0,0,0,1.0000
no_rare_valid_guard,adversarial_compensated_violation,7,3,1,1,273.533203,258.985274,1,1,0,0,0,1.0000
no_rare_valid_guard,adversarial_compensated_violation,7,4,1,1,273.032562,258.985274,1,1,0,0,0,1.0000
no_rare_valid_guard,adversarial_compensated_violation,7,5,1,1,392.711975,258.985274,1,1,0,0,0,1.0000
no_rare_valid_guard,adversarial_compensated_violation,7,6,1,1,233.314209,258.985274,0,0,0,1,0,1.0000
no_rare_valid_guard,adversarial_compensated_violation,7,7,1,1,243.489548,258.985274,0,0,0,1,0,1.0000
no_rare_valid_guard,adversarial_compensated_violation,7,8,1,1,551.091797,258.985274,1,1,0,0,0,1.0000
no_rare_valid_guard,adversarial_compensated_violation,7,9,1,1,332.591705,258.985274,1,1,0,0,0,1.0000
no_rare_valid_guard,mixed_near_threshold,0,0,1,1,199.845322,258.985274,0,0,0,1,0,1.0000
no_rare_valid_guard,mixed_near_threshold,0,1,1,1,48.684521,258.985274,0,0,0,1,0,1.0000
no_rare_valid_guard,mixed_near_threshold,0,2,1,1,103.339188,258.985274,0,0,0,1,0,1.0000
no_rare_valid_guard,mixed_near_threshold,0,3,1,1,81.405724,258.985274,0,0,0,1,0,1.0000
no_rare_valid_guard,mixed_near_threshold,0,4,1,1,28.634771,258.985274,0,0,0,1,0,1.0000
no_rare_valid_guard,mixed_near_threshold,0,5,1,1,80.222977,258.985274,0,0,0,1,0,1.0000
no_rare_valid_guard,mixed_near_threshold,0,6,1,1,34.775398,258.985274,0,0,0,1,0,1.0000
no_rare_valid_guard,mixed_near_threshold,0,7,1,1,50.386875,258.985274,0,0,0,1,0,1.0000
no_rare_valid_guard,mixed_near_threshold,0,8,1,1,196.195038,258.985274,0,0,0,1,0,1.0000
no_rare_valid_guard,mixed_near_threshold,0,9,1,1,166.122253,258.985274,0,0,0,1,0,1.0000
no_rare_valid_guard,mixed_near_threshold,1,0,1,1,45.577538,258.985274,0,0,0,1,0,1.0000
no_rare_valid_guard,mixed_near_threshold,1,1,1,1,93.308693,258.985274,0,0,0,1,0,1.0000
no_rare_valid_guard,mixed_near_threshold,1,2,1,1,27.489653,258.985274,0,0,0,1,0,1.0000
no_rare_valid_guard,mixed_near_threshold,1,3,1,1,41.087753,258.985274,0,0,0,1,0,1.0000
no_rare_valid_guard,mixed_near_threshold,1,4,1,1,108.483665,258.985274,0,0,0,1,0,1.0000
no_rare_valid_guard,mixed_near_threshold,1,5,1,1,88.343857,258.985274,0,0,0,1,0,1.0000
no_rare_valid_guard,mixed_near_threshold,1,6,1,1,45.023544,258.985274,0,0,0,1,0,1.0000
no_rare_valid_guard,mixed_near_threshold,1,7,1,1,143.028275,258.985274,0,0,0,1,0,1.0000
no_rare_valid_guard,mixed_near_threshold,1,8,1,1,35.789268,258.985274,0,0,0,1,0,1.0000
no_rare_valid_guard,mixed_near_threshold,1,9,1,1,42.300980,258.985274,0,0,0,1,0,1.0000
no_rare_valid_guard,mixed_near_threshold,2,0,1,1,110.676537,258.985274,0,0,0,1,0,1.0000
no_rare_valid_guard,mixed_near_threshold,2,1,1,1,51.348965,258.985274,0,0,0,1,0,1.0000
no_rare_valid_guard,mixed_near_threshold,2,2,1,1,31.451620,258.985274,0,0,0,1,0,1.0000
no_rare_valid_guard,mixed_near_threshold,2,3,1,1,30.802664,258.985274,0,0,0,1,0,1.0000
no_rare_valid_guard,mixed_near_threshold,2,4,1,1,104.513153,258.985274,0,0,0,1,0,1.0000
no_rare_valid_guard,mixed_near_threshold,2,5,1,1,80.795952,258.985274,0,0,0,1,0,1.0000
no_rare_valid_guard,mixed_near_threshold,2,6,1,1,53.426125,258.985274,0,0,0,1,0,1.0000
no_rare_valid_guard,mixed_near_threshold,2,7,1,1,59.684315,258.985274,0,0,0,1,0,1.0000
no_rare_valid_guard,mixed_near_threshold,2,8,1,1,85.023354,258.985274,0,0,0,1,0,1.0000
no_rare_valid_guard,mixed_near_threshold,2,9,1,1,50.586933,258.985274,0,0,0,1,0,1.0000
no_rare_valid_guard,mixed_near_threshold,3,0,1,1,24.446091,258.985274,0,0,0,1,0,1.0000
no_rare_valid_guard,mixed_near_threshold,3,1,1,1,26.687401,258.985274,0,0,0,1,0,1.0000
no_rare_valid_guard,mixed_near_threshold,3,2,1,1,61.971134,258.985274,0,0,0,1,0,1.0000
no_rare_valid_guard,mixed_near_threshold,3,3,1,1,123.418076,258.985274,0,0,0,1,0,1.0000
no_rare_valid_guard,mixed_near_threshold,3,4,1,1,44.669022,258.985274,0,0,0,1,0,1.0000
no_rare_valid_guard,mixed_near_threshold,3,5,1,1,87.068619,258.985274,0,0,0,1,0,1.0000
no_rare_valid_guard,mixed_near_threshold,3,6,1,1,36.525848,258.985274,0,0,0,1,0,1.0000
no_rare_valid_guard,mixed_near_threshold,3,7,1,1,124.120308,258.985274,0,0,0,1,0,1.0000
no_rare_valid_guard,mixed_near_threshold,3,8,1,1,39.685253,258.985274,0,0,0,1,0,1.0000
no_rare_valid_guard,mixed_near_threshold,3,9,1,1,141.820816,258.985274,0,0,0,1,0,1.0000
no_rare_valid_guard,mixed_near_threshold,4,0,1,1,159.379623,258.985274,0,0,0,1,0,1.0000
no_rare_valid_guard,mixed_near_threshold,4,1,1,1,123.068077,258.985274,0,0,0,1,0,1.0000
no_rare_valid_guard,mixed_near_threshold,4,2,1,1,76.786049,258.985274,0,0,0,1,0,1.0000
no_rare_valid_guard,mixed_near_threshold,4,3,1,1,46.534309,258.985274,0,0,0,1,0,1.0000
no_rare_valid_guard,mixed_near_threshold,4,4,1,1,32.742512,258.985274,0,0,0,1,0,1.0000
no_rare_valid_guard,mixed_near_threshold,4,5,1,1,23.252398,258.985274,0,0,0,1,0,1.0000
no_rare_valid_guard,mixed_near_threshold,4,6,1,1,32.332447,258.985274,0,0,0,1,0,1.0000
no_rare_valid_guard,mixed_near_threshold,4,7,1,1,209.321442,258.985274,0,0,0,1,0,1.0000
no_rare_valid_guard,mixed_near_threshold,4,8,1,1,61.440983,258.985274,0,0,0,1,0,1.0000
no_rare_valid_guard,mixed_near_threshold,4,9,1,1,87.938034,258.985274,0,0,0,1,0,1.0000
no_rare_valid_guard,mixed_near_threshold,5,0,1,1,29.270561,258.985274,0,0,0,1,0,1.0000
no_rare_valid_guard,mixed_near_threshold,5,1,1,1,56.158619,258.985274,0,0,0,1,0,1.0000
no_rare_valid_guard,mixed_near_threshold,5,2,1,1,44.581730,258.985274,0,0,0,1,0,1.0000
no_rare_valid_guard,mixed_near_threshold,5,3,1,1,82.513062,258.985274,0,0,0,1,0,1.0000
no_rare_valid_guard,mixed_near_threshold,5,4,1,1,151.951126,258.985274,0,0,0,1,0,1.0000
no_rare_valid_guard,mixed_near_threshold,5,5,1,1,50.950874,258.985274,0,0,0,1,0,1.0000
no_rare_valid_guard,mixed_near_threshold,5,6,1,1,177.571976,258.985274,0,0,0,1,0,1.0000
no_rare_valid_guard,mixed_near_threshold,5,7,1,1,73.274536,258.985274,0,0,0,1,0,1.0000
no_rare_valid_guard,mixed_near_threshold,5,8,1,1,70.074196,258.985274,0,0,0,1,0,1.0000
no_rare_valid_guard,mixed_near_threshold,5,9,1,1,93.129494,258.985274,0,0,0,1,0,1.0000
no_rare_valid_guard,mixed_near_threshold,6,0,1,1,38.176300,258.985274,0,0,0,1,0,1.0000
no_rare_valid_guard,mixed_near_threshold,6,1,1,1,33.888458,258.985274,0,0,0,1,0,1.0000
no_rare_valid_guard,mixed_near_threshold,6,2,1,1,26.252058,258.985274,0,0,0,1,0,1.0000
no_rare_valid_guard,mixed_near_threshold,6,3,1,1,103.919243,258.985274,0,0,0,1,0,1.0000
no_rare_valid_guard,mixed_near_threshold,6,4,1,1,42.514515,258.985274,0,0,0,1,0,1.0000
no_rare_valid_guard,mixed_near_threshold,6,5,1,1,130.283493,258.985274,0,0,0,1,0,1.0000
no_rare_valid_guard,mixed_near_threshold,6,6,1,1,122.331215,258.985274,0,0,0,1,0,1.0000
no_rare_valid_guard,mixed_near_threshold,6,7,1,1,47.491074,258.985274,0,0,0,1,0,1.0000
no_rare_valid_guard,mixed_near_threshold,6,8,1,1,28.973768,258.985274,0,0,0,1,0,1.0000
no_rare_valid_guard,mixed_near_threshold,6,9,1,1,44.744289,258.985274,0,0,0,1,0,1.0000
no_rare_valid_guard,mixed_near_threshold,7,0,1,1,110.393539,258.985274,0,0,0,1,0,1.0000
no_rare_valid_guard,mixed_near_threshold,7,1,1,1,41.853893,258.985274,0,0,0,1,0,1.0000
no_rare_valid_guard,mixed_near_threshold,7,2,1,1,60.920044,258.985274,0,0,0,1,0,1.0000
no_rare_valid_guard,mixed_near_threshold,7,3,1,1,50.227684,258.985274,0,0,0,1,0,1.0000
no_rare_valid_guard,mixed_near_threshold,7,4,1,1,75.903732,258.985274,0,0,0,1,0,1.0000
no_rare_valid_guard,mixed_near_threshold,7,5,1,1,117.191101,258.985274,0,0,0,1,0,1.0000
no_rare_valid_guard,mixed_near_threshold,7,6,1,1,32.382099,258.985274,0,0,0,1,0,1.0000
no_rare_valid_guard,mixed_near_threshold,7,7,1,1,41.528595,258.985274,0,0,0,1,0,1.0000
no_rare_valid_guard,mixed_near_threshold,7,8,1,1,165.329941,258.985274,0,0,0,1,0,1.0000
no_rare_valid_guard,mixed_near_threshold,7,9,1,1,34.330452,258.985274,0,0,0,1,0,1.0000
no_rare_valid_guard,rare_valid_bounce,0,0,0,0,159.115158,258.985274,0,0,0,0,1,1.0000
no_rare_valid_guard,rare_valid_bounce,0,1,0,0,116.900993,258.985274,0,0,0,0,1,1.0000
no_rare_valid_guard,rare_valid_bounce,0,2,0,0,194.805099,258.985274,0,0,0,0,1,1.0000
no_rare_valid_guard,rare_valid_bounce,0,3,0,0,228.758255,258.985274,0,0,0,0,1,1.0000
no_rare_valid_guard,rare_valid_bounce,0,4,0,0,149.799881,258.985274,0,0,0,0,1,1.0000
no_rare_valid_guard,rare_valid_bounce,0,5,0,0,144.502487,258.985274,0,0,0,0,1,1.0000
no_rare_valid_guard,rare_valid_bounce,0,6,0,0,205.780426,258.985274,0,0,0,0,1,1.0000
no_rare_valid_guard,rare_valid_bounce,0,7,0,0,112.922508,258.985274,0,0,0,0,1,1.0000
no_rare_valid_guard,rare_valid_bounce,0,8,0,0,244.474365,258.985274,0,0,0,0,1,1.0000
no_rare_valid_guard,rare_valid_bounce,0,9,0,0,142.393097,258.985274,0,0,0,0,1,1.0000
no_rare_valid_guard,rare_valid_bounce,1,0,0,0,185.879318,258.985274,0,0,0,0,1,1.0000
no_rare_valid_guard,rare_valid_bounce,1,1,0,0,106.840546,258.985274,0,0,0,0,1,1.0000
no_rare_valid_guard,rare_valid_bounce,1,2,0,0,170.313324,258.985274,0,0,0,0,1,1.0000
no_rare_valid_guard,rare_valid_bounce,1,3,0,0,186.166824,258.985274,0,0,0,0,1,1.0000
no_rare_valid_guard,rare_valid_bounce,1,4,0,0,202.680511,258.985274,0,0,0,0,1,1.0000
no_rare_valid_guard,rare_valid_bounce,1,5,0,0,166.342056,258.985274,0,0,0,0,1,1.0000
no_rare_valid_guard,rare_valid_bounce,1,6,0,0,183.433304,258.985274,0,0,0,0,1,1.0000
no_rare_valid_guard,rare_valid_bounce,1,7,0,0,193.101746,258.985274,0,0,0,0,1,1.0000
no_rare_valid_guard,rare_valid_bounce,1,8,0,0,136.399033,258.985274,0,0,0,0,1,1.0000
no_rare_valid_guard,rare_valid_bounce,1,9,0,0,132.019958,258.985274,0,0,0,0,1,1.0000
no_rare_valid_guard,rare_valid_bounce,2,0,0,0,109.074593,258.985274,0,0,0,0,1,1.0000
no_rare_valid_guard,rare_valid_bounce,2,1,0,0,83.130615,258.985274,0,0,0,0,1,1.0000
no_rare_valid_guard,rare_valid_bounce,2,2,0,0,88.061035,258.985274,0,0,0,0,1,1.0000
no_rare_valid_guard,rare_valid_bounce,2,3,0,0,175.259781,258.985274,0,0,0,0,1,1.0000
no_rare_valid_guard,rare_valid_bounce,2,4,0,0,137.200302,258.985274,0,0,0,0,1,1.0000
no_rare_valid_guard,rare_valid_bounce,2,5,0,0,258.170197,258.985274,0,0,0,0,1,1.0000
no_rare_valid_guard,rare_valid_bounce,2,6,0,0,92.800865,258.985274,0,0,0,0,1,1.0000
no_rare_valid_guard,rare_valid_bounce,2,7,0,0,127.011322,258.985274,0,0,0,0,1,1.0000
no_rare_valid_guard,rare_valid_bounce,2,8,0,0,234.421738,258.985274,0,0,0,0,1,1.0000
no_rare_valid_guard,rare_valid_bounce,2,9,0,0,253.768036,258.985274,0,0,0,0,1,1.0000
no_rare_valid_guard,rare_valid_bounce,3,0,0,0,116.077766,258.985274,0,0,0,0,1,1.0000
no_rare_valid_guard,rare_valid_bounce,3,1,0,0,144.773300,258.985274,0,0,0,0,1,1.0000
no_rare_valid_guard,rare_valid_bounce,3,2,0,0,85.581451,258.985274,0,0,0,0,1,1.0000
no_rare_valid_guard,rare_valid_bounce,3,3,0,0,158.955017,258.985274,0,0,0,0,1,1.0000
no_rare_valid_guard,rare_valid_bounce,3,4,0,0,190.821381,258.985274,0,0,0,0,1,1.0000
no_rare_valid_guard,rare_valid_bounce,3,5,0,0,134.753006,258.985274,0,0,0,0,1,1.0000
no_rare_valid_guard,rare_valid_bounce,3,6,0,0,241.782257,258.985274,0,0,0,0,1,1.0000
no_rare_valid_guard,rare_valid_bounce,3,7,0,0,200.289459,258.985274,0,0,0,0,1,1.0000
no_rare_valid_guard,rare_valid_bounce,3,8,0,0,231.835571,258.985274,0,0,0,0,1,1.0000
no_rare_valid_guard,rare_valid_bounce,3,9,0,0,239.228867,258.985274,0,0,0,0,1,1.0000
no_rare_valid_guard,rare_valid_bounce,4,0,0,0,301.861053,258.985274,1,0,1,0,0,1.0000
no_rare_valid_guard,rare_valid_bounce,4,1,0,0,199.977875,258.985274,0,0,0,0,1,1.0000
no_rare_valid_guard,rare_valid_bounce,4,2,0,0,257.088074,258.985274,0,0,0,0,1,1.0000
no_rare_valid_guard,rare_valid_bounce,4,3,0,0,274.471741,258.985274,1,0,1,0,0,1.0000
no_rare_valid_guard,rare_valid_bounce,4,4,0,0,152.036697,258.985274,0,0,0,0,1,1.0000
no_rare_valid_guard,rare_valid_bounce,4,5,0,0,100.322334,258.985274,0,0,0,0,1,1.0000
no_rare_valid_guard,rare_valid_bounce,4,6,0,0,194.544754,258.985274,0,0,0,0,1,1.0000
no_rare_valid_guard,rare_valid_bounce,4,7,0,0,122.619545,258.985274,0,0,0,0,1,1.0000
no_rare_valid_guard,rare_valid_bounce,4,8,0,0,247.251312,258.985274,0,0,0,0,1,1.0000
no_rare_valid_guard,rare_valid_bounce,4,9,0,0,179.851288,258.985274,0,0,0,0,1,1.0000
no_rare_valid_guard,rare_valid_bounce,5,0,0,0,109.723412,258.985274,0,0,0,0,1,1.0000
no_rare_valid_guard,rare_valid_bounce,5,1,0,0,116.180084,258.985274,0,0,0,0,1,1.0000
no_rare_valid_guard,rare_valid_bounce,5,2,0,0,141.328979,258.985274,0,0,0,0,1,1.0000
no_rare_valid_guard,rare_valid_bounce,5,3,0,0,116.565720,258.985274,0,0,0,0,1,1.0000
no_rare_valid_guard,rare_valid_bounce,5,4,0,0,294.371460,258.985274,1,0,1,0,0,1.0000
no_rare_valid_guard,rare_valid_bounce,5,5,0,0,70.634560,258.985274,0,0,0,0,1,1.0000
no_rare_valid_guard,rare_valid_bounce,5,6,0,0,78.404022,258.985274,0,0,0,0,1,1.0000
no_rare_valid_guard,rare_valid_bounce,5,7,0,0,128.324890,258.985274,0,0,0,0,1,1.0000
no_rare_valid_guard,rare_valid_bounce,5,8,0,0,191.941544,258.985274,0,0,0,0,1,1.0000
no_rare_valid_guard,rare_valid_bounce,5,9,0,0,96.424507,258.985274,0,0,0,0,1,1.0000
no_rare_valid_guard,rare_valid_bounce,6,0,0,0,220.084106,258.985274,0,0,0,0,1,1.0000
no_rare_valid_guard,rare_valid_bounce,6,1,0,0,140.568741,258.985274,0,0,0,0,1,1.0000
no_rare_valid_guard,rare_valid_bounce,6,2,0,0,277.065247,258.985274,1,0,1,0,0,1.0000
no_rare_valid_guard,rare_valid_bounce,6,3,0,0,129.378830,258.985274,0,0,0,0,1,1.0000
no_rare_valid_guard,rare_valid_bounce,6,4,0,0,143.116180,258.985274,0,0,0,0,1,1.0000
no_rare_valid_guard,rare_valid_bounce,6,5,0,0,203.321655,258.985274,0,0,0,0,1,1.0000
no_rare_valid_guard,rare_valid_bounce,6,6,0,0,125.880402,258.985274,0,0,0,0,1,1.0000
no_rare_valid_guard,rare_valid_bounce,6,7,0,0,195.117325,258.985274,0,0,0,0,1,1.0000
no_rare_valid_guard,rare_valid_bounce,6,8,0,0,131.810760,258.985274,0,0,0,0,1,1.0000
no_rare_valid_guard,rare_valid_bounce,6,9,0,0,131.722397,258.985274,0,0,0,0,1,1.0000
no_rare_valid_guard,rare_valid_bounce,7,0,0,0,154.027954,258.985274,0,0,0,0,1,1.0000
no_rare_valid_guard,rare_valid_bounce,7,1,0,0,187.666046,258.985274,0,0,0,0,1,1.0000
no_rare_valid_guard,rare_valid_bounce,7,2,0,0,191.307343,258.985274,0,0,0,0,1,1.0000
no_rare_valid_guard,rare_valid_bounce,7,3,0,0,138.737823,258.985274,0,0,0,0,1,1.0000
no_rare_valid_guard,rare_valid_bounce,7,4,0,0,120.933868,258.985274,0,0,0,0,1,1.0000
no_rare_valid_guard,rare_valid_bounce,7,5,0,0,178.457886,258.985274,0,0,0,0,1,1.0000
no_rare_valid_guard,rare_valid_bounce,7,6,0,0,107.440552,258.985274,0,0,0,0,1,1.0000
no_rare_valid_guard,rare_valid_bounce,7,7,0,0,162.538452,258.985274,0,0,0,0,1,1.0000
no_rare_valid_guard,rare_valid_bounce,7,8,0,0,239.786652,258.985274,0,0,0,0,1,1.0000
no_rare_valid_guard,rare_valid_bounce,7,9,0,0,157.617035,258.985274,0,0,0,0,1,1.0000
no_conformal_aggregation,combined_violation_shift,0,0,1,1,1539.853882,312.183397,1,1,0,0,0,1.0000
no_conformal_aggregation,combined_violation_shift,0,1,1,1,858.830322,312.183397,1,1,0,0,0,1.0000
no_conformal_aggregation,combined_violation_shift,0,2,1,1,741.717407,312.183397,1,1,0,0,0,1.0000
no_conformal_aggregation,combined_violation_shift,0,3,1,1,655.305420,312.183397,1,1,0,0,0,1.0000
no_conformal_aggregation,combined_violation_shift,0,4,1,1,505.199951,312.183397,1,1,0,0,0,1.0000
no_conformal_aggregation,combined_violation_shift,0,5,1,1,576.029968,312.183397,1,1,0,0,0,1.0000
no_conformal_aggregation,combined_violation_shift,0,6,1,1,598.878906,312.183397,1,1,0,0,0,1.0000
no_conformal_aggregation,combined_violation_shift,0,7,1,1,1114.056885,312.183397,1,1,0,0,0,1.0000
no_conformal_aggregation,combined_violation_shift,0,8,1,1,1319.815674,312.183397,1,1,0,0,0,1.0000
no_conformal_aggregation,combined_violation_shift,0,9,1,1,1326.376953,312.183397,1,1,0,0,0,1.0000
no_conformal_aggregation,combined_violation_shift,1,0,1,1,812.168457,312.183397,1,1,0,0,0,1.0000
no_conformal_aggregation,combined_violation_shift,1,1,1,1,889.883667,312.183397,1,1,0,0,0,1.0000
no_conformal_aggregation,combined_violation_shift,1,2,1,1,527.433960,312.183397,1,1,0,0,0,1.0000
no_conformal_aggregation,combined_violation_shift,1,3,1,1,594.668884,312.183397,1,1,0,0,0,1.0000
no_conformal_aggregation,combined_violation_shift,1,4,1,1,790.675415,312.183397,1,1,0,0,0,1.0000
no_conformal_aggregation,combined_violation_shift,1,5,1,1,659.773010,312.183397,1,1,0,0,0,1.0000
no_conformal_aggregation,combined_violation_shift,1,6,1,1,720.061340,312.183397,1,1,0,0,0,1.0000
no_conformal_aggregation,combined_violation_shift,1,7,1,1,1049.621338,312.183397,1,1,0,0,0,1.0000
no_conformal_aggregation,combined_violation_shift,1,8,1,1,534.113770,312.183397,1,1,0,0,0,1.0000
no_conformal_aggregation,combined_violation_shift,1,9,1,1,589.357727,312.183397,1,1,0,0,0,1.0000
no_conformal_aggregation,combined_violation_shift,2,0,1,1,816.837952,312.183397,1,1,0,0,0,1.0000
no_conformal_aggregation,combined_violation_shift,2,1,1,1,671.663330,312.183397,1,1,0,0,0,1.0000
no_conformal_aggregation,combined_violation_shift,2,2,1,1,543.251526,312.183397,1,1,0,0,0,1.0000
no_conformal_aggregation,combined_violation_shift,2,3,1,1,646.898376,312.183397,1,1,0,0,0,1.0000
no_conformal_aggregation,combined_violation_shift,2,4,1,1,645.958374,312.183397,1,1,0,0,0,1.0000
no_conformal_aggregation,combined_violation_shift,2,5,1,1,609.199890,312.183397,1,1,0,0,0,1.0000
no_conformal_aggregation,combined_violation_shift,2,6,1,1,903.757568,312.183397,1,1,0,0,0,1.0000
no_conformal_aggregation,combined_violation_shift,2,7,1,1,493.192688,312.183397,1,1,0,0,0,1.0000
no_conformal_aggregation,combined_violation_shift,2,8,1,1,1422.164185,312.183397,1,1,0,0,0,1.0000
no_conformal_aggregation,combined_violation_shift,2,9,1,1,747.519836,312.183397,1,1,0,0,0,1.0000
no_conformal_aggregation,combined_violation_shift,3,0,1,1,571.771729,312.183397,1,1,0,0,0,1.0000
no_conformal_aggregation,combined_violation_shift,3,1,1,1,525.019226,312.183397,1,1,0,0,0,1.0000
no_conformal_aggregation,combined_violation_shift,3,2,1,1,792.337891,312.183397,1,1,0,0,0,1.0000
no_conformal_aggregation,combined_violation_shift,3,3,1,1,945.330078,312.183397,1,1,0,0,0,1.0000
no_conformal_aggregation,combined_violation_shift,3,4,1,1,731.435547,312.183397,1,1,0,0,0,1.0000
no_conformal_aggregation,combined_violation_shift,3,5,1,1,707.464661,312.183397,1,1,0,0,0,1.0000
no_conformal_aggregation,combined_violation_shift,3,6,1,1,536.862976,312.183397,1,1,0,0,0,1.0000
no_conformal_aggregation,combined_violation_shift,3,7,1,1,936.325134,312.183397,1,1,0,0,0,1.0000
no_conformal_aggregation,combined_violation_shift,3,8,1,1,610.849243,312.183397,1,1,0,0,0,1.0000
no_conformal_aggregation,combined_violation_shift,3,9,1,1,1238.351807,312.183397,1,1,0,0,0,1.0000
no_conformal_aggregation,combined_violation_shift,4,0,1,1,1485.686523,312.183397,1,1,0,0,0,1.0000
no_conformal_aggregation,combined_violation_shift,4,1,1,1,1172.781372,312.183397,1,1,0,0,0,1.0000
no_conformal_aggregation,combined_violation_shift,4,2,1,1,770.358032,312.183397,1,1,0,0,0,1.0000
no_conformal_aggregation,combined_violation_shift,4,3,1,1,663.451111,312.183397,1,1,0,0,0,1.0000
no_conformal_aggregation,combined_violation_shift,4,4,1,1,560.972900,312.183397,1,1,0,0,0,1.0000
no_conformal_aggregation,combined_violation_shift,4,5,1,1,469.861389,312.183397,1,1,0,0,0,1.0000
no_conformal_aggregation,combined_violation_shift,4,6,1,1,500.505920,312.183397,1,1,0,0,0,1.0000
no_conformal_aggregation,combined_violation_shift,4,7,1,1,1426.092651,312.183397,1,1,0,0,0,1.0000
no_conformal_aggregation,combined_violation_shift,4,8,1,1,1046.909180,312.183397,1,1,0,0,0,1.0000
no_conformal_aggregation,combined_violation_shift,4,9,1,1,587.521118,312.183397,1,1,0,0,0,1.0000
no_conformal_aggregation,combined_violation_shift,5,0,1,1,494.980408,312.183397,1,1,0,0,0,1.0000
no_conformal_aggregation,combined_violation_shift,5,1,1,1,868.278931,312.183397,1,1,0,0,0,1.0000
no_conformal_aggregation,combined_violation_shift,5,2,1,1,892.809998,312.183397,1,1,0,0,0,1.0000
no_conformal_aggregation,combined_violation_shift,5,3,1,1,606.189941,312.183397,1,1,0,0,0,1.0000
no_conformal_aggregation,combined_violation_shift,5,4,1,1,1589.403076,312.183397,1,1,0,0,0,1.0000
no_conformal_aggregation,combined_violation_shift,5,5,1,1,744.696594,312.183397,1,1,0,0,0,1.0000
no_conformal_aggregation,combined_violation_shift,5,6,1,1,1330.173584,312.183397,1,1,0,0,0,1.0000
no_conformal_aggregation,combined_violation_shift,5,7,1,1,707.381592,312.183397,1,1,0,0,0,1.0000
no_conformal_aggregation,combined_violation_shift,5,8,1,1,1043.937500,312.183397,1,1,0,0,0,1.0000
no_conformal_aggregation,combined_violation_shift,5,9,1,1,847.642700,312.183397,1,1,0,0,0,1.0000
no_conformal_aggregation,combined_violation_shift,6,0,1,1,605.875671,312.183397,1,1,0,0,0,1.0000
no_conformal_aggregation,combined_violation_shift,6,1,1,1,570.409302,312.183397,1,1,0,0,0,1.0000
no_conformal_aggregation,combined_violation_shift,6,2,1,1,459.809296,312.183397,1,1,0,0,0,1.0000
no_conformal_aggregation,combined_violation_shift,6,3,1,1,675.574951,312.183397,1,1,0,0,0,1.0000
no_conformal_aggregation,combined_violation_shift,6,4,1,1,727.794617,312.183397,1,1,0,0,0,1.0000
no_conformal_aggregation,combined_violation_shift,6,5,1,1,973.221680,312.183397,1,1,0,0,0,1.0000
no_conformal_aggregation,combined_violation_shift,6,6,1,1,972.556152,312.183397,1,1,0,0,0,1.0000
no_conformal_aggregation,combined_violation_shift,6,7,1,1,963.568359,312.183397,1,1,0,0,0,1.0000
no_conformal_aggregation,combined_violation_shift,6,8,1,1,717.988159,312.183397,1,1,0,0,0,1.0000
no_conformal_aggregation,combined_violation_shift,6,9,1,1,576.885254,312.183397,1,1,0,0,0,1.0000
no_conformal_aggregation,combined_violation_shift,7,0,1,1,949.992249,312.183397,1,1,0,0,0,1.0000
no_conformal_aggregation,combined_violation_shift,7,1,1,1,716.490906,312.183397,1,1,0,0,0,1.0000
no_conformal_aggregation,combined_violation_shift,7,2,1,1,1017.433350,312.183397,1,1,0,0,0,1.0000
no_conformal_aggregation,combined_violation_shift,7,3,1,1,758.802002,312.183397,1,1,0,0,0,1.0000
no_conformal_aggregation,combined_violation_shift,7,4,1,1,1123.930786,312.183397,1,1,0,0,0,1.0000
no_conformal_aggregation,combined_violation_shift,7,5,1,1,965.688477,312.183397,1,1,0,0,0,1.0000
no_conformal_aggregation,combined_violation_shift,7,6,1,1,534.394897,312.183397,1,1,0,0,0,1.0000
no_conformal_aggregation,combined_violation_shift,7,7,1,1,579.536926,312.183397,1,1,0,0,0,1.0000
no_conformal_aggregation,combined_violation_shift,7,8,1,1,1328.905762,312.183397,1,1,0,0,0,1.0000
no_conformal_aggregation,combined_violation_shift,7,9,1,1,595.805786,312.183397,1,1,0,0,0,1.0000
no_conformal_aggregation,adversarial_compensated_violation,0,0,1,1,270.036804,312.183397,0,0,0,1,0,1.0000
no_conformal_aggregation,adversarial_compensated_violation,0,1,1,1,124.573059,312.183397,0,0,0,1,0,1.0000
no_conformal_aggregation,adversarial_compensated_violation,0,2,1,1,480.452942,312.183397,1,1,0,0,0,1.0000
no_conformal_aggregation,adversarial_compensated_violation,0,3,1,1,687.483948,312.183397,1,1,0,0,0,1.0000
no_conformal_aggregation,adversarial_compensated_violation,0,4,1,1,344.216949,312.183397,1,1,0,0,0,1.0000
no_conformal_aggregation,adversarial_compensated_violation,0,5,1,1,229.544266,312.183397,0,0,0,1,0,1.0000
no_conformal_aggregation,adversarial_compensated_violation,0,6,1,1,473.901184,312.183397,1,1,0,0,0,1.0000
no_conformal_aggregation,adversarial_compensated_violation,0,7,1,1,242.268845,312.183397,0,0,0,1,0,1.0000
no_conformal_aggregation,adversarial_compensated_violation,0,8,1,1,624.919678,312.183397,1,1,0,0,0,1.0000
no_conformal_aggregation,adversarial_compensated_violation,0,9,1,1,278.250427,312.183397,0,0,0,1,0,1.0000
no_conformal_aggregation,adversarial_compensated_violation,1,0,1,1,188.727905,312.183397,0,0,0,1,0,1.0000
no_conformal_aggregation,adversarial_compensated_violation,1,1,1,1,276.712189,312.183397,0,0,0,1,0,1.0000
no_conformal_aggregation,adversarial_compensated_violation,1,2,1,1,375.339752,312.183397,1,1,0,0,0,1.0000
no_conformal_aggregation,adversarial_compensated_violation,1,3,1,1,514.875977,312.183397,1,1,0,0,0,1.0000
no_conformal_aggregation,adversarial_compensated_violation,1,4,1,1,745.096252,312.183397,1,1,0,0,0,1.0000
no_conformal_aggregation,adversarial_compensated_violation,1,5,1,1,402.852844,312.183397,1,1,0,0,0,1.0000
no_conformal_aggregation,adversarial_compensated_violation,1,6,1,1,537.940674,312.183397,1,1,0,0,0,1.0000
no_conformal_aggregation,adversarial_compensated_violation,1,7,1,1,582.622742,312.183397,1,1,0,0,0,1.0000
no_conformal_aggregation,adversarial_compensated_violation,1,8,1,1,334.074646,312.183397,1,1,0,0,0,1.0000
no_conformal_aggregation,adversarial_compensated_violation,1,9,1,1,345.663849,312.183397,1,1,0,0,0,1.0000
no_conformal_aggregation,adversarial_compensated_violation,2,0,1,1,215.991623,312.183397,0,0,0,1,0,1.0000
no_conformal_aggregation,adversarial_compensated_violation,2,1,1,1,226.633545,312.183397,0,0,0,1,0,1.0000
no_conformal_aggregation,adversarial_compensated_violation,2,2,1,1,298.268158,312.183397,0,0,0,1,0,1.0000
no_conformal_aggregation,adversarial_compensated_violation,2,3,1,1,399.028320,312.183397,1,1,0,0,0,1.0000
no_conformal_aggregation,adversarial_compensated_violation,2,4,1,1,394.036377,312.183397,1,1,0,0,0,1.0000
no_conformal_aggregation,adversarial_compensated_violation,2,5,1,1,716.458130,312.183397,1,1,0,0,0,1.0000
no_conformal_aggregation,adversarial_compensated_violation,2,6,1,1,93.881744,312.183397,0,0,0,1,0,1.0000
no_conformal_aggregation,adversarial_compensated_violation,2,7,1,1,318.040649,312.183397,1,1,0,0,0,1.0000
no_conformal_aggregation,adversarial_compensated_violation,2,8,1,1,710.448608,312.183397,1,1,0,0,0,1.0000
no_conformal_aggregation,adversarial_compensated_violation,2,9,1,1,659.387390,312.183397,1,1,0,0,0,1.0000
no_conformal_aggregation,adversarial_compensated_violation,3,0,1,1,100.610916,312.183397,0,0,0,1,0,1.0000
no_conformal_aggregation,adversarial_compensated_violation,3,1,1,1,292.958862,312.183397,0,0,0,1,0,1.0000
no_conformal_aggregation,adversarial_compensated_violation,3,2,1,1,88.181541,312.183397,0,0,0,1,0,1.0000
no_conformal_aggregation,adversarial_compensated_violation,3,3,1,1,464.241333,312.183397,1,1,0,0,0,1.0000
no_conformal_aggregation,adversarial_compensated_violation,3,4,1,1,160.258377,312.183397,0,0,0,1,0,1.0000
no_conformal_aggregation,adversarial_compensated_violation,3,5,1,1,238.476334,312.183397,0,0,0,1,0,1.0000
no_conformal_aggregation,adversarial_compensated_violation,3,6,1,1,527.830444,312.183397,1,1,0,0,0,1.0000
no_conformal_aggregation,adversarial_compensated_violation,3,7,1,1,422.985962,312.183397,1,1,0,0,0,1.0000
no_conformal_aggregation,adversarial_compensated_violation,3,8,1,1,579.964294,312.183397,1,1,0,0,0,1.0000
no_conformal_aggregation,adversarial_compensated_violation,3,9,1,1,673.897888,312.183397,1,1,0,0,0,1.0000
no_conformal_aggregation,adversarial_compensated_violation,4,0,1,1,817.096313,312.183397,1,1,0,0,0,1.0000
no_conformal_aggregation,adversarial_compensated_violation,4,1,1,1,574.439880,312.183397,1,1,0,0,0,1.0000
no_conformal_aggregation,adversarial_compensated_violation,4,2,1,1,810.242554,312.183397,1,1,0,0,0,1.0000
no_conformal_aggregation,adversarial_compensated_violation,4,3,1,1,699.833496,312.183397,1,1,0,0,0,1.0000
no_conformal_aggregation,adversarial_compensated_violation,4,4,1,1,418.077332,312.183397,1,1,0,0,0,1.0000
no_conformal_aggregation,adversarial_compensated_violation,4,5,1,1,223.124161,312.183397,0,0,0,1,0,1.0000
no_conformal_aggregation,adversarial_compensated_violation,4,6,1,1,147.819305,312.183397,0,0,0,1,0,1.0000
no_conformal_aggregation,adversarial_compensated_violation,4,7,1,1,464.176880,312.183397,1,1,0,0,0,1.0000
no_conformal_aggregation,adversarial_compensated_violation,4,8,1,1,744.709167,312.183397,1,1,0,0,0,1.0000
no_conformal_aggregation,adversarial_compensated_violation,4,9,1,1,355.013458,312.183397,1,1,0,0,0,1.0000
no_conformal_aggregation,adversarial_compensated_violation,5,0,1,1,321.036835,312.183397,1,1,0,0,0,1.0000
no_conformal_aggregation,adversarial_compensated_violation,5,1,1,1,139.035675,312.183397,0,0,0,1,0,1.0000
no_conformal_aggregation,adversarial_compensated_violation,5,2,1,1,267.221619,312.183397,0,0,0,1,0,1.0000
no_conformal_aggregation,adversarial_compensated_violation,5,3,1,1,268.735992,312.183397,0,0,0,1,0,1.0000
no_conformal_aggregation,adversarial_compensated_violation,5,4,1,1,607.083069,312.183397,1,1,0,0,0,1.0000
no_conformal_aggregation,adversarial_compensated_violation,5,5,1,1,236.486786,312.183397,0,0,0,1,0,1.0000
no_conformal_aggregation,adversarial_compensated_violation,5,6,1,1,249.138275,312.183397,0,0,0,1,0,1.0000
no_conformal_aggregation,adversarial_compensated_violation,5,7,1,1,150.505905,312.183397,0,0,0,1,0,1.0000
no_conformal_aggregation,adversarial_compensated_violation,5,8,1,1,524.577209,312.183397,1,1,0,0,0,1.0000
no_conformal_aggregation,adversarial_compensated_violation,5,9,1,1,79.084770,312.183397,0,0,0,1,0,1.0000
no_conformal_aggregation,adversarial_compensated_violation,6,0,1,1,584.597656,312.183397,1,1,0,0,0,1.0000
no_conformal_aggregation,adversarial_compensated_violation,6,1,1,1,288.249329,312.183397,0,0,0,1,0,1.0000
no_conformal_aggregation,adversarial_compensated_violation,6,2,1,1,629.633850,312.183397,1,1,0,0,0,1.0000
no_conformal_aggregation,adversarial_compensated_violation,6,3,1,1,277.155884,312.183397,0,0,0,1,0,1.0000
no_conformal_aggregation,adversarial_compensated_violation,6,4,1,1,261.156250,312.183397,0,0,0,1,0,1.0000
no_conformal_aggregation,adversarial_compensated_violation,6,5,1,1,534.174072,312.183397,1,1,0,0,0,1.0000
no_conformal_aggregation,adversarial_compensated_violation,6,6,1,1,274.225067,312.183397,0,0,0,1,0,1.0000
no_conformal_aggregation,adversarial_compensated_violation,6,7,1,1,474.592041,312.183397,1,1,0,0,0,1.0000
no_conformal_aggregation,adversarial_compensated_violation,6,8,1,1,289.191589,312.183397,0,0,0,1,0,1.0000
no_conformal_aggregation,adversarial_compensated_violation,6,9,1,1,371.602203,312.183397,1,1,0,0,0,1.0000
no_conformal_aggregation,adversarial_compensated_violation,7,0,1,1,226.781631,312.183397,0,0,0,1,0,1.0000
no_conformal_aggregation,adversarial_compensated_violation,7,1,1,1,460.643402,312.183397,1,1,0,0,0,1.0000
no_conformal_aggregation,adversarial_compensated_violation,7,2,1,1,498.370239,312.183397,1,1,0,0,0,1.0000
no_conformal_aggregation,adversarial_compensated_violation,7,3,1,1,328.418243,312.183397,1,1,0,0,0,1.0000
no_conformal_aggregation,adversarial_compensated_violation,7,4,1,1,327.644379,312.183397,1,1,0,0,0,1.0000
no_conformal_aggregation,adversarial_compensated_violation,7,5,1,1,471.433105,312.183397,1,1,0,0,0,1.0000
no_conformal_aggregation,adversarial_compensated_violation,7,6,1,1,279.526154,312.183397,0,0,0,1,0,1.0000
no_conformal_aggregation,adversarial_compensated_violation,7,7,1,1,292.203369,312.183397,0,0,0,1,0,1.0000
no_conformal_aggregation,adversarial_compensated_violation,7,8,1,1,663.831848,312.183397,1,1,0,0,0,1.0000
no_conformal_aggregation,adversarial_compensated_violation,7,9,1,1,399.918243,312.183397,1,1,0,0,0,1.0000
no_conformal_aggregation,mixed_near_threshold,0,0,1,1,240.938065,312.183397,0,0,0,1,0,1.0000
no_conformal_aggregation,mixed_near_threshold,0,1,1,1,58.038944,312.183397,0,0,0,1,0,1.0000
no_conformal_aggregation,mixed_near_threshold,0,2,1,1,124.135422,312.183397,0,0,0,1,0,1.0000
no_conformal_aggregation,mixed_near_threshold,0,3,1,1,96.922447,312.183397,0,0,0,1,0,1.0000
no_conformal_aggregation,mixed_near_threshold,0,4,1,1,31.748219,312.183397,0,0,0,1,0,1.0000
no_conformal_aggregation,mixed_near_threshold,0,5,1,1,96.178535,312.183397,0,0,0,1,0,1.0000
no_conformal_aggregation,mixed_near_threshold,0,6,1,1,37.905411,312.183397,0,0,0,1,0,1.0000
no_conformal_aggregation,mixed_near_threshold,0,7,1,1,59.837852,312.183397,0,0,0,1,0,1.0000
no_conformal_aggregation,mixed_near_threshold,0,8,1,1,236.262970,312.183397,0,0,0,1,0,1.0000
no_conformal_aggregation,mixed_near_threshold,0,9,1,1,200.127274,312.183397,0,0,0,1,0,1.0000
no_conformal_aggregation,mixed_near_threshold,1,0,1,1,54.477791,312.183397,0,0,0,1,0,1.0000
no_conformal_aggregation,mixed_near_threshold,1,1,1,1,112.158813,312.183397,0,0,0,1,0,1.0000
no_conformal_aggregation,mixed_near_threshold,1,2,1,1,29.979952,312.183397,0,0,0,1,0,1.0000
no_conformal_aggregation,mixed_near_threshold,1,3,1,1,47.571831,312.183397,0,0,0,1,0,1.0000
no_conformal_aggregation,mixed_near_threshold,1,4,1,1,130.388733,312.183397,0,0,0,1,0,1.0000
no_conformal_aggregation,mixed_near_threshold,1,5,1,1,105.189117,312.183397,0,0,0,1,0,1.0000
no_conformal_aggregation,mixed_near_threshold,1,6,1,1,53.825077,312.183397,0,0,0,1,0,1.0000
no_conformal_aggregation,mixed_near_threshold,1,7,1,1,169.870773,312.183397,0,0,0,1,0,1.0000
no_conformal_aggregation,mixed_near_threshold,1,8,1,1,41.663586,312.183397,0,0,0,1,0,1.0000
no_conformal_aggregation,mixed_near_threshold,1,9,1,1,50.353725,312.183397,0,0,0,1,0,1.0000
no_conformal_aggregation,mixed_near_threshold,2,0,1,1,132.952667,312.183397,0,0,0,1,0,1.0000
no_conformal_aggregation,mixed_near_threshold,2,1,1,1,61.150501,312.183397,0,0,0,1,0,1.0000
no_conformal_aggregation,mixed_near_threshold,2,2,1,1,33.056110,312.183397,0,0,0,1,0,1.0000
no_conformal_aggregation,mixed_near_threshold,2,3,1,1,34.382828,312.183397,0,0,0,1,0,1.0000
no_conformal_aggregation,mixed_near_threshold,2,4,1,1,125.441383,312.183397,0,0,0,1,0,1.0000
no_conformal_aggregation,mixed_near_threshold,2,5,1,1,96.848648,312.183397,0,0,0,1,0,1.0000
no_conformal_aggregation,mixed_near_threshold,2,6,1,1,63.652390,312.183397,0,0,0,1,0,1.0000
no_conformal_aggregation,mixed_near_threshold,2,7,1,1,67.863022,312.183397,0,0,0,1,0,1.0000
no_conformal_aggregation,mixed_near_threshold,2,8,1,1,102.132408,312.183397,0,0,0,1,0,1.0000
no_conformal_aggregation,mixed_near_threshold,2,9,1,1,57.733696,312.183397,0,0,0,1,0,1.0000
no_conformal_aggregation,mixed_near_threshold,3,0,1,1,26.847471,312.183397,0,0,0,1,0,1.0000
no_conformal_aggregation,mixed_near_threshold,3,1,1,1,30.150385,312.183397,0,0,0,1,0,1.0000
no_conformal_aggregation,mixed_near_threshold,3,2,1,1,74.104759,312.183397,0,0,0,1,0,1.0000
no_conformal_aggregation,mixed_near_threshold,3,3,1,1,148.210693,312.183397,0,0,0,1,0,1.0000
no_conformal_aggregation,mixed_near_threshold,3,4,1,1,53.316135,312.183397,0,0,0,1,0,1.0000
no_conformal_aggregation,mixed_near_threshold,3,5,1,1,104.577484,312.183397,0,0,0,1,0,1.0000
no_conformal_aggregation,mixed_near_threshold,3,6,1,1,40.222481,312.183397,0,0,0,1,0,1.0000
no_conformal_aggregation,mixed_near_threshold,3,7,1,1,149.310059,312.183397,0,0,0,1,0,1.0000
no_conformal_aggregation,mixed_near_threshold,3,8,1,1,46.222645,312.183397,0,0,0,1,0,1.0000
no_conformal_aggregation,mixed_near_threshold,3,9,1,1,170.579849,312.183397,0,0,0,1,0,1.0000
no_conformal_aggregation,mixed_near_threshold,4,0,1,1,192.075974,312.183397,0,0,0,1,0,1.0000
no_conformal_aggregation,mixed_near_threshold,4,1,1,1,147.923264,312.183397,0,0,0,1,0,1.0000
no_conformal_aggregation,mixed_near_threshold,4,2,1,1,92.000633,312.183397,0,0,0,1,0,1.0000
no_conformal_aggregation,mixed_near_threshold,4,3,1,1,55.128311,312.183397,0,0,0,1,0,1.0000
no_conformal_aggregation,mixed_near_threshold,4,4,1,1,37.364170,312.183397,0,0,0,1,0,1.0000
no_conformal_aggregation,mixed_near_threshold,4,5,1,1,25.034044,312.183397,0,0,0,1,0,1.0000
no_conformal_aggregation,mixed_near_threshold,4,6,1,1,35.910091,312.183397,0,0,0,1,0,1.0000
no_conformal_aggregation,mixed_near_threshold,4,7,1,1,252.291016,312.183397,0,0,0,1,0,1.0000
no_conformal_aggregation,mixed_near_threshold,4,8,1,1,73.648170,312.183397,0,0,0,1,0,1.0000
no_conformal_aggregation,mixed_near_threshold,4,9,1,1,104.801956,312.183397,0,0,0,1,0,1.0000
no_conformal_aggregation,mixed_near_threshold,5,0,1,1,32.887371,312.183397,0,0,0,1,0,1.0000
no_conformal_aggregation,mixed_near_threshold,5,1,1,1,67.278008,312.183397,0,0,0,1,0,1.0000
no_conformal_aggregation,mixed_near_threshold,5,2,1,1,53.171329,312.183397,0,0,0,1,0,1.0000
no_conformal_aggregation,mixed_near_threshold,5,3,1,1,98.975006,312.183397,0,0,0,1,0,1.0000
no_conformal_aggregation,mixed_near_threshold,5,4,1,1,182.825012,312.183397,0,0,0,1,0,1.0000
no_conformal_aggregation,mixed_near_threshold,5,5,1,1,60.805775,312.183397,0,0,0,1,0,1.0000
no_conformal_aggregation,mixed_near_threshold,5,6,1,1,213.839630,312.183397,0,0,0,1,0,1.0000
no_conformal_aggregation,mixed_near_threshold,5,7,1,1,87.786430,312.183397,0,0,0,1,0,1.0000
no_conformal_aggregation,mixed_near_threshold,5,8,1,1,84.055496,312.183397,0,0,0,1,0,1.0000
no_conformal_aggregation,mixed_near_threshold,5,9,1,1,111.695473,312.183397,0,0,0,1,0,1.0000
no_conformal_aggregation,mixed_near_threshold,6,0,1,1,45.522636,312.183397,0,0,0,1,0,1.0000
no_conformal_aggregation,mixed_near_threshold,6,1,1,1,37.659023,312.183397,0,0,0,1,0,1.0000
no_conformal_aggregation,mixed_near_threshold,6,2,1,1,28.347210,312.183397,0,0,0,1,0,1.0000
no_conformal_aggregation,mixed_near_threshold,6,3,1,1,121.735596,312.183397,0,0,0,1,0,1.0000
no_conformal_aggregation,mixed_near_threshold,6,4,1,1,50.546421,312.183397,0,0,0,1,0,1.0000
no_conformal_aggregation,mixed_near_threshold,6,5,1,1,156.648819,312.183397,0,0,0,1,0,1.0000
no_conformal_aggregation,mixed_near_threshold,6,6,1,1,147.141922,312.183397,0,0,0,1,0,1.0000
no_conformal_aggregation,mixed_near_threshold,6,7,1,1,56.747726,312.183397,0,0,0,1,0,1.0000
no_conformal_aggregation,mixed_near_threshold,6,8,1,1,32.418636,312.183397,0,0,0,1,0,1.0000
no_conformal_aggregation,mixed_near_threshold,6,9,1,1,52.543373,312.183397,0,0,0,1,0,1.0000
no_conformal_aggregation,mixed_near_threshold,7,0,1,1,132.490982,312.183397,0,0,0,1,0,1.0000
no_conformal_aggregation,mixed_near_threshold,7,1,1,1,46.762463,312.183397,0,0,0,1,0,1.0000
no_conformal_aggregation,mixed_near_threshold,7,2,1,1,72.861084,312.183397,0,0,0,1,0,1.0000
no_conformal_aggregation,mixed_near_threshold,7,3,1,1,58.742409,312.183397,0,0,0,1,0,1.0000
no_conformal_aggregation,mixed_near_threshold,7,4,1,1,90.554138,312.183397,0,0,0,1,0,1.0000
no_conformal_aggregation,mixed_near_threshold,7,5,1,1,140.644180,312.183397,0,0,0,1,0,1.0000
no_conformal_aggregation,mixed_near_threshold,7,6,1,1,35.480820,312.183397,0,0,0,1,0,1.0000
no_conformal_aggregation,mixed_near_threshold,7,7,1,1,48.242577,312.183397,0,0,0,1,0,1.0000
no_conformal_aggregation,mixed_near_threshold,7,8,1,1,199.160904,312.183397,0,0,0,1,0,1.0000
no_conformal_aggregation,mixed_near_threshold,7,9,1,1,38.891800,312.183397,0,0,0,1,0,1.0000
no_conformal_aggregation,rare_valid_bounce,0,0,0,0,190.692001,312.183397,0,0,0,0,1,1.0000
no_conformal_aggregation,rare_valid_bounce,0,1,0,0,140.447723,312.183397,0,0,0,0,1,1.0000
no_conformal_aggregation,rare_valid_bounce,0,2,0,0,234.399750,312.183397,0,0,0,0,1,1.0000
no_conformal_aggregation,rare_valid_bounce,0,3,0,0,275.632782,312.183397,0,0,0,0,1,1.0000
no_conformal_aggregation,rare_valid_bounce,0,4,0,0,180.001312,312.183397,0,0,0,0,1,1.0000
no_conformal_aggregation,rare_valid_bounce,0,5,0,0,172.910324,312.183397,0,0,0,0,1,1.0000
no_conformal_aggregation,rare_valid_bounce,0,6,0,0,247.634720,312.183397,0,0,0,0,1,1.0000
no_conformal_aggregation,rare_valid_bounce,0,7,0,0,135.321198,312.183397,0,0,0,0,1,1.0000
no_conformal_aggregation,rare_valid_bounce,0,8,0,0,294.399841,312.183397,0,0,0,0,1,1.0000
no_conformal_aggregation,rare_valid_bounce,0,9,0,0,170.881912,312.183397,0,0,0,0,1,1.0000
no_conformal_aggregation,rare_valid_bounce,1,0,0,0,223.387619,312.183397,0,0,0,0,1,1.0000
no_conformal_aggregation,rare_valid_bounce,1,1,0,0,128.157074,312.183397,0,0,0,0,1,1.0000
no_conformal_aggregation,rare_valid_bounce,1,2,0,0,204.813904,312.183397,0,0,0,0,1,1.0000
no_conformal_aggregation,rare_valid_bounce,1,3,0,0,224.129303,312.183397,0,0,0,0,1,1.0000
no_conformal_aggregation,rare_valid_bounce,1,4,0,0,244.283249,312.183397,0,0,0,0,1,1.0000
no_conformal_aggregation,rare_valid_bounce,1,5,0,0,199.903702,312.183397,0,0,0,0,1,1.0000
no_conformal_aggregation,rare_valid_bounce,1,6,0,0,220.962967,312.183397,0,0,0,0,1,1.0000
no_conformal_aggregation,rare_valid_bounce,1,7,0,0,232.575043,312.183397,0,0,0,0,1,1.0000
no_conformal_aggregation,rare_valid_bounce,1,8,0,0,163.827835,312.183397,0,0,0,0,1,1.0000
no_conformal_aggregation,rare_valid_bounce,1,9,0,0,158.536942,312.183397,0,0,0,0,1,1.0000
no_conformal_aggregation,rare_valid_bounce,2,0,0,0,130.549316,312.183397,0,0,0,0,1,1.0000
no_conformal_aggregation,rare_valid_bounce,2,1,0,0,99.540016,312.183397,0,0,0,0,1,1.0000
no_conformal_aggregation,rare_valid_bounce,2,2,0,0,105.640625,312.183397,0,0,0,0,1,1.0000
no_conformal_aggregation,rare_valid_bounce,2,3,0,0,210.785095,312.183397,0,0,0,0,1,1.0000
no_conformal_aggregation,rare_valid_bounce,2,4,0,0,164.999023,312.183397,0,0,0,0,1,1.0000
no_conformal_aggregation,rare_valid_bounce,2,5,0,0,311.207092,312.183397,0,0,0,0,1,1.0000
no_conformal_aggregation,rare_valid_bounce,2,6,0,0,111.169472,312.183397,0,0,0,0,1,1.0000
no_conformal_aggregation,rare_valid_bounce,2,7,0,0,152.382996,312.183397,0,0,0,0,1,1.0000
no_conformal_aggregation,rare_valid_bounce,2,8,0,0,282.489258,312.183397,0,0,0,0,1,1.0000
no_conformal_aggregation,rare_valid_bounce,2,9,0,0,305.744202,312.183397,0,0,0,0,1,1.0000
no_conformal_aggregation,rare_valid_bounce,3,0,0,0,138.978409,312.183397,0,0,0,0,1,1.0000
no_conformal_aggregation,rare_valid_bounce,3,1,0,0,173.799271,312.183397,0,0,0,0,1,1.0000
no_conformal_aggregation,rare_valid_bounce,3,2,0,0,102.572189,312.183397,0,0,0,0,1,1.0000
no_conformal_aggregation,rare_valid_bounce,3,3,0,0,191.302032,312.183397,0,0,0,0,1,1.0000
no_conformal_aggregation,rare_valid_bounce,3,4,0,0,228.961533,312.183397,0,0,0,0,1,1.0000
no_conformal_aggregation,rare_valid_bounce,3,5,0,0,161.472549,312.183397,0,0,0,0,1,1.0000
no_conformal_aggregation,rare_valid_bounce,3,6,0,0,291.071411,312.183397,0,0,0,0,1,1.0000
no_conformal_aggregation,rare_valid_bounce,3,7,0,0,241.006012,312.183397,0,0,0,0,1,1.0000
no_conformal_aggregation,rare_valid_bounce,3,8,0,0,279.250488,312.183397,0,0,0,0,1,1.0000
no_conformal_aggregation,rare_valid_bounce,3,9,0,0,288.292053,312.183397,0,0,0,0,1,1.0000
no_conformal_aggregation,rare_valid_bounce,4,0,0,0,363.830353,312.183397,1,0,1,0,0,1.0000
no_conformal_aggregation,rare_valid_bounce,4,1,0,0,240.817154,312.183397,0,0,0,0,1,1.0000
no_conformal_aggregation,rare_valid_bounce,4,2,0,0,309.912994,312.183397,0,0,0,0,1,1.0000
no_conformal_aggregation,rare_valid_bounce,4,3,0,0,330.733185,312.183397,1,0,1,0,0,1.0000
no_conformal_aggregation,rare_valid_bounce,4,4,0,0,182.865051,312.183397,0,0,0,0,1,1.0000
no_conformal_aggregation,rare_valid_bounce,4,5,0,0,120.190292,312.183397,0,0,0,0,1,1.0000
no_conformal_aggregation,rare_valid_bounce,4,6,0,0,233.469406,312.183397,0,0,0,0,1,1.0000
no_conformal_aggregation,rare_valid_bounce,4,7,0,0,147.353607,312.183397,0,0,0,0,1,1.0000
no_conformal_aggregation,rare_valid_bounce,4,8,0,0,298.051636,312.183397,0,0,0,0,1,1.0000
no_conformal_aggregation,rare_valid_bounce,4,9,0,0,216.122772,312.183397,0,0,0,0,1,1.0000
no_conformal_aggregation,rare_valid_bounce,5,0,0,0,131.789581,312.183397,0,0,0,0,1,1.0000
no_conformal_aggregation,rare_valid_bounce,5,1,0,0,139.086548,312.183397,0,0,0,0,1,1.0000
no_conformal_aggregation,rare_valid_bounce,5,2,0,0,169.504044,312.183397,0,0,0,0,1,1.0000
no_conformal_aggregation,rare_valid_bounce,5,3,0,0,139.768021,312.183397,0,0,0,0,1,1.0000
no_conformal_aggregation,rare_valid_bounce,5,4,0,0,354.638367,312.183397,1,0,1,0,0,1.0000
no_conformal_aggregation,rare_valid_bounce,5,5,0,0,83.609283,312.183397,0,0,0,0,1,1.0000
no_conformal_aggregation,rare_valid_bounce,5,6,0,0,93.963760,312.183397,0,0,0,0,1,1.0000
no_conformal_aggregation,rare_valid_bounce,5,7,0,0,154.144455,312.183397,0,0,0,0,1,1.0000
no_conformal_aggregation,rare_valid_bounce,5,8,0,0,231.069824,312.183397,0,0,0,0,1,1.0000
no_conformal_aggregation,rare_valid_bounce,5,9,0,0,115.545776,312.183397,0,0,0,0,1,1.0000
no_conformal_aggregation,rare_valid_bounce,6,0,0,0,265.178558,312.183397,0,0,0,0,1,1.0000
no_conformal_aggregation,rare_valid_bounce,6,1,0,0,168.718292,312.183397,0,0,0,0,1,1.0000
no_conformal_aggregation,rare_valid_bounce,6,2,0,0,333.943268,312.183397,1,0,1,0,0,1.0000
no_conformal_aggregation,rare_valid_bounce,6,3,0,0,154.500259,312.183397,0,0,0,0,1,1.0000
no_conformal_aggregation,rare_valid_bounce,6,4,0,0,171.440750,312.183397,0,0,0,0,1,1.0000
no_conformal_aggregation,rare_valid_bounce,6,5,0,0,244.709229,312.183397,0,0,0,0,1,1.0000
no_conformal_aggregation,rare_valid_bounce,6,6,0,0,151.007858,312.183397,0,0,0,0,1,1.0000
no_conformal_aggregation,rare_valid_bounce,6,7,0,0,234.804337,312.183397,0,0,0,0,1,1.0000
no_conformal_aggregation,rare_valid_bounce,6,8,0,0,158.225372,312.183397,0,0,0,0,1,1.0000
no_conformal_aggregation,rare_valid_bounce,6,9,0,0,157.982407,312.183397,0,0,0,0,1,1.0000
no_conformal_aggregation,rare_valid_bounce,7,0,0,0,183.916138,312.183397,0,0,0,0,1,1.0000
no_conformal_aggregation,rare_valid_bounce,7,1,0,0,225.895721,312.183397,0,0,0,0,1,1.0000
no_conformal_aggregation,rare_valid_bounce,7,2,0,0,230.410095,312.183397,0,0,0,0,1,1.0000
no_conformal_aggregation,rare_valid_bounce,7,3,0,0,166.606232,312.183397,0,0,0,0,1,1.0000
no_conformal_aggregation,rare_valid_bounce,7,4,0,0,145.168289,312.183397,0,0,0,0,1,1.0000
no_conformal_aggregation,rare_valid_bounce,7,5,0,0,214.143295,312.183397,0,0,0,0,1,1.0000
no_conformal_aggregation,rare_valid_bounce,7,6,0,0,128.775681,312.183397,0,0,0,0,1,1.0000
no_conformal_aggregation,rare_valid_bounce,7,7,0,0,195.092957,312.183397,0,0,0,0,1,1.0000
no_conformal_aggregation,rare_valid_bounce,7,8,0,0,288.867493,312.183397,0,0,0,0,1,1.0000
no_conformal_aggregation,rare_valid_bounce,7,9,0,0,189.515045,312.183397,0,0,0,0,1,1.0000
old_v4_physics_audit,combined_violation_shift,0,0,1,1,1429.716187,289.868059,1,1,0,0,0,1.0000
old_v4_physics_audit,combined_violation_shift,0,1,1,1,797.332642,289.868059,1,1,0,0,0,1.0000
old_v4_physics_audit,combined_violation_shift,0,2,1,1,688.593384,289.868059,1,1,0,0,0,1.0000
old_v4_physics_audit,combined_violation_shift,0,3,1,1,608.344360,289.868059,1,1,0,0,0,1.0000
old_v4_physics_audit,combined_violation_shift,0,4,1,1,498.974335,289.868059,1,1,0,0,0,1.0000
old_v4_physics_audit,combined_violation_shift,0,5,1,1,534.734253,289.868059,1,1,0,0,0,1.0000
old_v4_physics_audit,combined_violation_shift,0,6,1,1,604.515320,289.868059,1,1,0,0,0,1.0000
old_v4_physics_audit,combined_violation_shift,0,7,1,1,1034.327271,289.868059,1,1,0,0,0,1.0000
old_v4_physics_audit,combined_violation_shift,0,8,1,1,1225.373169,289.868059,1,1,0,0,0,1.0000
old_v4_physics_audit,combined_violation_shift,0,9,1,1,1231.482300,289.868059,1,1,0,0,0,1.0000
old_v4_physics_audit,combined_violation_shift,1,0,1,1,754.010376,289.868059,1,1,0,0,0,1.0000
old_v4_physics_audit,combined_violation_shift,1,1,1,1,855.660583,289.868059,1,1,0,0,0,1.0000
old_v4_physics_audit,combined_violation_shift,1,2,1,1,528.190369,289.868059,1,1,0,0,0,1.0000
old_v4_physics_audit,combined_violation_shift,1,3,1,1,575.276672,289.868059,1,1,0,0,0,1.0000
old_v4_physics_audit,combined_violation_shift,1,4,1,1,734.048340,289.868059,1,1,0,0,0,1.0000
old_v4_physics_audit,combined_violation_shift,1,5,1,1,619.346863,289.868059,1,1,0,0,0,1.0000
old_v4_physics_audit,combined_violation_shift,1,6,1,1,668.489258,289.868059,1,1,0,0,0,1.0000
old_v4_physics_audit,combined_violation_shift,1,7,1,1,974.488464,289.868059,1,1,0,0,0,1.0000
old_v4_physics_audit,combined_violation_shift,1,8,1,1,502.043030,289.868059,1,1,0,0,0,1.0000
old_v4_physics_audit,combined_violation_shift,1,9,1,1,547.105652,289.868059,1,1,0,0,0,1.0000
old_v4_physics_audit,combined_violation_shift,2,0,1,1,758.348877,289.868059,1,1,0,0,0,1.0000
old_v4_physics_audit,combined_violation_shift,2,1,1,1,623.533325,289.868059,1,1,0,0,0,1.0000
old_v4_physics_audit,combined_violation_shift,2,2,1,1,550.721375,289.868059,1,1,0,0,0,1.0000
old_v4_physics_audit,combined_violation_shift,2,3,1,1,642.430786,289.868059,1,1,0,0,0,1.0000
old_v4_physics_audit,combined_violation_shift,2,4,1,1,599.670532,289.868059,1,1,0,0,0,1.0000
old_v4_physics_audit,combined_violation_shift,2,5,1,1,565.538818,289.868059,1,1,0,0,0,1.0000
old_v4_physics_audit,combined_violation_shift,2,6,1,1,848.775330,289.868059,1,1,0,0,0,1.0000
old_v4_physics_audit,combined_violation_shift,2,7,1,1,497.636108,289.868059,1,1,0,0,0,1.0000
old_v4_physics_audit,combined_violation_shift,2,8,1,1,1320.432983,289.868059,1,1,0,0,0,1.0000
old_v4_physics_audit,combined_violation_shift,2,9,1,1,727.816406,289.868059,1,1,0,0,0,1.0000
old_v4_physics_audit,combined_violation_shift,3,0,1,1,547.214050,289.868059,1,1,0,0,0,1.0000
old_v4_physics_audit,combined_violation_shift,3,1,1,1,509.013947,289.868059,1,1,0,0,0,1.0000
old_v4_physics_audit,combined_violation_shift,3,2,1,1,735.599915,289.868059,1,1,0,0,0,1.0000
old_v4_physics_audit,combined_violation_shift,3,3,1,1,877.650330,289.868059,1,1,0,0,0,1.0000
old_v4_physics_audit,combined_violation_shift,3,4,1,1,679.046753,289.868059,1,1,0,0,0,1.0000
old_v4_physics_audit,combined_violation_shift,3,5,1,1,656.784058,289.868059,1,1,0,0,0,1.0000
old_v4_physics_audit,combined_violation_shift,3,6,1,1,536.615173,289.868059,1,1,0,0,0,1.0000
old_v4_physics_audit,combined_violation_shift,3,7,1,1,869.297852,289.868059,1,1,0,0,0,1.0000
old_v4_physics_audit,combined_violation_shift,3,8,1,1,586.958313,289.868059,1,1,0,0,0,1.0000
old_v4_physics_audit,combined_violation_shift,3,9,1,1,1149.740601,289.868059,1,1,0,0,0,1.0000
old_v4_physics_audit,combined_violation_shift,4,0,1,1,1379.422607,289.868059,1,1,0,0,0,1.0000
old_v4_physics_audit,combined_violation_shift,4,1,1,1,1088.862305,289.868059,1,1,0,0,0,1.0000
old_v4_physics_audit,combined_violation_shift,4,2,1,1,715.175354,289.868059,1,1,0,0,0,1.0000
old_v4_physics_audit,combined_violation_shift,4,3,1,1,615.905518,289.868059,1,1,0,0,0,1.0000
old_v4_physics_audit,combined_violation_shift,4,4,1,1,537.150513,289.868059,1,1,0,0,0,1.0000
old_v4_physics_audit,combined_violation_shift,4,5,1,1,473.281738,289.868059,1,1,0,0,0,1.0000
old_v4_physics_audit,combined_violation_shift,4,6,1,1,499.604034,289.868059,1,1,0,0,0,1.0000
old_v4_physics_audit,combined_violation_shift,4,7,1,1,1324.078247,289.868059,1,1,0,0,0,1.0000
old_v4_physics_audit,combined_violation_shift,4,8,1,1,971.985107,289.868059,1,1,0,0,0,1.0000
old_v4_physics_audit,combined_violation_shift,4,9,1,1,547.617188,289.868059,1,1,0,0,0,1.0000
old_v4_physics_audit,combined_violation_shift,5,0,1,1,480.811646,289.868059,1,1,0,0,0,1.0000
old_v4_physics_audit,combined_violation_shift,5,1,1,1,806.117493,289.868059,1,1,0,0,0,1.0000
old_v4_physics_audit,combined_violation_shift,5,2,1,1,828.890015,289.868059,1,1,0,0,0,1.0000
old_v4_physics_audit,combined_violation_shift,5,3,1,1,562.744141,289.868059,1,1,0,0,0,1.0000
old_v4_physics_audit,combined_violation_shift,5,4,1,1,1475.718872,289.868059,1,1,0,0,0,1.0000
old_v4_physics_audit,combined_violation_shift,5,5,1,1,691.352112,289.868059,1,1,0,0,0,1.0000
old_v4_physics_audit,combined_violation_shift,5,6,1,1,1235.010864,289.868059,1,1,0,0,0,1.0000
old_v4_physics_audit,combined_violation_shift,5,7,1,1,656.707397,289.868059,1,1,0,0,0,1.0000
old_v4_physics_audit,combined_violation_shift,5,8,1,1,969.226379,289.868059,1,1,0,0,0,1.0000
old_v4_physics_audit,combined_violation_shift,5,9,1,1,786.944031,289.868059,1,1,0,0,0,1.0000
old_v4_physics_audit,combined_violation_shift,6,0,1,1,562.455872,289.868059,1,1,0,0,0,1.0000
old_v4_physics_audit,combined_violation_shift,6,1,1,1,567.018188,289.868059,1,1,0,0,0,1.0000
old_v4_physics_audit,combined_violation_shift,6,2,1,1,457.681824,289.868059,1,1,0,0,0,1.0000
old_v4_physics_audit,combined_violation_shift,6,3,1,1,642.686462,289.868059,1,1,0,0,0,1.0000
old_v4_physics_audit,combined_violation_shift,6,4,1,1,698.271118,289.868059,1,1,0,0,0,1.0000
old_v4_physics_audit,combined_violation_shift,6,5,1,1,903.554932,289.868059,1,1,0,0,0,1.0000
old_v4_physics_audit,combined_violation_shift,6,6,1,1,902.942627,289.868059,1,1,0,0,0,1.0000
old_v4_physics_audit,combined_violation_shift,6,7,1,1,894.595032,289.868059,1,1,0,0,0,1.0000
old_v4_physics_audit,combined_violation_shift,6,8,1,1,692.636475,289.868059,1,1,0,0,0,1.0000
old_v4_physics_audit,combined_violation_shift,6,9,1,1,535.523315,289.868059,1,1,0,0,0,1.0000
old_v4_physics_audit,combined_violation_shift,7,0,1,1,881.989014,289.868059,1,1,0,0,0,1.0000
old_v4_physics_audit,combined_violation_shift,7,1,1,1,712.833923,289.868059,1,1,0,0,0,1.0000
old_v4_physics_audit,combined_violation_shift,7,2,1,1,946.284912,289.868059,1,1,0,0,0,1.0000
old_v4_physics_audit,combined_violation_shift,7,3,1,1,704.452209,289.868059,1,1,0,0,0,1.0000
old_v4_physics_audit,combined_violation_shift,7,4,1,1,1043.494263,289.868059,1,1,0,0,0,1.0000
old_v4_physics_audit,combined_violation_shift,7,5,1,1,896.556213,289.868059,1,1,0,0,0,1.0000
old_v4_physics_audit,combined_violation_shift,7,6,1,1,515.815796,289.868059,1,1,0,0,0,1.0000
old_v4_physics_audit,combined_violation_shift,7,7,1,1,550.264038,289.868059,1,1,0,0,0,1.0000
old_v4_physics_audit,combined_violation_shift,7,8,1,1,1233.828369,289.868059,1,1,0,0,0,1.0000
old_v4_physics_audit,combined_violation_shift,7,9,1,1,573.836487,289.868059,1,1,0,0,0,1.0000
old_v4_physics_audit,adversarial_compensated_violation,0,0,1,1,250.706024,289.868059,0,0,0,1,0,1.0000
old_v4_physics_audit,adversarial_compensated_violation,0,1,1,1,115.655312,289.868059,0,0,0,1,0,1.0000
old_v4_physics_audit,adversarial_compensated_violation,0,2,1,1,446.095337,289.868059,1,1,0,0,0,1.0000
old_v4_physics_audit,adversarial_compensated_violation,0,3,1,1,638.342773,289.868059,1,1,0,0,0,1.0000
old_v4_physics_audit,adversarial_compensated_violation,0,4,1,1,319.597626,289.868059,1,1,0,0,0,1.0000
old_v4_physics_audit,adversarial_compensated_violation,0,5,1,1,213.111801,289.868059,0,0,0,1,0,1.0000
old_v4_physics_audit,adversarial_compensated_violation,0,6,1,1,440.020416,289.868059,1,1,0,0,0,1.0000
old_v4_physics_audit,adversarial_compensated_violation,0,7,1,1,224.925919,289.868059,0,0,0,1,0,1.0000
old_v4_physics_audit,adversarial_compensated_violation,0,8,1,1,580.245605,289.868059,1,1,0,0,0,1.0000
old_v4_physics_audit,adversarial_compensated_violation,0,9,1,1,258.332794,289.868059,0,0,0,1,0,1.0000
old_v4_physics_audit,adversarial_compensated_violation,1,0,1,1,175.225616,289.868059,0,0,0,1,0,1.0000
old_v4_physics_audit,adversarial_compensated_violation,1,1,1,1,256.915283,289.868059,0,0,0,1,0,1.0000
old_v4_physics_audit,adversarial_compensated_violation,1,2,1,1,348.493774,289.868059,1,1,0,0,0,1.0000
old_v4_physics_audit,adversarial_compensated_violation,1,3,1,1,478.066101,289.868059,1,1,0,0,0,1.0000
old_v4_physics_audit,adversarial_compensated_violation,1,4,1,1,691.834717,289.868059,1,1,0,0,0,1.0000
old_v4_physics_audit,adversarial_compensated_violation,1,5,1,1,374.044159,289.868059,1,1,0,0,0,1.0000
old_v4_physics_audit,adversarial_compensated_violation,1,6,1,1,499.484558,289.868059,1,1,0,0,0,1.0000
old_v4_physics_audit,adversarial_compensated_violation,1,7,1,1,540.975525,289.868059,1,1,0,0,0,1.0000
old_v4_physics_audit,adversarial_compensated_violation,1,8,1,1,310.178528,289.868059,1,1,0,0,0,1.0000
old_v4_physics_audit,adversarial_compensated_violation,1,9,1,1,320.933533,289.868059,1,1,0,0,0,1.0000
old_v4_physics_audit,adversarial_compensated_violation,2,0,1,1,200.531113,289.868059,0,0,0,1,0,1.0000
old_v4_physics_audit,adversarial_compensated_violation,2,1,1,1,210.417679,289.868059,0,0,0,1,0,1.0000
old_v4_physics_audit,adversarial_compensated_violation,2,2,1,1,276.928467,289.868059,0,0,0,1,0,1.0000
old_v4_physics_audit,adversarial_compensated_violation,2,3,1,1,370.495331,289.868059,1,1,0,0,0,1.0000
old_v4_physics_audit,adversarial_compensated_violation,2,4,1,1,365.859375,289.868059,1,1,0,0,0,1.0000
old_v4_physics_audit,adversarial_compensated_violation,2,5,1,1,665.250427,289.868059,1,1,0,0,0,1.0000
old_v4_physics_audit,adversarial_compensated_violation,2,6,1,1,87.147606,289.868059,0,0,0,1,0,1.0000
old_v4_physics_audit,adversarial_compensated_violation,2,7,1,1,295.286133,289.868059,1,1,0,0,0,1.0000
old_v4_physics_audit,adversarial_compensated_violation,2,8,1,1,659.665588,289.868059,1,1,0,0,0,1.0000
old_v4_physics_audit,adversarial_compensated_violation,2,9,1,1,612.252808,289.868059,1,1,0,0,0,1.0000
old_v4_physics_audit,adversarial_compensated_violation,3,0,1,1,93.397003,289.868059,0,0,0,1,0,1.0000
old_v4_physics_audit,adversarial_compensated_violation,3,1,1,1,271.995422,289.868059,0,0,0,1,0,1.0000
old_v4_physics_audit,adversarial_compensated_violation,3,2,1,1,81.858810,289.868059,0,0,0,1,0,1.0000
old_v4_physics_audit,adversarial_compensated_violation,3,3,1,1,431.048950,289.868059,1,1,0,0,0,1.0000
old_v4_physics_audit,adversarial_compensated_violation,3,4,1,1,148.785919,289.868059,0,0,0,1,0,1.0000
old_v4_physics_audit,adversarial_compensated_violation,3,5,1,1,221.406998,289.868059,0,0,0,1,0,1.0000
old_v4_physics_audit,adversarial_compensated_violation,3,6,1,1,490.096130,289.868059,1,1,0,0,0,1.0000
old_v4_physics_audit,adversarial_compensated_violation,3,7,1,1,392.742981,289.868059,1,1,0,0,0,1.0000
old_v4_physics_audit,adversarial_compensated_violation,3,8,1,1,538.506775,289.868059,1,1,0,0,0,1.0000
old_v4_physics_audit,adversarial_compensated_violation,3,9,1,1,625.727905,289.868059,1,1,0,0,0,1.0000
old_v4_physics_audit,adversarial_compensated_violation,4,0,1,1,758.688782,289.868059,1,1,0,0,0,1.0000
old_v4_physics_audit,adversarial_compensated_violation,4,1,1,1,533.370972,289.868059,1,1,0,0,0,1.0000
old_v4_physics_audit,adversarial_compensated_violation,4,2,1,1,752.331421,289.868059,1,1,0,0,0,1.0000
old_v4_physics_audit,adversarial_compensated_violation,4,3,1,1,649.807495,289.868059,1,1,0,0,0,1.0000
old_v4_physics_audit,adversarial_compensated_violation,4,4,1,1,388.181488,289.868059,1,1,0,0,0,1.0000
old_v4_physics_audit,adversarial_compensated_violation,4,5,1,1,207.152603,289.868059,0,0,0,1,0,1.0000
old_v4_physics_audit,adversarial_compensated_violation,4,6,1,1,137.209488,289.868059,0,0,0,1,0,1.0000
old_v4_physics_audit,adversarial_compensated_violation,4,7,1,1,430.978455,289.868059,1,1,0,0,0,1.0000
old_v4_physics_audit,adversarial_compensated_violation,4,8,1,1,691.482117,289.868059,1,1,0,0,0,1.0000
old_v4_physics_audit,adversarial_compensated_violation,4,9,1,1,329.624481,289.868059,1,1,0,0,0,1.0000
old_v4_physics_audit,adversarial_compensated_violation,5,0,1,1,298.074738,289.868059,1,1,0,0,0,1.0000
old_v4_physics_audit,adversarial_compensated_violation,5,1,1,1,129.077286,289.868059,0,0,0,1,0,1.0000
old_v4_physics_audit,adversarial_compensated_violation,5,2,1,1,248.099609,289.868059,0,0,0,1,0,1.0000
old_v4_physics_audit,adversarial_compensated_violation,5,3,1,1,249.499084,289.868059,0,0,0,1,0,1.0000
old_v4_physics_audit,adversarial_compensated_violation,5,4,1,1,563.686951,289.868059,1,1,0,0,0,1.0000
old_v4_physics_audit,adversarial_compensated_violation,5,5,1,1,219.555267,289.868059,0,0,0,1,0,1.0000
old_v4_physics_audit,adversarial_compensated_violation,5,6,1,1,231.313690,289.868059,0,0,0,1,0,1.0000
old_v4_physics_audit,adversarial_compensated_violation,5,7,1,1,139.742859,289.868059,0,0,0,1,0,1.0000
old_v4_physics_audit,adversarial_compensated_violation,5,8,1,1,487.074219,289.868059,1,1,0,0,0,1.0000
old_v4_physics_audit,adversarial_compensated_violation,5,9,1,1,73.409683,289.868059,0,0,0,1,0,1.0000
old_v4_physics_audit,adversarial_compensated_violation,6,0,1,1,542.809875,289.868059,1,1,0,0,0,1.0000
old_v4_physics_audit,adversarial_compensated_violation,6,1,1,1,267.623047,289.868059,0,0,0,1,0,1.0000
old_v4_physics_audit,adversarial_compensated_violation,6,2,1,1,584.630737,289.868059,1,1,0,0,0,1.0000
old_v4_physics_audit,adversarial_compensated_violation,6,3,1,1,257.322388,289.868059,0,0,0,1,0,1.0000
old_v4_physics_audit,adversarial_compensated_violation,6,4,1,1,242.460953,289.868059,0,0,0,1,0,1.0000
old_v4_physics_audit,adversarial_compensated_violation,6,5,1,1,495.979858,289.868059,1,1,0,0,0,1.0000
old_v4_physics_audit,adversarial_compensated_violation,6,6,1,1,254.605591,289.868059,0,0,0,1,0,1.0000
old_v4_physics_audit,adversarial_compensated_violation,6,7,1,1,440.660248,289.868059,1,1,0,0,0,1.0000
old_v4_physics_audit,adversarial_compensated_violation,6,8,1,1,268.500793,289.868059,0,0,0,1,0,1.0000
old_v4_physics_audit,adversarial_compensated_violation,6,9,1,1,345.013153,289.868059,1,1,0,0,0,1.0000
old_v4_physics_audit,adversarial_compensated_violation,7,0,1,1,210.542236,289.868059,0,0,0,1,0,1.0000
old_v4_physics_audit,adversarial_compensated_violation,7,1,1,1,427.710266,289.868059,1,1,0,0,0,1.0000
old_v4_physics_audit,adversarial_compensated_violation,7,2,1,1,462.742798,289.868059,1,1,0,0,0,1.0000
old_v4_physics_audit,adversarial_compensated_violation,7,3,1,1,304.928619,289.868059,1,1,0,0,0,1.0000
old_v4_physics_audit,adversarial_compensated_violation,7,4,1,1,304.207184,289.868059,1,1,0,0,0,1.0000
old_v4_physics_audit,adversarial_compensated_violation,7,5,1,1,437.694244,289.868059,1,1,0,0,0,1.0000
old_v4_physics_audit,adversarial_compensated_violation,7,6,1,1,259.530457,289.868059,0,0,0,1,0,1.0000
old_v4_physics_audit,adversarial_compensated_violation,7,7,1,1,271.294891,289.868059,0,0,0,1,0,1.0000
old_v4_physics_audit,adversarial_compensated_violation,7,8,1,1,616.379028,289.868059,1,1,0,0,0,1.0000
old_v4_physics_audit,adversarial_compensated_violation,7,9,1,1,371.315674,289.868059,1,1,0,0,0,1.0000
old_v4_physics_audit,mixed_near_threshold,0,0,1,1,223.719421,289.868059,0,0,0,1,0,1.0000
old_v4_physics_audit,mixed_near_threshold,0,1,1,1,53.887943,289.868059,0,0,0,1,0,1.0000
old_v4_physics_audit,mixed_near_threshold,0,2,1,1,115.259758,289.868059,0,0,0,1,0,1.0000
old_v4_physics_audit,mixed_near_threshold,0,3,1,1,90.662575,289.868059,0,0,0,1,0,1.0000
old_v4_physics_audit,mixed_near_threshold,0,4,1,1,31.256540,289.868059,0,0,0,1,0,1.0000
old_v4_physics_audit,mixed_near_threshold,0,5,1,1,89.298531,289.868059,0,0,0,1,0,1.0000
old_v4_physics_audit,mixed_near_threshold,0,6,1,1,38.025810,289.868059,0,0,0,1,0,1.0000
old_v4_physics_audit,mixed_near_threshold,0,7,1,1,55.556999,289.868059,0,0,0,1,0,1.0000
old_v4_physics_audit,mixed_near_threshold,0,8,1,1,219.371689,289.868059,0,0,0,1,0,1.0000
old_v4_physics_audit,mixed_near_threshold,0,9,1,1,185.822784,289.868059,0,0,0,1,0,1.0000
old_v4_physics_audit,mixed_near_threshold,1,0,1,1,50.582893,289.868059,0,0,0,1,0,1.0000
old_v4_physics_audit,mixed_near_threshold,1,1,1,1,104.140671,289.868059,0,0,0,1,0,1.0000
old_v4_physics_audit,mixed_near_threshold,1,2,1,1,29.680775,289.868059,0,0,0,1,0,1.0000
old_v4_physics_audit,mixed_near_threshold,1,3,1,1,45.472023,289.868059,0,0,0,1,0,1.0000
old_v4_physics_audit,mixed_near_threshold,1,4,1,1,121.064392,289.868059,0,0,0,1,0,1.0000
old_v4_physics_audit,mixed_near_threshold,1,5,1,1,98.370354,289.868059,0,0,0,1,0,1.0000
old_v4_physics_audit,mixed_near_threshold,1,6,1,1,49.977242,289.868059,0,0,0,1,0,1.0000
old_v4_physics_audit,mixed_near_threshold,1,7,1,1,159.570892,289.868059,0,0,0,1,0,1.0000
old_v4_physics_audit,mixed_near_threshold,1,8,1,1,39.611629,289.868059,0,0,0,1,0,1.0000
old_v4_physics_audit,mixed_near_threshold,1,9,1,1,46.750355,289.868059,0,0,0,1,0,1.0000
old_v4_physics_audit,mixed_near_threshold,2,0,1,1,123.447014,289.868059,0,0,0,1,0,1.0000
old_v4_physics_audit,mixed_near_threshold,2,1,1,1,56.774658,289.868059,0,0,0,1,0,1.0000
old_v4_physics_audit,mixed_near_threshold,2,2,1,1,34.068157,289.868059,0,0,0,1,0,1.0000
old_v4_physics_audit,mixed_near_threshold,2,3,1,1,33.933617,289.868059,0,0,0,1,0,1.0000
old_v4_physics_audit,mixed_near_threshold,2,4,1,1,116.470039,289.868059,0,0,0,1,0,1.0000
old_v4_physics_audit,mixed_near_threshold,2,5,1,1,89.919479,289.868059,0,0,0,1,0,1.0000
old_v4_physics_audit,mixed_near_threshold,2,6,1,1,59.099693,289.868059,0,0,0,1,0,1.0000
old_v4_physics_audit,mixed_near_threshold,2,7,1,1,66.423485,289.868059,0,0,0,1,0,1.0000
old_v4_physics_audit,mixed_near_threshold,2,8,1,1,94.832939,289.868059,0,0,0,1,0,1.0000
old_v4_physics_audit,mixed_near_threshold,2,9,1,1,56.171947,289.868059,0,0,0,1,0,1.0000
old_v4_physics_audit,mixed_near_threshold,3,0,1,1,26.332340,289.868059,0,0,0,1,0,1.0000
old_v4_physics_audit,mixed_near_threshold,3,1,1,1,29.379452,289.868059,0,0,0,1,0,1.0000
old_v4_physics_audit,mixed_near_threshold,3,2,1,1,68.804909,289.868059,0,0,0,1,0,1.0000
old_v4_physics_audit,mixed_near_threshold,3,3,1,1,137.610977,289.868059,0,0,0,1,0,1.0000
old_v4_physics_audit,mixed_near_threshold,3,4,1,1,49.503349,289.868059,0,0,0,1,0,1.0000
old_v4_physics_audit,mixed_near_threshold,3,5,1,1,97.099365,289.868059,0,0,0,1,0,1.0000
old_v4_physics_audit,mixed_near_threshold,3,6,1,1,40.162361,289.868059,0,0,0,1,0,1.0000
old_v4_physics_audit,mixed_near_threshold,3,7,1,1,138.635010,289.868059,0,0,0,1,0,1.0000
old_v4_physics_audit,mixed_near_threshold,3,8,1,1,43.844879,289.868059,0,0,0,1,0,1.0000
old_v4_physics_audit,mixed_near_threshold,3,9,1,1,158.384445,289.868059,0,0,0,1,0,1.0000
old_v4_physics_audit,mixed_near_threshold,4,0,1,1,178.348907,289.868059,0,0,0,1,0,1.0000
old_v4_physics_audit,mixed_near_threshold,4,1,1,1,137.347992,289.868059,0,0,0,1,0,1.0000
old_v4_physics_audit,mixed_near_threshold,4,2,1,1,85.420364,289.868059,0,0,0,1,0,1.0000
old_v4_physics_audit,mixed_near_threshold,4,3,1,1,51.182487,289.868059,0,0,0,1,0,1.0000
old_v4_physics_audit,mixed_near_threshold,4,4,1,1,35.643913,289.868059,0,0,0,1,0,1.0000
old_v4_physics_audit,mixed_near_threshold,4,5,1,1,25.082996,289.868059,0,0,0,1,0,1.0000
old_v4_physics_audit,mixed_near_threshold,4,6,1,1,35.195850,289.868059,0,0,0,1,0,1.0000
old_v4_physics_audit,mixed_near_threshold,4,7,1,1,234.258194,289.868059,0,0,0,1,0,1.0000
old_v4_physics_audit,mixed_near_threshold,4,8,1,1,68.383476,289.868059,0,0,0,1,0,1.0000
old_v4_physics_audit,mixed_near_threshold,4,9,1,1,97.938705,289.868059,0,0,0,1,0,1.0000
old_v4_physics_audit,mixed_near_threshold,5,0,1,1,31.844345,289.868059,0,0,0,1,0,1.0000
old_v4_physics_audit,mixed_near_threshold,5,1,1,1,62.468491,289.868059,0,0,0,1,0,1.0000
old_v4_physics_audit,mixed_near_threshold,5,2,1,1,49.369152,289.868059,0,0,0,1,0,1.0000
old_v4_physics_audit,mixed_near_threshold,5,3,1,1,91.898239,289.868059,0,0,0,1,0,1.0000
old_v4_physics_audit,mixed_near_threshold,5,4,1,1,169.756439,289.868059,0,0,0,1,0,1.0000
old_v4_physics_audit,mixed_near_threshold,5,5,1,1,56.456825,289.868059,0,0,0,1,0,1.0000
old_v4_physics_audit,mixed_near_threshold,5,6,1,1,198.553665,289.868059,0,0,0,1,0,1.0000
old_v4_physics_audit,mixed_near_threshold,5,7,1,1,81.508041,289.868059,0,0,0,1,0,1.0000
old_v4_physics_audit,mixed_near_threshold,5,8,1,1,78.046661,289.868059,0,0,0,1,0,1.0000
old_v4_physics_audit,mixed_near_threshold,5,9,1,1,103.707664,289.868059,0,0,0,1,0,1.0000
old_v4_physics_audit,mixed_near_threshold,6,0,1,1,42.267529,289.868059,0,0,0,1,0,1.0000
old_v4_physics_audit,mixed_near_threshold,6,1,1,1,36.907795,289.868059,0,0,0,1,0,1.0000
old_v4_physics_audit,mixed_near_threshold,6,2,1,1,28.668327,289.868059,0,0,0,1,0,1.0000
old_v4_physics_audit,mixed_near_threshold,6,3,1,1,115.888489,289.868059,0,0,0,1,0,1.0000
old_v4_physics_audit,mixed_near_threshold,6,4,1,1,46.930607,289.868059,0,0,0,1,0,1.0000
old_v4_physics_audit,mixed_near_threshold,6,5,1,1,145.450027,289.868059,0,0,0,1,0,1.0000
old_v4_physics_audit,mixed_near_threshold,6,6,1,1,136.623444,289.868059,0,0,0,1,0,1.0000
old_v4_physics_audit,mixed_near_threshold,6,7,1,1,52.691681,289.868059,0,0,0,1,0,1.0000
old_v4_physics_audit,mixed_near_threshold,6,8,1,1,31.459263,289.868059,0,0,0,1,0,1.0000
old_v4_physics_audit,mixed_near_threshold,6,9,1,1,49.171608,289.868059,0,0,0,1,0,1.0000
old_v4_physics_audit,mixed_near_threshold,7,0,1,1,123.016273,289.868059,0,0,0,1,0,1.0000
old_v4_physics_audit,mixed_near_threshold,7,1,1,1,46.073681,289.868059,0,0,0,1,0,1.0000
old_v4_physics_audit,mixed_near_threshold,7,2,1,1,67.651154,289.868059,0,0,0,1,0,1.0000
old_v4_physics_audit,mixed_near_threshold,7,3,1,1,55.374352,289.868059,0,0,0,1,0,1.0000
old_v4_physics_audit,mixed_near_threshold,7,4,1,1,84.076279,289.868059,0,0,0,1,0,1.0000
old_v4_physics_audit,mixed_near_threshold,7,5,1,1,130.585953,289.868059,0,0,0,1,0,1.0000
old_v4_physics_audit,mixed_near_threshold,7,6,1,1,35.189098,289.868059,0,0,0,1,0,1.0000
old_v4_physics_audit,mixed_near_threshold,7,7,1,1,45.848339,289.868059,0,0,0,1,0,1.0000
old_v4_physics_audit,mixed_near_threshold,7,8,1,1,184.924606,289.868059,0,0,0,1,0,1.0000
old_v4_physics_audit,mixed_near_threshold,7,9,1,1,37.909523,289.868059,0,0,0,1,0,1.0000
old_v4_physics_audit,rare_valid_bounce,0,0,0,0,177.039093,289.868059,0,0,0,0,1,1.0000
old_v4_physics_audit,rare_valid_bounce,0,1,0,0,130.400574,289.868059,0,0,0,0,1,1.0000
old_v4_physics_audit,rare_valid_bounce,0,2,0,0,217.632126,289.868059,0,0,0,0,1,1.0000
old_v4_physics_audit,rare_valid_bounce,0,3,0,0,255.929565,289.868059,0,0,0,0,1,1.0000
old_v4_physics_audit,rare_valid_bounce,0,4,0,0,167.125259,289.868059,0,0,0,0,1,1.0000
old_v4_physics_audit,rare_valid_bounce,0,5,0,0,160.531097,289.868059,0,0,0,0,1,1.0000
old_v4_physics_audit,rare_valid_bounce,0,6,0,0,229.929413,289.868059,0,0,0,0,1,1.0000
old_v4_physics_audit,rare_valid_bounce,0,7,0,0,125.632111,289.868059,0,0,0,0,1,1.0000
old_v4_physics_audit,rare_valid_bounce,0,8,0,0,273.352783,289.868059,0,0,0,0,1,1.0000
old_v4_physics_audit,rare_valid_bounce,0,9,0,0,158.650253,289.868059,0,0,0,0,1,1.0000
old_v4_physics_audit,rare_valid_bounce,1,0,0,0,207.408813,289.868059,0,0,0,0,1,1.0000
old_v4_physics_audit,rare_valid_bounce,1,1,0,0,118.986481,289.868059,0,0,0,0,1,1.0000
old_v4_physics_audit,rare_valid_bounce,1,2,0,0,190.160797,289.868059,0,0,0,0,1,1.0000
old_v4_physics_audit,rare_valid_bounce,1,3,0,0,208.102585,289.868059,0,0,0,0,1,1.0000
old_v4_physics_audit,rare_valid_bounce,1,4,0,0,226.817551,289.868059,0,0,0,0,1,1.0000
old_v4_physics_audit,rare_valid_bounce,1,5,0,0,185.605713,289.868059,0,0,0,0,1,1.0000
old_v4_physics_audit,rare_valid_bounce,1,6,0,0,205.164093,289.868059,0,0,0,0,1,1.0000
old_v4_physics_audit,rare_valid_bounce,1,7,0,0,215.948471,289.868059,0,0,0,0,1,1.0000
old_v4_physics_audit,rare_valid_bounce,1,8,0,0,152.107101,289.868059,0,0,0,0,1,1.0000
old_v4_physics_audit,rare_valid_bounce,1,9,0,0,147.190704,289.868059,0,0,0,0,1,1.0000
old_v4_physics_audit,rare_valid_bounce,2,0,0,0,121.200752,289.868059,0,0,0,0,1,1.0000
old_v4_physics_audit,rare_valid_bounce,2,1,0,0,92.416527,289.868059,0,0,0,0,1,1.0000
old_v4_physics_audit,rare_valid_bounce,2,2,0,0,98.078461,289.868059,0,0,0,0,1,1.0000
old_v4_physics_audit,rare_valid_bounce,2,3,0,0,195.710938,289.868059,0,0,0,0,1,1.0000
old_v4_physics_audit,rare_valid_bounce,2,4,0,0,153.197723,289.868059,0,0,0,0,1,1.0000
old_v4_physics_audit,rare_valid_bounce,2,5,0,0,288.961700,289.868059,0,0,0,0,1,1.0000
old_v4_physics_audit,rare_valid_bounce,2,6,0,0,103.212967,289.868059,0,0,0,0,1,1.0000
old_v4_physics_audit,rare_valid_bounce,2,7,0,0,141.478973,289.868059,0,0,0,0,1,1.0000
old_v4_physics_audit,rare_valid_bounce,2,8,0,0,262.295532,289.868059,0,0,0,0,1,1.0000
old_v4_physics_audit,rare_valid_bounce,2,9,0,0,283.885468,289.868059,0,0,0,0,1,1.0000
old_v4_physics_audit,rare_valid_bounce,3,0,0,0,129.026169,289.868059,0,0,0,0,1,1.0000
old_v4_physics_audit,rare_valid_bounce,3,1,0,0,161.359329,289.868059,0,0,0,0,1,1.0000
old_v4_physics_audit,rare_valid_bounce,3,2,0,0,95.230766,289.868059,0,0,0,0,1,1.0000
old_v4_physics_audit,rare_valid_bounce,3,3,0,0,177.621780,289.868059,0,0,0,0,1,1.0000
old_v4_physics_audit,rare_valid_bounce,3,4,0,0,212.575912,289.868059,0,0,0,0,1,1.0000
old_v4_physics_audit,rare_valid_bounce,3,5,0,0,149.911713,289.868059,0,0,0,0,1,1.0000
old_v4_physics_audit,rare_valid_bounce,3,6,0,0,270.261292,289.868059,0,0,0,0,1,1.0000
old_v4_physics_audit,rare_valid_bounce,3,7,0,0,223.773163,289.868059,0,0,0,0,1,1.0000
old_v4_physics_audit,rare_valid_bounce,3,8,0,0,259.286896,289.868059,0,0,0,0,1,1.0000
old_v4_physics_audit,rare_valid_bounce,3,9,0,0,267.682709,289.868059,0,0,0,0,1,1.0000
old_v4_physics_audit,rare_valid_bounce,4,0,0,0,337.824249,289.868059,1,0,1,0,0,1.0000
old_v4_physics_audit,rare_valid_bounce,4,1,0,0,223.598572,289.868059,0,0,0,0,1,1.0000
old_v4_physics_audit,rare_valid_bounce,4,2,0,0,287.760498,289.868059,0,0,0,0,1,1.0000
old_v4_physics_audit,rare_valid_bounce,4,3,0,0,307.088867,289.868059,1,0,1,0,0,1.0000
old_v4_physics_audit,rare_valid_bounce,4,4,0,0,169.785690,289.868059,0,0,0,0,1,1.0000
old_v4_physics_audit,rare_valid_bounce,4,5,0,0,111.583153,289.868059,0,0,0,0,1,1.0000
old_v4_physics_audit,rare_valid_bounce,4,6,0,0,216.757477,289.868059,0,0,0,0,1,1.0000
old_v4_physics_audit,rare_valid_bounce,4,7,0,0,136.811066,289.868059,0,0,0,0,1,1.0000
old_v4_physics_audit,rare_valid_bounce,4,8,0,0,276.746674,289.868059,0,0,0,0,1,1.0000
old_v4_physics_audit,rare_valid_bounce,4,9,0,0,200.666275,289.868059,0,0,0,0,1,1.0000
old_v4_physics_audit,rare_valid_bounce,5,0,0,0,122.362335,289.868059,0,0,0,0,1,1.0000
old_v4_physics_audit,rare_valid_bounce,5,1,0,0,129.126556,289.868059,0,0,0,0,1,1.0000
old_v4_physics_audit,rare_valid_bounce,5,2,0,0,157.372498,289.868059,0,0,0,0,1,1.0000
old_v4_physics_audit,rare_valid_bounce,5,3,0,0,129.761337,289.868059,0,0,0,0,1,1.0000
old_v4_physics_audit,rare_valid_bounce,5,4,0,0,329.285431,289.868059,1,0,1,0,0,1.0000
old_v4_physics_audit,rare_valid_bounce,5,5,0,0,77.614365,289.868059,0,0,0,0,1,1.0000
old_v4_physics_audit,rare_valid_bounce,5,6,0,0,87.239410,289.868059,0,0,0,0,1,1.0000
old_v4_physics_audit,rare_valid_bounce,5,7,0,0,143.121124,289.868059,0,0,0,0,1,1.0000
old_v4_physics_audit,rare_valid_bounce,5,8,0,0,214.547623,289.868059,0,0,0,0,1,1.0000
old_v4_physics_audit,rare_valid_bounce,5,9,0,0,107.275345,289.868059,0,0,0,0,1,1.0000
old_v4_physics_audit,rare_valid_bounce,6,0,0,0,246.220306,289.868059,0,0,0,0,1,1.0000
old_v4_physics_audit,rare_valid_bounce,6,1,0,0,156.640656,289.868059,0,0,0,0,1,1.0000
old_v4_physics_audit,rare_valid_bounce,6,2,0,0,310.073486,289.868059,1,0,1,0,0,1.0000
old_v4_physics_audit,rare_valid_bounce,6,3,0,0,143.438217,289.868059,0,0,0,0,1,1.0000
old_v4_physics_audit,rare_valid_bounce,6,4,0,0,159.163986,289.868059,0,0,0,0,1,1.0000
old_v4_physics_audit,rare_valid_bounce,6,5,0,0,227.211395,289.868059,0,0,0,0,1,1.0000
old_v4_physics_audit,rare_valid_bounce,6,6,0,0,140.202682,289.868059,0,0,0,0,1,1.0000
old_v4_physics_audit,rare_valid_bounce,6,7,0,0,218.013489,289.868059,0,0,0,0,1,1.0000
old_v4_physics_audit,rare_valid_bounce,6,8,0,0,146.903351,289.868059,0,0,0,0,1,1.0000
old_v4_physics_audit,rare_valid_bounce,6,9,0,0,146.673843,289.868059,0,0,0,0,1,1.0000
old_v4_physics_audit,rare_valid_bounce,7,0,0,0,170.743439,289.868059,0,0,0,0,1,1.0000
old_v4_physics_audit,rare_valid_bounce,7,1,0,0,209.743805,289.868059,0,0,0,0,1,1.0000
old_v4_physics_audit,rare_valid_bounce,7,2,0,0,213.935516,289.868059,0,0,0,0,1,1.0000
old_v4_physics_audit,rare_valid_bounce,7,3,0,0,154.687927,289.868059,0,0,0,0,1,1.0000
old_v4_physics_audit,rare_valid_bounce,7,4,0,0,134.781387,289.868059,0,0,0,0,1,1.0000
old_v4_physics_audit,rare_valid_bounce,7,5,0,0,198.814270,289.868059,0,0,0,0,1,1.0000
old_v4_physics_audit,rare_valid_bounce,7,6,0,0,119.561859,289.868059,0,0,0,0,1,1.0000
old_v4_physics_audit,rare_valid_bounce,7,7,0,0,181.132431,289.868059,0,0,0,0,1,1.0000
old_v4_physics_audit,rare_valid_bounce,7,8,0,0,268.216614,289.868059,0,0,0,0,1,1.0000
old_v4_physics_audit,rare_valid_bounce,7,9,0,0,175.956696,289.868059,0,0,0,0,1,1.0000
scalar_residual_only,combined_violation_shift,0,0,1,1,6.490748,5.434410,1,1,0,0,0,1.0000
scalar_residual_only,combined_violation_shift,0,1,1,1,7.364655,5.434410,1,1,0,0,0,1.0000
scalar_residual_only,combined_violation_shift,0,2,1,1,7.237910,5.434410,1,1,0,0,0,1.0000
scalar_residual_only,combined_violation_shift,0,3,1,1,6.930355,5.434410,1,1,0,0,0,1.0000
scalar_residual_only,combined_violation_shift,0,4,1,1,8.179690,5.434410,1,1,0,0,0,1.0000
scalar_residual_only,combined_violation_shift,0,5,1,1,7.169695,5.434410,1,1,0,0,0,1.0000
scalar_residual_only,combined_violation_shift,0,6,1,1,8.138331,5.434410,1,1,0,0,0,1.0000
scalar_residual_only,combined_violation_shift,0,7,1,1,8.245390,5.434410,1,1,0,0,0,1.0000
scalar_residual_only,combined_violation_shift,0,8,1,1,9.544451,5.434410,1,1,0,0,0,1.0000
scalar_residual_only,combined_violation_shift,0,9,1,1,6.697382,5.434410,1,1,0,0,0,1.0000
scalar_residual_only,combined_violation_shift,1,0,1,1,6.543597,5.434410,1,1,0,0,0,1.0000
scalar_residual_only,combined_violation_shift,1,1,1,1,6.514753,5.434410,1,1,0,0,0,1.0000
scalar_residual_only,combined_violation_shift,1,2,1,1,9.203943,5.434410,1,1,0,0,0,1.0000
scalar_residual_only,combined_violation_shift,1,3,1,1,6.673497,5.434410,1,1,0,0,0,1.0000
scalar_residual_only,combined_violation_shift,1,4,1,1,6.486756,5.434410,1,1,0,0,0,1.0000
scalar_residual_only,combined_violation_shift,1,5,1,1,7.390922,5.434410,1,1,0,0,0,1.0000
scalar_residual_only,combined_violation_shift,1,6,1,1,6.549544,5.434410,1,1,0,0,0,1.0000
scalar_residual_only,combined_violation_shift,1,7,1,1,9.402081,5.434410,1,1,0,0,0,1.0000
scalar_residual_only,combined_violation_shift,1,8,1,1,6.485034,5.434410,1,1,0,0,0,1.0000
scalar_residual_only,combined_violation_shift,1,9,1,1,6.637180,5.434410,1,1,0,0,0,1.0000
scalar_residual_only,combined_violation_shift,2,0,1,1,6.747784,5.434410,1,1,0,0,0,1.0000
scalar_residual_only,combined_violation_shift,2,1,1,1,6.791368,5.434410,1,1,0,0,0,1.0000
scalar_residual_only,combined_violation_shift,2,2,1,1,9.359363,5.434410,1,1,0,0,0,1.0000
scalar_residual_only,combined_violation_shift,2,3,1,1,6.699371,5.434410,1,1,0,0,0,1.0000
scalar_residual_only,combined_violation_shift,2,4,1,1,7.677376,5.434410,1,1,0,0,0,1.0000
scalar_residual_only,combined_violation_shift,2,5,1,1,6.595227,5.434410,1,1,0,0,0,1.0000
scalar_residual_only,combined_violation_shift,2,6,1,1,7.371176,5.434410,1,1,0,0,0,1.0000
scalar_residual_only,combined_violation_shift,2,7,1,1,6.712338,5.434410,1,1,0,0,0,1.0000
scalar_residual_only,combined_violation_shift,2,8,1,1,6.558621,5.434410,1,1,0,0,0,1.0000
scalar_residual_only,combined_violation_shift,2,9,1,1,6.512822,5.434410,1,1,0,0,0,1.0000
scalar_residual_only,combined_violation_shift,3,0,1,1,8.710968,5.434410,1,1,0,0,0,1.0000
scalar_residual_only,combined_violation_shift,3,1,1,1,6.496193,5.434410,1,1,0,0,0,1.0000
scalar_residual_only,combined_violation_shift,3,2,1,1,6.599274,5.434410,1,1,0,0,0,1.0000
scalar_residual_only,combined_violation_shift,3,3,1,1,8.700562,5.434410,1,1,0,0,0,1.0000
scalar_residual_only,combined_violation_shift,3,4,1,1,6.458752,5.434410,1,1,0,0,0,1.0000
scalar_residual_only,combined_violation_shift,3,5,1,1,6.566750,5.434410,1,1,0,0,0,1.0000
scalar_residual_only,combined_violation_shift,3,6,1,1,6.822742,5.434410,1,1,0,0,0,1.0000
scalar_residual_only,combined_violation_shift,3,7,1,1,6.528879,5.434410,1,1,0,0,0,1.0000
scalar_residual_only,combined_violation_shift,3,8,1,1,6.543594,5.434410,1,1,0,0,0,1.0000
scalar_residual_only,combined_violation_shift,3,9,1,1,7.986414,5.434410,1,1,0,0,0,1.0000
scalar_residual_only,combined_violation_shift,4,0,1,1,6.493724,5.434410,1,1,0,0,0,1.0000
scalar_residual_only,combined_violation_shift,4,1,1,1,7.754430,5.434410,1,1,0,0,0,1.0000
scalar_residual_only,combined_violation_shift,4,2,1,1,7.696839,5.434410,1,1,0,0,0,1.0000
scalar_residual_only,combined_violation_shift,4,3,1,1,8.579253,5.434410,1,1,0,0,0,1.0000
scalar_residual_only,combined_violation_shift,4,4,1,1,8.877893,5.434410,1,1,0,0,0,1.0000
scalar_residual_only,combined_violation_shift,4,5,1,1,8.576661,5.434410,1,1,0,0,0,1.0000
scalar_residual_only,combined_violation_shift,4,6,1,1,8.626496,5.434410,1,1,0,0,0,1.0000
scalar_residual_only,combined_violation_shift,4,7,1,1,7.291529,5.434410,1,1,0,0,0,1.0000
scalar_residual_only,combined_violation_shift,4,8,1,1,6.711018,5.434410,1,1,0,0,0,1.0000
scalar_residual_only,combined_violation_shift,4,9,1,1,6.425803,5.434410,1,1,0,0,0,1.0000
scalar_residual_only,combined_violation_shift,5,0,1,1,7.475156,5.434410,1,1,0,0,0,1.0000
scalar_residual_only,combined_violation_shift,5,1,1,1,6.690952,5.434410,1,1,0,0,0,1.0000
scalar_residual_only,combined_violation_shift,5,2,1,1,6.731417,5.434410,1,1,0,0,0,1.0000
scalar_residual_only,combined_violation_shift,5,3,1,1,6.487254,5.434410,1,1,0,0,0,1.0000
scalar_residual_only,combined_violation_shift,5,4,1,1,7.849663,5.434410,1,1,0,0,0,1.0000
scalar_residual_only,combined_violation_shift,5,5,1,1,6.438912,5.434410,1,1,0,0,0,1.0000
scalar_residual_only,combined_violation_shift,5,6,1,1,7.690419,5.434410,1,1,0,0,0,1.0000
scalar_residual_only,combined_violation_shift,5,7,1,1,6.784654,5.434410,1,1,0,0,0,1.0000
scalar_residual_only,combined_violation_shift,5,8,1,1,6.515442,5.434410,1,1,0,0,0,1.0000
scalar_residual_only,combined_violation_shift,5,9,1,1,7.293685,5.434410,1,1,0,0,0,1.0000
scalar_residual_only,combined_violation_shift,6,0,1,1,6.655376,5.434410,1,1,0,0,0,1.0000
scalar_residual_only,combined_violation_shift,6,1,1,1,8.902765,5.434410,1,1,0,0,0,1.0000
scalar_residual_only,combined_violation_shift,6,2,1,1,6.663458,5.434410,1,1,0,0,0,1.0000
scalar_residual_only,combined_violation_shift,6,3,1,1,6.449723,5.434410,1,1,0,0,0,1.0000
scalar_residual_only,combined_violation_shift,6,4,1,1,6.871357,5.434410,1,1,0,0,0,1.0000
scalar_residual_only,combined_violation_shift,6,5,1,1,6.811349,5.434410,1,1,0,0,0,1.0000
scalar_residual_only,combined_violation_shift,6,6,1,1,6.705059,5.434410,1,1,0,0,0,1.0000
scalar_residual_only,combined_violation_shift,6,7,1,1,6.538115,5.434410,1,1,0,0,0,1.0000
scalar_residual_only,combined_violation_shift,6,8,1,1,9.502714,5.434410,1,1,0,0,0,1.0000
scalar_residual_only,combined_violation_shift,6,9,1,1,9.121017,5.434410,1,1,0,0,0,1.0000
scalar_residual_only,combined_violation_shift,7,0,1,1,8.450375,5.434410,1,1,0,0,0,1.0000
scalar_residual_only,combined_violation_shift,7,1,1,1,7.942277,5.434410,1,1,0,0,0,1.0000
scalar_residual_only,combined_violation_shift,7,2,1,1,6.636955,5.434410,1,1,0,0,0,1.0000
scalar_residual_only,combined_violation_shift,7,3,1,1,8.828830,5.434410,1,1,0,0,0,1.0000
scalar_residual_only,combined_violation_shift,7,4,1,1,9.057838,5.434410,1,1,0,0,0,1.0000
scalar_residual_only,combined_violation_shift,7,5,1,1,8.585409,5.434410,1,1,0,0,0,1.0000
scalar_residual_only,combined_violation_shift,7,6,1,1,9.368162,5.434410,1,1,0,0,0,1.0000
scalar_residual_only,combined_violation_shift,7,7,1,1,6.532097,5.434410,1,1,0,0,0,1.0000
scalar_residual_only,combined_violation_shift,7,8,1,1,6.910151,5.434410,1,1,0,0,0,1.0000
scalar_residual_only,combined_violation_shift,7,9,1,1,6.485424,5.434410,1,1,0,0,0,1.0000
scalar_residual_only,adversarial_compensated_violation,0,0,1,1,5.368176,5.434410,0,0,0,1,0,1.0000
scalar_residual_only,adversarial_compensated_violation,0,1,1,1,3.133775,5.434410,0,0,0,1,0,1.0000
scalar_residual_only,adversarial_compensated_violation,0,2,1,1,3.782403,5.434410,0,0,0,1,0,1.0000
scalar_residual_only,adversarial_compensated_violation,0,3,1,1,2.530127,5.434410,0,0,0,1,0,1.0000
scalar_residual_only,adversarial_compensated_violation,0,4,1,1,2.458071,5.434410,0,0,0,1,0,1.0000
scalar_residual_only,adversarial_compensated_violation,0,5,1,1,5.186044,5.434410,0,0,0,1,0,1.0000
scalar_residual_only,adversarial_compensated_violation,0,6,1,1,2.473690,5.434410,0,0,0,1,0,1.0000
scalar_residual_only,adversarial_compensated_violation,0,7,1,1,3.978086,5.434410,0,0,0,1,0,1.0000
scalar_residual_only,adversarial_compensated_violation,0,8,1,1,2.586030,5.434410,0,0,0,1,0,1.0000
scalar_residual_only,adversarial_compensated_violation,0,9,1,1,5.582405,5.434410,1,1,0,0,0,1.0000
scalar_residual_only,adversarial_compensated_violation,1,0,1,1,2.638292,5.434410,0,0,0,1,0,1.0000
scalar_residual_only,adversarial_compensated_violation,1,1,1,1,2.517088,5.434410,0,0,0,1,0,1.0000
scalar_residual_only,adversarial_compensated_violation,1,2,1,1,3.622008,5.434410,0,0,0,1,0,1.0000
scalar_residual_only,adversarial_compensated_violation,1,3,1,1,2.367704,5.434410,0,0,0,1,0,1.0000
scalar_residual_only,adversarial_compensated_violation,1,4,1,1,3.365483,5.434410,0,0,0,1,0,1.0000
scalar_residual_only,adversarial_compensated_violation,1,5,1,1,2.705852,5.434410,0,0,0,1,0,1.0000
scalar_residual_only,adversarial_compensated_violation,1,6,1,1,2.302786,5.434410,0,0,0,1,0,1.0000
scalar_residual_only,adversarial_compensated_violation,1,7,1,1,2.351979,5.434410,0,0,0,1,0,1.0000
scalar_residual_only,adversarial_compensated_violation,1,8,1,1,2.538199,5.434410,0,0,0,1,0,1.0000
scalar_residual_only,adversarial_compensated_violation,1,9,1,1,3.802649,5.434410,0,0,0,1,0,1.0000
scalar_residual_only,adversarial_compensated_violation,2,0,1,1,4.216344,5.434410,0,0,0,1,0,1.0000
scalar_residual_only,adversarial_compensated_violation,2,1,1,1,2.386421,5.434410,0,0,0,1,0,1.0000
scalar_residual_only,adversarial_compensated_violation,2,2,1,1,2.612696,5.434410,0,0,0,1,0,1.0000
scalar_residual_only,adversarial_compensated_violation,2,3,1,1,2.502532,5.434410,0,0,0,1,0,1.0000
scalar_residual_only,adversarial_compensated_violation,2,4,1,1,2.226645,5.434410,0,0,0,1,0,1.0000
scalar_residual_only,adversarial_compensated_violation,2,5,1,1,2.375896,5.434410,0,0,0,1,0,1.0000
scalar_residual_only,adversarial_compensated_violation,2,6,1,1,7.107043,5.434410,1,1,0,0,0,1.0000
scalar_residual_only,adversarial_compensated_violation,2,7,1,1,2.923840,5.434410,0,0,0,1,0,1.0000
scalar_residual_only,adversarial_compensated_violation,2,8,1,1,2.517480,5.434410,0,0,0,1,0,1.0000
scalar_residual_only,adversarial_compensated_violation,2,9,1,1,2.441562,5.434410,0,0,0,1,0,1.0000
scalar_residual_only,adversarial_compensated_violation,3,0,1,1,5.585970,5.434410,1,1,0,0,0,1.0000
scalar_residual_only,adversarial_compensated_violation,3,1,1,1,4.122764,5.434410,0,0,0,1,0,1.0000
scalar_residual_only,adversarial_compensated_violation,3,2,1,1,4.592336,5.434410,0,0,0,1,0,1.0000
scalar_residual_only,adversarial_compensated_violation,3,3,1,1,2.346968,5.434410,0,0,0,1,0,1.0000
scalar_residual_only,adversarial_compensated_violation,3,4,1,1,4.963767,5.434410,0,0,0,1,0,1.0000
scalar_residual_only,adversarial_compensated_violation,3,5,1,1,4.789310,5.434410,0,0,0,1,0,1.0000
scalar_residual_only,adversarial_compensated_violation,3,6,1,1,2.295624,5.434410,0,0,0,1,0,1.0000
scalar_residual_only,adversarial_compensated_violation,3,7,1,1,2.431111,5.434410,0,0,0,1,0,1.0000
scalar_residual_only,adversarial_compensated_violation,3,8,1,1,2.403815,5.434410,0,0,0,1,0,1.0000
scalar_residual_only,adversarial_compensated_violation,3,9,1,1,2.423013,5.434410,0,0,0,1,0,1.0000
scalar_residual_only,adversarial_compensated_violation,4,0,1,1,3.939028,5.434410,0,0,0,1,0,1.0000
scalar_residual_only,adversarial_compensated_violation,4,1,1,1,3.147526,5.434410,0,0,0,1,0,1.0000
scalar_residual_only,adversarial_compensated_violation,4,2,1,1,2.613339,5.434410,0,0,0,1,0,1.0000
scalar_residual_only,adversarial_compensated_violation,4,3,1,1,2.824155,5.434410,0,0,0,1,0,1.0000
scalar_residual_only,adversarial_compensated_violation,4,4,1,1,2.377553,5.434410,0,0,0,1,0,1.0000
scalar_residual_only,adversarial_compensated_violation,4,5,1,1,3.227041,5.434410,0,0,0,1,0,1.0000
scalar_residual_only,adversarial_compensated_violation,4,6,1,1,11.974941,5.434410,1,1,0,0,0,1.0000
scalar_residual_only,adversarial_compensated_violation,4,7,1,1,3.067719,5.434410,0,0,0,1,0,1.0000
scalar_residual_only,adversarial_compensated_violation,4,8,1,1,2.386670,5.434410,0,0,0,1,0,1.0000
scalar_residual_only,adversarial_compensated_violation,4,9,1,1,2.523871,5.434410,0,0,0,1,0,1.0000
scalar_residual_only,adversarial_compensated_violation,5,0,1,1,2.475161,5.434410,0,0,0,1,0,1.0000
scalar_residual_only,adversarial_compensated_violation,5,1,1,1,4.447699,5.434410,0,0,0,1,0,1.0000
scalar_residual_only,adversarial_compensated_violation,5,2,1,1,3.177063,5.434410,0,0,0,1,0,1.0000
scalar_residual_only,adversarial_compensated_violation,5,3,1,1,4.925871,5.434410,0,0,0,1,0,1.0000
scalar_residual_only,adversarial_compensated_violation,5,4,1,1,2.295545,5.434410,0,0,0,1,0,1.0000
scalar_residual_only,adversarial_compensated_violation,5,5,1,1,5.385952,5.434410,0,0,0,1,0,1.0000
scalar_residual_only,adversarial_compensated_violation,5,6,1,1,2.183111,5.434410,0,0,0,1,0,1.0000
scalar_residual_only,adversarial_compensated_violation,5,7,1,1,2.728418,5.434410,0,0,0,1,0,1.0000
scalar_residual_only,adversarial_compensated_violation,5,8,1,1,2.400885,5.434410,0,0,0,1,0,1.0000
scalar_residual_only,adversarial_compensated_violation,5,9,1,1,5.402612,5.434410,0,0,0,1,0,1.0000
scalar_residual_only,adversarial_compensated_violation,6,0,1,1,2.372069,5.434410,0,0,0,1,0,1.0000
scalar_residual_only,adversarial_compensated_violation,6,1,1,1,3.824449,5.434410,0,0,0,1,0,1.0000
scalar_residual_only,adversarial_compensated_violation,6,2,1,1,2.173204,5.434410,0,0,0,1,0,1.0000
scalar_residual_only,adversarial_compensated_violation,6,3,1,1,5.835440,5.434410,1,1,0,0,0,1.0000
scalar_residual_only,adversarial_compensated_violation,6,4,1,1,5.097020,5.434410,0,0,0,1,0,1.0000
scalar_residual_only,adversarial_compensated_violation,6,5,1,1,3.256107,5.434410,0,0,0,1,0,1.0000
scalar_residual_only,adversarial_compensated_violation,6,6,1,1,2.479250,5.434410,0,0,0,1,0,1.0000
scalar_residual_only,adversarial_compensated_violation,6,7,1,1,2.518545,5.434410,0,0,0,1,0,1.0000
scalar_residual_only,adversarial_compensated_violation,6,8,1,1,3.277734,5.434410,0,0,0,1,0,1.0000
scalar_residual_only,adversarial_compensated_violation,6,9,1,1,3.694689,5.434410,0,0,0,1,0,1.0000
scalar_residual_only,adversarial_compensated_violation,7,0,1,1,7.268836,5.434410,1,1,0,0,0,1.0000
scalar_residual_only,adversarial_compensated_violation,7,1,1,1,2.414133,5.434410,0,0,0,1,0,1.0000
scalar_residual_only,adversarial_compensated_violation,7,2,1,1,2.231806,5.434410,0,0,0,1,0,1.0000
scalar_residual_only,adversarial_compensated_violation,7,3,1,1,2.644596,5.434410,0,0,0,1,0,1.0000
scalar_residual_only,adversarial_compensated_violation,7,4,1,1,2.528420,5.434410,0,0,0,1,0,1.0000
scalar_residual_only,adversarial_compensated_violation,7,5,1,1,8.192799,5.434410,1,1,0,0,0,1.0000
scalar_residual_only,adversarial_compensated_violation,7,6,1,1,2.485794,5.434410,0,0,0,1,0,1.0000
scalar_residual_only,adversarial_compensated_violation,7,7,1,1,3.788667,5.434410,0,0,0,1,0,1.0000
scalar_residual_only,adversarial_compensated_violation,7,8,1,1,2.549288,5.434410,0,0,0,1,0,1.0000
scalar_residual_only,adversarial_compensated_violation,7,9,1,1,3.624692,5.434410,0,0,0,1,0,1.0000
scalar_residual_only,mixed_near_threshold,0,0,1,1,2.113185,5.434410,0,0,0,1,0,1.0000
scalar_residual_only,mixed_near_threshold,0,1,1,1,2.465236,5.434410,0,0,0,1,0,1.0000
scalar_residual_only,mixed_near_threshold,0,2,1,1,2.110516,5.434410,0,0,0,1,0,1.0000
scalar_residual_only,mixed_near_threshold,0,3,1,1,2.512975,5.434410,0,0,0,1,0,1.0000
scalar_residual_only,mixed_near_threshold,0,4,1,1,2.782908,5.434410,0,0,0,1,0,1.0000
scalar_residual_only,mixed_near_threshold,0,5,1,1,2.664539,5.434410,0,0,0,1,0,1.0000
scalar_residual_only,mixed_near_threshold,0,6,1,1,3.157162,5.434410,0,0,0,1,0,1.0000
scalar_residual_only,mixed_near_threshold,0,7,1,1,3.145036,5.434410,0,0,0,1,0,1.0000
scalar_residual_only,mixed_near_threshold,0,8,1,1,3.240100,5.434410,0,0,0,1,0,1.0000
scalar_residual_only,mixed_near_threshold,0,9,1,1,2.295824,5.434410,0,0,0,1,0,1.0000
scalar_residual_only,mixed_near_threshold,1,0,1,1,2.186364,5.434410,0,0,0,1,0,1.0000
scalar_residual_only,mixed_near_threshold,1,1,1,1,2.156863,5.434410,0,0,0,1,0,1.0000
scalar_residual_only,mixed_near_threshold,1,2,1,1,3.616229,5.434410,0,0,0,1,0,1.0000
scalar_residual_only,mixed_near_threshold,1,3,1,1,2.141683,5.434410,0,0,0,1,0,1.0000
scalar_residual_only,mixed_near_threshold,1,4,1,1,2.501137,5.434410,0,0,0,1,0,1.0000
scalar_residual_only,mixed_near_threshold,1,5,1,1,2.793553,5.434410,0,0,0,1,0,1.0000
scalar_residual_only,mixed_near_threshold,1,6,1,1,2.088670,5.434410,0,0,0,1,0,1.0000
scalar_residual_only,mixed_near_threshold,1,7,1,1,3.444958,5.434410,0,0,0,1,0,1.0000
scalar_residual_only,mixed_near_threshold,1,8,1,1,2.390443,5.434410,0,0,0,1,0,1.0000
scalar_residual_only,mixed_near_threshold,1,9,1,1,2.410210,5.434410,0,0,0,1,0,1.0000
scalar_residual_only,mixed_near_threshold,2,0,1,1,2.110371,5.434410,0,0,0,1,0,1.0000
scalar_residual_only,mixed_near_threshold,2,1,1,1,2.819173,5.434410,0,0,0,1,0,1.0000
scalar_residual_only,mixed_near_threshold,2,2,1,1,3.810960,5.434410,0,0,0,1,0,1.0000
scalar_residual_only,mixed_near_threshold,2,3,1,1,2.163135,5.434410,0,0,0,1,0,1.0000
scalar_residual_only,mixed_near_threshold,2,4,1,1,2.579756,5.434410,0,0,0,1,0,1.0000
scalar_residual_only,mixed_near_threshold,2,5,1,1,2.699149,5.434410,0,0,0,1,0,1.0000
scalar_residual_only,mixed_near_threshold,2,6,1,1,2.791095,5.434410,0,0,0,1,0,1.0000
scalar_residual_only,mixed_near_threshold,2,7,1,1,2.538073,5.434410,0,0,0,1,0,1.0000
scalar_residual_only,mixed_near_threshold,2,8,1,1,2.214664,5.434410,0,0,0,1,0,1.0000
scalar_residual_only,mixed_near_threshold,2,9,1,1,2.280968,5.434410,0,0,0,1,0,1.0000
scalar_residual_only,mixed_near_threshold,3,0,1,1,3.410477,5.434410,0,0,0,1,0,1.0000
scalar_residual_only,mixed_near_threshold,3,1,1,1,2.280922,5.434410,0,0,0,1,0,1.0000
scalar_residual_only,mixed_near_threshold,3,2,1,1,2.533077,5.434410,0,0,0,1,0,1.0000
scalar_residual_only,mixed_near_threshold,3,3,1,1,3.237803,5.434410,0,0,0,1,0,1.0000
scalar_residual_only,mixed_near_threshold,3,4,1,1,2.167630,5.434410,0,0,0,1,0,1.0000
scalar_residual_only,mixed_near_threshold,3,5,1,1,2.081028,5.434410,0,0,0,1,0,1.0000
scalar_residual_only,mixed_near_threshold,3,6,1,1,2.656829,5.434410,0,0,0,1,0,1.0000
scalar_residual_only,mixed_near_threshold,3,7,1,1,2.335520,5.434410,0,0,0,1,0,1.0000
scalar_residual_only,mixed_near_threshold,3,8,1,1,2.279893,5.434410,0,0,0,1,0,1.0000
scalar_residual_only,mixed_near_threshold,3,9,1,1,2.917085,5.434410,0,0,0,1,0,1.0000
scalar_residual_only,mixed_near_threshold,4,0,1,1,2.181911,5.434410,0,0,0,1,0,1.0000
scalar_residual_only,mixed_near_threshold,4,1,1,1,2.795840,5.434410,0,0,0,1,0,1.0000
scalar_residual_only,mixed_near_threshold,4,2,1,1,2.656369,5.434410,0,0,0,1,0,1.0000
scalar_residual_only,mixed_near_threshold,4,3,1,1,3.323773,5.434410,0,0,0,1,0,1.0000
scalar_residual_only,mixed_near_threshold,4,4,1,1,3.447038,5.434410,0,0,0,1,0,1.0000
scalar_residual_only,mixed_near_threshold,4,5,1,1,3.136642,5.434410,0,0,0,1,0,1.0000
scalar_residual_only,mixed_near_threshold,4,6,1,1,3.410504,5.434410,0,0,0,1,0,1.0000
scalar_residual_only,mixed_near_threshold,4,7,1,1,2.785367,5.434410,0,0,0,1,0,1.0000
scalar_residual_only,mixed_near_threshold,4,8,1,1,2.195226,5.434410,0,0,0,1,0,1.0000
scalar_residual_only,mixed_near_threshold,4,9,1,1,2.210279,5.434410,0,0,0,1,0,1.0000
scalar_residual_only,mixed_near_threshold,5,0,1,1,3.151940,5.434410,0,0,0,1,0,1.0000
scalar_residual_only,mixed_near_threshold,5,1,1,1,2.231107,5.434410,0,0,0,1,0,1.0000
scalar_residual_only,mixed_near_threshold,5,2,1,1,2.188303,5.434410,0,0,0,1,0,1.0000
scalar_residual_only,mixed_near_threshold,5,3,1,1,2.249026,5.434410,0,0,0,1,0,1.0000
scalar_residual_only,mixed_near_threshold,5,4,1,1,2.899451,5.434410,0,0,0,1,0,1.0000
scalar_residual_only,mixed_near_threshold,5,5,1,1,2.411848,5.434410,0,0,0,1,0,1.0000
scalar_residual_only,mixed_near_threshold,5,6,1,1,2.899348,5.434410,0,0,0,1,0,1.0000
scalar_residual_only,mixed_near_threshold,5,7,1,1,2.540102,5.434410,0,0,0,1,0,1.0000
scalar_residual_only,mixed_near_threshold,5,8,1,1,2.108487,5.434410,0,0,0,1,0,1.0000
scalar_residual_only,mixed_near_threshold,5,9,1,1,2.869186,5.434410,0,0,0,1,0,1.0000
scalar_residual_only,mixed_near_threshold,6,0,1,1,2.261219,5.434410,0,0,0,1,0,1.0000
scalar_residual_only,mixed_near_threshold,6,1,1,1,3.500651,5.434410,0,0,0,1,0,1.0000
scalar_residual_only,mixed_near_threshold,6,2,1,1,2.518462,5.434410,0,0,0,1,0,1.0000
scalar_residual_only,mixed_near_threshold,6,3,1,1,2.190517,5.434410,0,0,0,1,0,1.0000
scalar_residual_only,mixed_near_threshold,6,4,1,1,2.539917,5.434410,0,0,0,1,0,1.0000
scalar_residual_only,mixed_near_threshold,6,5,1,1,2.092119,5.434410,0,0,0,1,0,1.0000
scalar_residual_only,mixed_near_threshold,6,6,1,1,2.161444,5.434410,0,0,0,1,0,1.0000
scalar_residual_only,mixed_near_threshold,6,7,1,1,2.120541,5.434410,0,0,0,1,0,1.0000
scalar_residual_only,mixed_near_threshold,6,8,1,1,3.302317,5.434410,0,0,0,1,0,1.0000
scalar_residual_only,mixed_near_threshold,6,9,1,1,3.358760,5.434410,0,0,0,1,0,1.0000
scalar_residual_only,mixed_near_threshold,7,0,1,1,3.112005,5.434410,0,0,0,1,0,1.0000
scalar_residual_only,mixed_near_threshold,7,1,1,1,2.867491,5.434410,0,0,0,1,0,1.0000
scalar_residual_only,mixed_near_threshold,7,2,1,1,2.399729,5.434410,0,0,0,1,0,1.0000
scalar_residual_only,mixed_near_threshold,7,3,1,1,3.193000,5.434410,0,0,0,1,0,1.0000
scalar_residual_only,mixed_near_threshold,7,4,1,1,3.600904,5.434410,0,0,0,1,0,1.0000
scalar_residual_only,mixed_near_threshold,7,5,1,1,3.292483,5.434410,0,0,0,1,0,1.0000
scalar_residual_only,mixed_near_threshold,7,6,1,1,3.619028,5.434410,0,0,0,1,0,1.0000
scalar_residual_only,mixed_near_threshold,7,7,1,1,2.495005,5.434410,0,0,0,1,0,1.0000
scalar_residual_only,mixed_near_threshold,7,8,1,1,2.526845,5.434410,0,0,0,1,0,1.0000
scalar_residual_only,mixed_near_threshold,7,9,1,1,2.372494,5.434410,0,0,0,1,0,1.0000
scalar_residual_only,rare_valid_bounce,0,0,0,0,5.423035,5.434410,0,0,0,0,1,1.0000
scalar_residual_only,rare_valid_bounce,0,1,0,0,1.848581,5.434410,0,0,0,0,1,1.0000
scalar_residual_only,rare_valid_bounce,0,2,0,0,3.831590,5.434410,0,0,0,0,1,1.0000
scalar_residual_only,rare_valid_bounce,0,3,0,0,1.588089,5.434410,0,0,0,0,1,1.0000
scalar_residual_only,rare_valid_bounce,0,4,0,0,2.212374,5.434410,0,0,0,0,1,1.0000
scalar_residual_only,rare_valid_bounce,0,5,0,0,5.650537,5.434410,1,0,1,0,0,1.0000
scalar_residual_only,rare_valid_bounce,0,6,0,0,1.857503,5.434410,0,0,0,0,1,1.0000
scalar_residual_only,rare_valid_bounce,0,7,0,0,3.925612,5.434410,0,0,0,0,1,1.0000
scalar_residual_only,rare_valid_bounce,0,8,0,0,1.741489,5.434410,0,0,0,0,1,1.0000
scalar_residual_only,rare_valid_bounce,0,9,0,0,4.078010,5.434410,0,0,0,0,1,1.0000
scalar_residual_only,rare_valid_bounce,1,0,0,0,2.583392,5.434410,0,0,0,0,1,1.0000
scalar_residual_only,rare_valid_bounce,1,1,0,0,2.009056,5.434410,0,0,0,0,1,1.0000
scalar_residual_only,rare_valid_bounce,1,2,0,0,3.640749,5.434410,0,0,0,0,1,1.0000
scalar_residual_only,rare_valid_bounce,1,3,0,0,2.154045,5.434410,0,0,0,0,1,1.0000
scalar_residual_only,rare_valid_bounce,1,4,0,0,2.450826,5.434410,0,0,0,0,1,1.0000
scalar_residual_only,rare_valid_bounce,1,5,0,0,2.025007,5.434410,0,0,0,0,1,1.0000
scalar_residual_only,rare_valid_bounce,1,6,0,0,2.118223,5.434410,0,0,0,0,1,1.0000
scalar_residual_only,rare_valid_bounce,1,7,0,0,1.376580,5.434410,0,0,0,0,1,1.0000
scalar_residual_only,rare_valid_bounce,1,8,0,0,2.462616,5.434410,0,0,0,0,1,1.0000
scalar_residual_only,rare_valid_bounce,1,9,0,0,3.569523,5.434410,0,0,0,0,1,1.0000
scalar_residual_only,rare_valid_bounce,2,0,0,0,4.260802,5.434410,0,0,0,0,1,1.0000
scalar_residual_only,rare_valid_bounce,2,1,0,0,2.089375,5.434410,0,0,0,0,1,1.0000
scalar_residual_only,rare_valid_bounce,2,2,0,0,2.545213,5.434410,0,0,0,0,1,1.0000
scalar_residual_only,rare_valid_bounce,2,3,0,0,2.005471,5.434410,0,0,0,0,1,1.0000
scalar_residual_only,rare_valid_bounce,2,4,0,0,2.026587,5.434410,0,0,0,0,1,1.0000
scalar_residual_only,rare_valid_bounce,2,5,0,0,1.813475,5.434410,0,0,0,0,1,1.0000
scalar_residual_only,rare_valid_bounce,2,6,0,0,2.814492,5.434410,0,0,0,0,1,1.0000
scalar_residual_only,rare_valid_bounce,2,7,0,0,2.780405,5.434410,0,0,0,0,1,1.0000
scalar_residual_only,rare_valid_bounce,2,8,0,0,1.789844,5.434410,0,0,0,0,1,1.0000
scalar_residual_only,rare_valid_bounce,2,9,0,0,2.418848,5.434410,0,0,0,0,1,1.0000
scalar_residual_only,rare_valid_bounce,3,0,0,0,4.123441,5.434410,0,0,0,0,1,1.0000
scalar_residual_only,rare_valid_bounce,3,1,0,0,3.949559,5.434410,0,0,0,0,1,1.0000
scalar_residual_only,rare_valid_bounce,3,2,0,0,1.985677,5.434410,0,0,0,0,1,1.0000
scalar_residual_only,rare_valid_bounce,3,3,0,0,2.149280,5.434410,0,0,0,0,1,1.0000
scalar_residual_only,rare_valid_bounce,3,4,0,0,4.948213,5.434410,0,0,0,0,1,1.0000
scalar_residual_only,rare_valid_bounce,3,5,0,0,4.666430,5.434410,0,0,0,0,1,1.0000
scalar_residual_only,rare_valid_bounce,3,6,0,0,1.844331,5.434410,0,0,0,0,1,1.0000
scalar_residual_only,rare_valid_bounce,3,7,0,0,1.928175,5.434410,0,0,0,0,1,1.0000
scalar_residual_only,rare_valid_bounce,3,8,0,0,1.727852,5.434410,0,0,0,0,1,1.0000
scalar_residual_only,rare_valid_bounce,3,9,0,0,2.125128,5.434410,0,0,0,0,1,1.0000
scalar_residual_only,rare_valid_bounce,4,0,0,0,1.768682,5.434410,0,0,0,0,1,1.0000
scalar_residual_only,rare_valid_bounce,4,1,0,0,2.147394,5.434410,0,0,0,0,1,1.0000
scalar_residual_only,rare_valid_bounce,4,2,0,0,1.732799,5.434410,0,0,0,0,1,1.0000
scalar_residual_only,rare_valid_bounce,4,3,0,0,2.491053,5.434410,0,0,0,0,1,1.0000
scalar_residual_only,rare_valid_bounce,4,4,0,0,2.353672,5.434410,0,0,0,0,1,1.0000
scalar_residual_only,rare_valid_bounce,4,5,0,0,3.259670,5.434410,0,0,0,0,1,1.0000
scalar_residual_only,rare_valid_bounce,4,6,0,0,5.661956,5.434410,1,0,1,0,0,1.0000
scalar_residual_only,rare_valid_bounce,4,7,0,0,2.637324,5.434410,0,0,0,0,1,1.0000
scalar_residual_only,rare_valid_bounce,4,8,0,0,1.762460,5.434410,0,0,0,0,1,1.0000
scalar_residual_only,rare_valid_bounce,4,9,0,0,2.040508,5.434410,0,0,0,0,1,1.0000
scalar_residual_only,rare_valid_bounce,5,0,0,0,2.072867,5.434410,0,0,0,0,1,1.0000
scalar_residual_only,rare_valid_bounce,5,1,0,0,4.355386,5.434410,0,0,0,0,1,1.0000
scalar_residual_only,rare_valid_bounce,5,2,0,0,3.032003,5.434410,0,0,0,0,1,1.0000
scalar_residual_only,rare_valid_bounce,5,3,0,0,3.805412,5.434410,0,0,0,0,1,1.0000
scalar_residual_only,rare_valid_bounce,5,4,0,0,2.301151,5.434410,0,0,0,0,1,1.0000
scalar_residual_only,rare_valid_bounce,5,5,0,0,5.377983,5.434410,0,0,0,0,1,1.0000
scalar_residual_only,rare_valid_bounce,5,6,0,0,1.503641,5.434410,0,0,0,0,1,1.0000
scalar_residual_only,rare_valid_bounce,5,7,0,0,2.033630,5.434410,0,0,0,0,1,1.0000
scalar_residual_only,rare_valid_bounce,5,8,0,0,1.953220,5.434410,0,0,0,0,1,1.0000
scalar_residual_only,rare_valid_bounce,5,9,0,0,2.330195,5.434410,0,0,0,0,1,1.0000
scalar_residual_only,rare_valid_bounce,6,0,0,0,2.080215,5.434410,0,0,0,0,1,1.0000
scalar_residual_only,rare_valid_bounce,6,1,0,0,3.741011,5.434410,0,0,0,0,1,1.0000
scalar_residual_only,rare_valid_bounce,6,2,0,0,1.692816,5.434410,0,0,0,0,1,1.0000
scalar_residual_only,rare_valid_bounce,6,3,0,0,5.897720,5.434410,1,0,1,0,0,1.0000
scalar_residual_only,rare_valid_bounce,6,4,0,0,5.114390,5.434410,0,0,0,0,1,1.0000
scalar_residual_only,rare_valid_bounce,6,5,0,0,2.142817,5.434410,0,0,0,0,1,1.0000
scalar_residual_only,rare_valid_bounce,6,6,0,0,2.319303,5.434410,0,0,0,0,1,1.0000
scalar_residual_only,rare_valid_bounce,6,7,0,0,2.236242,5.434410,0,0,0,0,1,1.0000
scalar_residual_only,rare_valid_bounce,6,8,0,0,2.563203,5.434410,0,0,0,0,1,1.0000
scalar_residual_only,rare_valid_bounce,6,9,0,0,3.242502,5.434410,0,0,0,0,1,1.0000
scalar_residual_only,rare_valid_bounce,7,0,0,0,7.196904,5.434410,1,0,1,0,0,1.0000
scalar_residual_only,rare_valid_bounce,7,1,0,0,1.794501,5.434410,0,0,0,0,1,1.0000
scalar_residual_only,rare_valid_bounce,7,2,0,0,2.124283,5.434410,0,0,0,0,1,1.0000
scalar_residual_only,rare_valid_bounce,7,3,0,0,2.013467,5.434410,0,0,0,0,1,1.0000
scalar_residual_only,rare_valid_bounce,7,4,0,0,2.330261,5.434410,0,0,0,0,1,1.0000
scalar_residual_only,rare_valid_bounce,7,5,0,0,5.251523,5.434410,0,0,0,0,1,1.0000
scalar_residual_only,rare_valid_bounce,7,6,0,0,2.561031,5.434410,0,0,0,0,1,1.0000
scalar_residual_only,rare_valid_bounce,7,7,0,0,3.640019,5.434410,0,0,0,0,1,1.0000
scalar_residual_only,rare_valid_bounce,7,8,0,0,1.867486,5.434410,0,0,0,0,1,1.0000
scalar_residual_only,rare_valid_bounce,7,9,0,0,3.522737,5.434410,0,0,0,0,1,1.0000
