split,seed,episode,severity,label,unsafe,corruption,max_pose_jump,max_accel,contact_without_accel,motion_without_contact,energy_work_mismatch,support_violation,penetration_depth,friction_slip_inconsistency,actuator_saturation_score,causality_jump_score,max_contact_force,mean_contact_force,path_length,work_proxy,kinetic_energy_gain,z_range,timestamp_skew_score,impact_consistency_score,rare_valid_contact_score,noise_level
nominal_valid,0,0,1.0000,0,0,nominal_valid,0.017628,15.206069,0.000000,1.418379,0.018949,0.000000,0.000394,4249.767015,0.000000,0.503666,2.457366,0.300422,0.618790,0.083030,0.243391,0.023313,0.000000,0.000001,0.151632,0.001000
nominal_valid,0,1,1.0000,0,0,nominal_valid,0.016853,21.770425,0.009544,1.419575,0.024416,0.000000,0.000546,2308.095638,0.000000,0.481522,8.507455,0.991005,0.574343,0.221105,0.318382,0.014626,0.000000,0.093735,0.373619,0.001000
nominal_valid,0,2,1.0000,0,0,nominal_valid,0.018738,38.235115,0.010051,1.773442,0.032072,0.000000,0.001008,2586.450776,0.000000,0.535358,12.778291,1.630717,0.646656,0.330977,0.454270,0.019170,0.000000,0.000001,0.325685,0.001000
nominal_valid,0,3,1.0000,0,0,nominal_valid,0.018120,30.368953,0.000000,1.681691,0.023994,0.000000,0.000864,2240.180369,0.000000,0.517720,6.334707,1.299148,0.619905,0.342342,0.375993,0.016762,0.000000,0.127946,0.201942,0.001000
nominal_valid,0,4,1.0000,0,0,nominal_valid,0.015633,26.185302,0.002705,1.153811,0.025527,0.000000,0.000370,1171.011722,0.000000,0.446647,6.408388,1.561653,0.585087,0.477237,0.360637,0.016242,0.000000,0.357162,0.235730,0.001000
nominal_valid,0,5,1.0000,0,0,nominal_valid,0.018275,34.191196,0.018038,1.177320,0.033013,0.000000,0.000943,1358.426512,0.000000,0.522150,15.657473,2.222703,0.544621,0.385990,0.428634,0.017010,0.000000,0.000001,0.444926,0.001000
nominal_valid,0,6,1.0000,0,0,nominal_valid,0.015597,21.468296,0.000205,0.939045,0.022229,0.000000,0.000505,1052.432481,0.000000,0.445630,5.976279,1.565541,0.559895,0.427236,0.377155,0.016232,0.000000,0.390177,0.265987,0.001000
nominal_valid,0,7,1.0000,0,0,nominal_valid,0.017230,14.742470,0.000000,1.465874,0.031862,0.000000,0.000382,3048.441049,0.000000,0.492281,5.162837,1.010990,0.612598,0.235052,0.466666,0.019962,0.000000,0.217400,0.327956,0.001000
nominal_valid,0,8,1.0000,0,0,nominal_valid,0.017467,15.926063,0.001631,1.582494,0.031649,0.000000,0.000394,3600.775383,0.000000,0.499065,10.329766,1.051023,0.594925,0.349447,0.409591,0.017115,0.000000,0.000001,0.610288,0.001000
nominal_valid,0,9,1.0000,0,0,nominal_valid,0.017079,14.719512,0.000000,1.631514,0.015390,0.000000,0.000371,3951.813443,0.000000,0.487968,3.124967,0.428515,0.624378,0.133354,0.297965,0.015722,0.000000,0.000001,0.198795,0.001000
nominal_valid,0,10,1.0000,0,0,nominal_valid,0.018401,27.966453,0.005272,1.115832,0.015467,0.000000,0.000483,1179.522951,0.000000,0.525731,11.257142,1.443852,0.538192,0.388306,0.246582,0.015613,0.000000,0.335508,0.388627,0.001000
nominal_valid,0,11,1.0000,0,0,nominal_valid,0.016987,38.367324,0.001324,1.698462,0.019272,0.000000,0.000368,1758.033079,0.000000,0.485332,6.283169,1.418602,0.572649,0.373999,0.301183,0.015424,0.000000,0.325177,0.159604,0.001000
nominal_valid,0,12,1.0000,0,0,nominal_valid,0.016746,14.840538,0.000000,1.673385,0.024409,0.000000,0.000508,4399.198261,0.000000,0.478464,3.702242,0.622948,0.561157,0.153441,0.396950,0.016301,0.000000,0.000001,0.233719,0.001000
nominal_valid,0,13,1.0000,0,0,nominal_valid,0.014053,36.815693,0.000000,0.930011,0.025849,0.000000,0.000639,928.050244,0.000000,0.401521,7.589738,1.419863,0.526072,0.398968,0.364310,0.014604,0.000000,0.346209,0.200703,0.001000
nominal_valid,1,0,1.0000,0,0,nominal_valid,0.013783,18.167340,0.000000,1.296700,0.017825,0.000000,0.000486,2060.588089,0.000000,0.393802,6.324873,0.797398,0.486850,0.181063,0.224474,0.015569,0.000000,0.000002,0.329982,0.001000
nominal_valid,1,1,1.0000,0,0,nominal_valid,0.014662,15.622418,0.000000,1.110581,0.016151,0.000000,0.000477,2003.124216,0.000000,0.418910,3.040391,0.696810,0.547276,0.161008,0.275867,0.018021,0.000000,0.250800,0.182909,0.001000
nominal_valid,1,2,1.0000,0,0,nominal_valid,0.019285,30.211585,0.020420,1.114675,0.037812,0.000000,0.000599,1276.311451,0.000000,0.551006,5.996330,1.730115,0.527600,0.417393,0.438600,0.016915,0.000000,0.339940,0.192119,0.001000
nominal_valid,1,3,1.0000,0,0,nominal_valid,0.014966,23.261317,0.000000,1.496627,0.020833,0.000000,0.000753,1693.480244,0.000000,0.427608,6.266159,1.007359,0.583487,0.289132,0.329315,0.018368,0.000000,0.283574,0.258278,0.001000
nominal_valid,1,4,1.0000,0,0,nominal_valid,0.017567,21.314304,0.004360,1.453600,0.019061,0.000000,0.000629,2241.589199,0.000000,0.501914,5.139287,0.870580,0.636322,0.218670,0.287912,0.013632,0.000000,0.000001,0.230314,0.001000
nominal_valid,1,5,1.0000,0,0,nominal_valid,0.016452,26.162400,0.012687,1.644322,0.028075,0.000000,0.000683,2089.148158,0.000000,0.470044,13.599983,1.559626,0.664366,0.514334,0.396226,0.014735,0.000000,0.265423,0.500692,0.001000
nominal_valid,1,6,1.0000,0,0,nominal_valid,0.017026,25.334719,0.000000,1.518762,0.020252,0.000000,0.000479,2192.112487,0.000000,0.486466,8.218051,0.841070,0.565968,0.196918,0.240361,0.018054,0.000000,0.000001,0.312061,0.001000
nominal_valid,1,7,1.0000,0,0,nominal_valid,0.017747,17.939262,0.006582,1.239326,0.026498,0.000000,0.000573,2357.748746,0.000000,0.507060,6.880473,1.206915,0.676800,0.356408,0.484462,0.018121,0.000000,0.220012,0.363291,0.001000
nominal_valid,1,8,1.0000,0,0,nominal_valid,0.015786,33.707270,0.015908,1.397170,0.014071,0.000000,0.000695,1466.654644,0.000000,0.451023,7.778075,1.230514,0.563639,0.234462,0.273880,0.015794,0.000000,0.382181,0.224105,0.001000
nominal_valid,1,9,1.0000,0,0,nominal_valid,0.016507,34.033292,0.031308,1.181791,0.036485,0.000000,0.000674,1263.183482,0.000000,0.471628,10.091845,1.570169,0.522581,0.307910,0.416782,0.015941,0.000000,0.087099,0.288064,0.001000
nominal_valid,1,10,1.0000,0,0,nominal_valid,0.015813,44.463400,0.046943,1.152767,0.034908,0.000000,0.000658,1240.531972,0.000000,0.451800,11.176765,1.722005,0.550194,0.329969,0.458190,0.017038,0.000000,0.009180,0.245841,0.001000
nominal_valid,1,11,1.0000,0,0,nominal_valid,0.015660,43.755624,0.000000,1.259721,0.042867,0.000000,0.000299,1296.317866,0.000000,0.447438,6.876081,1.408072,0.624654,0.472435,0.430866,0.020373,0.000000,0.397156,0.153636,0.001000
nominal_valid,1,12,1.0000,0,0,nominal_valid,0.015333,12.468355,0.000000,1.238458,0.011377,0.000000,0.000434,3013.900244,0.000000,0.438097,2.387176,0.375923,0.539984,0.086565,0.210130,0.013651,0.000000,0.000002,0.177243,0.001000
nominal_valid,1,13,1.0000,0,0,nominal_valid,0.015354,20.958795,0.000000,1.407059,0.019223,0.000000,0.000528,2330.014825,0.000000,0.438673,5.232870,0.592161,0.566032,0.146963,0.251233,0.015610,0.000000,0.147369,0.238304,0.001000
nominal_valid,2,0,1.0000,0,0,nominal_valid,0.018285,32.761570,0.007106,1.815326,0.018060,0.000000,0.000899,2662.504851,0.000000,0.522418,7.682522,1.127620,0.560157,0.227186,0.284710,0.015668,0.000000,0.000001,0.227552,0.001000
nominal_valid,2,1,1.0000,0,0,nominal_valid,0.016785,40.416294,0.042774,1.624791,0.030021,0.000000,0.000890,2017.655447,0.000000,0.479573,10.668988,1.579446,0.555670,0.368198,0.428473,0.014891,0.000000,0.000001,0.257604,0.001000
nominal_valid,2,2,1.0000,0,0,nominal_valid,0.020448,39.521118,0.008219,1.303667,0.031500,0.000000,0.000381,1378.763000,0.000000,0.584237,9.188248,2.117878,0.608776,0.636635,0.457430,0.014349,0.000000,0.365758,0.226752,0.001000
nominal_valid,2,3,1.0000,0,0,nominal_valid,0.017257,23.997399,0.000000,1.404190,0.019064,0.000000,0.000438,1760.224004,0.000000,0.493060,6.341199,0.886215,0.612644,0.245502,0.229895,0.013351,0.000000,0.397077,0.253674,0.001000
nominal_valid,2,4,1.0000,0,0,nominal_valid,0.015083,43.237317,0.045196,1.449909,0.031781,0.000000,0.001100,1855.800052,0.000000,0.430946,21.312639,1.868174,0.639301,0.454745,0.437117,0.017600,0.000000,0.000001,0.481780,0.001000
nominal_valid,2,5,1.0000,0,0,nominal_valid,0.019513,37.882357,0.034228,1.918645,0.047106,0.000000,0.001267,2268.044980,0.000000,0.557519,16.504119,2.485362,0.505827,0.291595,0.415589,0.017387,0.000000,0.000001,0.424463,0.001000
nominal_valid,2,6,1.0000,0,0,nominal_valid,0.017949,15.984555,0.003750,1.399961,0.024391,0.000000,0.000477,2550.587420,0.000000,0.512826,7.542629,0.958778,0.520850,0.223646,0.338091,0.016515,0.000000,0.182527,0.444088,0.001000
nominal_valid,2,7,1.0000,0,0,nominal_valid,0.016304,46.250154,0.000000,1.210216,0.024986,0.000000,0.000379,1246.472557,0.000000,0.465838,12.534420,1.377822,0.612058,0.429947,0.354291,0.017492,0.000000,0.422844,0.265278,0.001000
nominal_valid,2,8,1.0000,0,0,nominal_valid,0.019588,12.489109,0.000000,1.702495,0.017095,0.000000,0.000357,4679.097455,0.000000,0.559645,1.515442,0.222423,0.618138,0.063443,0.271982,0.018912,0.000000,0.000001,0.112346,0.001000
nominal_valid,2,9,1.0000,0,0,nominal_valid,0.016794,18.965327,0.000000,1.379816,0.017488,0.000000,0.000510,2150.220533,0.000000,0.479842,4.613354,0.811524,0.583945,0.293430,0.245630,0.013481,0.000000,0.265375,0.231068,0.001000
nominal_valid,2,10,1.0000,0,0,nominal_valid,0.018369,29.450600,0.000000,1.527434,0.022262,0.000000,0.000174,1501.029324,0.000000,0.524835,6.937966,1.284946,0.589507,0.363506,0.365899,0.019306,0.000000,0.445423,0.227843,0.001000
nominal_valid,2,11,1.0000,0,0,nominal_valid,0.020599,43.529613,0.019447,1.439077,0.020164,0.000000,0.001339,1876.809000,0.000000,0.588545,11.944452,1.619226,0.541992,0.211386,0.336285,0.016438,0.000000,0.000001,0.268236,0.001000
nominal_valid,2,12,1.0000,0,0,nominal_valid,0.017431,26.559639,0.014477,1.263670,0.035244,0.000000,0.000593,1729.091340,0.000000,0.498019,12.081509,1.821392,0.593926,0.391915,0.468374,0.015620,0.000000,0.021341,0.438377,0.001000
nominal_valid,2,13,1.0000,0,0,nominal_valid,0.015355,22.304202,0.000000,1.529097,0.017415,0.000000,0.000629,2334.503443,0.000000,0.438721,5.616073,1.057260,0.563585,0.275733,0.294537,0.015150,0.000000,0.272201,0.240990,0.001000
nominal_valid,3,0,1.0000,0,0,nominal_valid,0.016445,40.203477,0.023340,1.576308,0.024249,0.000000,0.000592,1697.331654,0.000000,0.469850,8.030919,1.739645,0.526384,0.405493,0.393513,0.014795,0.000000,0.284427,0.194909,0.001000
nominal_valid,3,1,1.0000,0,0,nominal_valid,0.015802,26.932785,0.001236,1.117951,0.014546,0.000000,0.000515,1227.152416,0.000000,0.451482,4.831865,1.135091,0.556135,0.287945,0.231010,0.011534,0.000000,0.370736,0.172982,0.001000
nominal_valid,3,2,1.0000,0,0,nominal_valid,0.023839,26.967462,0.007454,1.488754,0.025699,0.000000,0.001072,2253.165866,0.000000,0.681115,9.977628,1.158340,0.641707,0.295874,0.346163,0.015510,0.000000,0.000001,0.356758,0.001000
nominal_valid,3,3,1.0000,0,0,nominal_valid,0.020162,17.292855,0.006973,1.605278,0.025906,0.000000,0.000505,2759.518282,0.000000,0.576065,8.721692,1.079534,0.628782,0.322523,0.411758,0.015136,0.000000,0.183333,0.476781,0.001000
nominal_valid,3,4,1.0000,0,0,nominal_valid,0.014196,22.152104,0.000000,1.397332,0.015022,0.000000,0.000443,2030.710250,0.000000,0.405613,4.440260,0.804154,0.558486,0.177155,0.234194,0.012509,0.000000,0.122989,0.191786,0.001000
nominal_valid,3,5,1.0000,0,0,nominal_valid,0.014711,21.873325,0.012956,1.221126,0.018200,0.000000,0.000962,1705.623309,0.000000,0.420307,7.838801,1.050956,0.524484,0.191974,0.225849,0.014006,0.000000,0.106900,0.342705,0.001000
nominal_valid,3,6,1.0000,0,0,nominal_valid,0.014983,21.296787,0.004147,1.280943,0.023571,0.000000,0.000315,1429.888965,0.000000,0.428073,6.487901,1.284276,0.596465,0.382420,0.369309,0.017193,0.000000,0.437474,0.290979,0.001000
nominal_valid,3,7,1.0000,0,0,nominal_valid,0.016726,18.474083,0.000000,1.651892,0.017416,0.000000,0.000505,2953.341741,0.000000,0.477881,3.307912,0.751250,0.592936,0.215507,0.262303,0.013089,0.000000,0.092195,0.169862,0.001000
nominal_valid,3,8,1.0000,0,0,nominal_valid,0.014840,24.399855,0.000993,1.384318,0.020678,0.000000,0.000574,1736.483095,0.000000,0.424000,6.441956,1.193231,0.543906,0.307912,0.331274,0.016517,0.000000,0.287886,0.253622,0.001000
nominal_valid,3,9,1.0000,0,0,nominal_valid,0.014982,14.659281,0.000000,1.294516,0.034614,0.000000,0.000453,2829.832222,0.000000,0.428054,7.326667,0.825282,0.541819,0.249606,0.387704,0.021899,0.000000,0.000002,0.467880,0.001000
nominal_valid,3,10,1.0000,0,0,nominal_valid,0.017244,18.841901,0.000000,1.640246,0.019695,0.000000,0.000387,2636.365441,0.000000,0.492672,5.175805,1.074748,0.562763,0.239819,0.343746,0.019014,0.000000,0.125181,0.260852,0.001000
nominal_valid,3,11,1.0000,0,0,nominal_valid,0.014966,15.703792,0.000000,1.364632,0.029463,0.000000,0.000415,3521.004185,0.000000,0.427600,3.158547,0.601214,0.557911,0.180833,0.434088,0.014468,0.000000,0.000001,0.189092,0.001000
nominal_valid,3,12,1.0000,0,0,nominal_valid,0.017583,34.999496,0.027642,1.391356,0.026428,0.000000,0.000694,1492.800402,0.000000,0.502362,11.372876,1.404131,0.635422,0.233749,0.390287,0.020185,0.000000,0.176543,0.315918,0.001000
nominal_valid,3,13,1.0000,0,0,nominal_valid,0.015913,25.842210,0.000000,1.176640,0.016856,0.000000,0.000380,1513.595116,0.000000,0.454649,5.475587,1.032998,0.601526,0.248873,0.274200,0.016815,0.000000,0.258481,0.203992,0.001000
nominal_valid,4,0,1.0000,0,0,nominal_valid,0.015516,15.282568,0.000000,1.536218,0.017498,0.000000,0.000521,4515.566099,0.000000,0.443322,2.604812,0.294498,0.617491,0.100330,0.253489,0.016170,0.000000,0.000001,0.159976,0.001000
nominal_valid,4,1,1.0000,0,0,nominal_valid,0.014380,16.302935,0.002172,1.338986,0.027995,0.000000,0.000423,3111.830449,0.000000,0.410843,3.825937,0.825511,0.537467,0.190149,0.388155,0.015895,0.000000,0.142201,0.221115,0.001000
nominal_valid,4,2,1.0000,0,0,nominal_valid,0.017359,35.814219,0.024913,1.735457,0.044238,0.000000,0.000851,2551.778122,0.000000,0.495981,18.749554,1.796492,0.589752,0.318960,0.438219,0.014857,0.000000,0.000001,0.509302,0.001000
nominal_valid,4,3,1.0000,0,0,nominal_valid,0.018045,24.840766,0.000000,1.804104,0.037394,0.000000,0.000548,2405.737989,0.000000,0.515574,8.753931,1.579074,0.608506,0.348083,0.431139,0.012785,0.000000,0.080397,0.338764,0.001000
nominal_valid,4,4,1.0000,0,0,nominal_valid,0.020251,26.326171,0.000000,1.219212,0.034091,0.000000,0.000729,1369.629359,0.000000,0.578605,11.969184,1.565551,0.623309,0.450434,0.516928,0.014414,0.000000,0.328233,0.438012,0.001000
nominal_valid,4,5,1.0000,0,0,nominal_valid,0.017704,43.283145,0.018959,0.624276,0.034970,0.000000,0.000715,631.934180,0.000000,0.505839,4.844666,1.887678,0.537567,0.477183,0.420059,0.017977,0.000000,0.380426,0.109402,0.001000
nominal_valid,4,6,1.0000,0,0,nominal_valid,0.016520,39.337864,0.000000,1.382364,0.022555,0.000000,0.000217,1486.172568,0.000000,0.471997,9.062791,1.695022,0.586252,0.519428,0.462232,0.018194,0.000000,0.428909,0.224672,0.001000
nominal_valid,4,7,1.0000,0,0,nominal_valid,0.015907,14.454995,0.000000,1.247002,0.026714,0.000000,0.000413,3512.199417,0.000000,0.454491,3.875471,0.485667,0.519505,0.122058,0.331109,0.015354,0.000000,0.000001,0.250758,0.001000
nominal_valid,4,8,1.0000,0,0,nominal_valid,0.018706,15.334304,0.000000,1.169368,0.018059,0.000000,0.000645,2263.076105,0.000000,0.534460,5.370469,0.854784,0.595524,0.300038,0.251142,0.015536,0.000000,0.155866,0.328785,0.001000
nominal_valid,4,9,1.0000,0,0,nominal_valid,0.016059,40.606519,0.037317,1.120934,0.046347,0.000000,0.001228,1333.879961,0.000000,0.458838,11.524709,1.536469,0.552573,0.291950,0.323857,0.017770,0.000000,0.070325,0.276993,0.001000
nominal_valid,4,10,1.0000,0,0,nominal_valid,0.017495,17.984807,0.000000,1.244087,0.021646,0.000000,0.000382,2489.574897,0.000000,0.499855,4.603358,0.643229,0.580265,0.217655,0.312969,0.014934,0.000000,0.000001,0.242476,0.001000
nominal_valid,4,11,1.0000,0,0,nominal_valid,0.019082,28.736001,0.013841,1.900869,0.034687,0.000000,0.000652,2795.639424,0.000000,0.545186,13.504324,1.889468,0.603522,0.630472,0.455949,0.013057,0.000000,0.190837,0.454141,0.001000
nominal_valid,4,12,1.0000,0,0,nominal_valid,0.020291,14.163059,0.000000,2.005948,0.020067,0.000000,0.000413,5613.689054,0.000000,0.579743,3.110180,0.288990,0.589660,0.091570,0.269328,0.017668,0.000000,0.000001,0.205116,0.001000
nominal_valid,4,13,1.0000,0,0,nominal_valid,0.017215,15.210263,0.004801,1.424840,0.024345,0.000000,0.000456,3181.737391,0.000000,0.491861,7.410856,0.883459,0.583576,0.210791,0.375425,0.012710,0.000000,0.000001,0.457171,0.001000
nominal_valid,5,0,1.0000,0,0,nominal_valid,0.016848,31.892373,0.000658,1.225786,0.028045,0.000000,0.000682,1274.085019,0.000000,0.481367,7.854478,1.542231,0.578170,0.418340,0.527935,0.019918,0.000000,0.292060,0.238793,0.001000
nominal_valid,5,1,1.0000,0,0,nominal_valid,0.016612,22.122857,0.002057,1.430280,0.017689,0.000000,0.000485,2386.437852,0.000000,0.474622,7.909426,0.755891,0.616678,0.233712,0.247909,0.017895,0.000000,0.045457,0.342061,0.001000
nominal_valid,5,2,1.0000,0,0,nominal_valid,0.017064,20.617303,0.000000,1.186388,0.013393,0.000000,0.000628,1878.940180,0.000000,0.487543,7.263018,0.771137,0.553077,0.161941,0.258476,0.016822,0.000000,0.111647,0.335982,0.001000
nominal_valid,5,3,1.0000,0,0,nominal_valid,0.020032,46.620512,0.000000,1.799035,0.022072,0.000000,0.001822,2158.832065,0.000000,0.572351,12.853277,1.306503,0.671444,0.325011,0.331083,0.019989,0.000000,0.000001,0.269911,0.001000
nominal_valid,5,4,1.0000,0,0,nominal_valid,0.018322,15.555422,0.006773,1.649571,0.025663,0.000000,0.000432,4743.668736,0.000000,0.523484,4.742937,0.462373,0.536991,0.126971,0.361615,0.015768,0.000000,0.000001,0.286488,0.001000
nominal_valid,5,5,1.0000,0,0,nominal_valid,0.017399,25.901424,0.000000,1.354552,0.019451,0.000000,0.000499,2049.115960,0.000000,0.497121,6.525791,0.863261,0.595843,0.254655,0.338674,0.012411,0.000000,0.179641,0.242582,0.001000
nominal_valid,5,6,1.0000,0,0,nominal_valid,0.016827,12.821675,0.007604,1.667920,0.027944,0.000000,0.000391,4225.362223,0.000000,0.480778,5.619259,0.491921,0.638014,0.155540,0.367598,0.019139,0.000000,0.000001,0.406554,0.001000
nominal_valid,5,7,1.0000,0,0,nominal_valid,0.016145,26.199752,0.007131,1.387352,0.028437,0.000000,0.000734,2022.626767,0.000000,0.461296,8.607426,1.330911,0.608260,0.222973,0.307945,0.012844,0.000000,0.000001,0.316452,0.001000
nominal_valid,5,8,1.0000,0,0,nominal_valid,0.016916,15.175653,0.001899,1.451982,0.012812,0.000000,0.000399,2991.613708,0.000000,0.483300,5.664929,0.630488,0.589250,0.198129,0.227005,0.018696,0.000000,0.000001,0.350213,0.001000
nominal_valid,5,9,1.0000,0,0,nominal_valid,0.015540,22.891240,0.000000,1.117182,0.022417,0.000000,0.000779,1744.162659,0.000000,0.444013,8.652408,1.206651,0.595613,0.217701,0.399847,0.015467,0.000000,0.000001,0.362158,0.001000
nominal_valid,5,10,1.0000,0,0,nominal_valid,0.022349,16.282246,0.000000,2.222544,0.013645,0.000000,0.000387,4586.402958,0.000000,0.638554,3.478458,0.479556,0.580486,0.115900,0.210236,0.013889,0.000000,0.203651,0.201274,0.001000
nominal_valid,5,11,1.0000,0,0,nominal_valid,0.013212,16.254148,0.000842,1.263821,0.026101,0.000000,0.000615,2688.729264,0.000000,0.377485,6.929315,0.939268,0.579416,0.272572,0.363798,0.017803,0.000000,0.061853,0.401603,0.001000
nominal_valid,5,12,1.0000,0,0,nominal_valid,0.015203,15.591754,0.000000,1.349601,0.021141,0.000000,0.000455,3338.495583,0.000000,0.434373,2.590969,0.470559,0.571609,0.117117,0.292745,0.015449,0.000000,0.000001,0.156160,0.001000
nominal_valid,5,13,1.0000,0,0,nominal_valid,0.015329,33.957175,0.012453,1.032447,0.021800,0.000000,0.000452,1110.843706,0.000000,0.437981,7.129121,1.615302,0.563852,0.327838,0.361801,0.014201,0.000000,0.306805,0.203939,0.001000
nominal_valid,6,0,1.0000,0,0,nominal_valid,0.016042,34.778572,0.000000,1.244675,0.015288,0.000000,0.000626,1414.675959,0.000000,0.458338,12.159353,1.190401,0.558694,0.254218,0.260279,0.016691,0.000000,0.069674,0.339850,0.001000
nominal_valid,6,1,1.0000,0,0,nominal_valid,0.018301,22.264651,0.020580,1.285520,0.027100,0.000000,0.000541,1594.009232,0.000000,0.522886,8.838679,1.884492,0.548781,0.444529,0.443450,0.018949,0.000000,0.392876,0.379919,0.001000
nominal_valid,6,2,1.0000,0,0,nominal_valid,0.017587,28.953607,0.000000,1.531297,0.022187,0.000000,0.000735,1494.563572,0.000000,0.502487,6.448183,1.354678,0.601302,0.355517,0.362322,0.017008,0.000000,0.424540,0.215272,0.001000
nominal_valid,6,3,1.0000,0,0,nominal_valid,0.020400,18.461223,0.000000,1.339735,0.015643,0.000000,0.000817,1901.713774,0.000000,0.582859,5.458614,0.867767,0.551975,0.213982,0.228565,0.012672,0.000000,0.191469,0.280487,0.001000
nominal_valid,6,4,1.0000,0,0,nominal_valid,0.014800,18.987861,0.006258,1.470119,0.020458,0.000000,0.000442,2105.953119,0.000000,0.422861,5.185302,0.941634,0.624776,0.227015,0.291675,0.012415,0.000000,0.253177,0.259423,0.001000
nominal_valid,6,5,1.0000,0,0,nominal_valid,0.016413,19.833025,0.000000,1.619829,0.014450,0.000000,0.000524,2737.059153,0.000000,0.468933,4.837494,0.661210,0.593441,0.206381,0.244541,0.014734,0.000000,0.000001,0.232203,0.001000
nominal_valid,6,6,1.0000,0,0,nominal_valid,0.015926,21.816908,0.002415,1.584628,0.019901,0.000000,0.000576,2816.682051,0.000000,0.455016,3.919306,0.571012,0.560189,0.170306,0.219709,0.015529,0.000000,0.107586,0.171772,0.001000
nominal_valid,6,7,1.0000,0,0,nominal_valid,0.013488,20.289143,0.016576,1.291225,0.013006,0.000000,0.000486,2452.538345,0.000000,0.385366,3.376139,0.578812,0.549398,0.153604,0.206009,0.015424,0.000000,0.203393,0.158585,0.001000
nominal_valid,6,8,1.0000,0,0,nominal_valid,0.015832,25.623175,0.014871,1.449426,0.038142,0.000000,0.000667,1885.514074,0.000000,0.452329,10.560447,1.476885,0.597693,0.375539,0.433091,0.015233,0.000000,0.349700,0.396664,0.001000
nominal_valid,6,9,1.0000,0,0,nominal_valid,0.016847,46.037970,0.055385,1.617422,0.041920,0.000000,0.001106,1764.583395,0.000000,0.481354,14.143834,1.903959,0.614161,0.550086,0.541314,0.015521,0.000000,0.283572,0.300690,0.001000
nominal_valid,6,10,1.0000,0,0,nominal_valid,0.015586,19.090083,0.000000,1.385114,0.020135,0.000000,0.000568,2707.260576,0.000000,0.445303,4.417211,0.850765,0.562471,0.259588,0.348397,0.014671,0.000000,0.000001,0.219870,0.001000
nominal_valid,6,11,1.0000,0,0,nominal_valid,0.017217,23.231827,0.018056,1.407089,0.024449,0.000000,0.000749,1946.212186,0.000000,0.491921,7.769209,1.065369,0.632612,0.297952,0.366306,0.018124,0.000000,0.280320,0.320620,0.001000
nominal_valid,6,12,1.0000,0,0,nominal_valid,0.018862,15.992356,0.011105,1.480038,0.017313,0.000000,0.000454,3229.774357,0.000000,0.538907,6.229042,0.626638,0.611278,0.173846,0.268980,0.016730,0.000000,0.000002,0.366579,0.001000
nominal_valid,6,13,1.0000,0,0,nominal_valid,0.016034,28.359528,0.026171,1.170626,0.018836,0.000000,0.000170,1176.390405,0.000000,0.458111,6.150211,1.458982,0.588241,0.413023,0.394409,0.018558,0.000000,0.422524,0.209479,0.001000
nominal_valid,7,0,1.0000,0,0,nominal_valid,0.019613,17.531002,0.000942,1.941153,0.026231,0.000000,0.000379,3621.356771,0.000000,0.560359,8.219071,1.036409,0.564215,0.316212,0.453971,0.014789,0.000000,0.000000,0.443531,0.001000
nominal_valid,7,1,1.0000,0,0,nominal_valid,0.017246,26.572631,0.001608,1.220815,0.021602,0.000000,0.000378,1823.237106,0.000000,0.492752,5.360469,1.307358,0.550585,0.424135,0.348896,0.014561,0.000000,0.412911,0.194413,0.001000
nominal_valid,7,2,1.0000,0,0,nominal_valid,0.016322,18.193251,0.000000,1.195738,0.016323,0.000000,0.000372,2332.236995,0.000000,0.466340,2.734092,0.607926,0.605485,0.167214,0.260389,0.011631,0.000000,0.222622,0.142451,0.001000
nominal_valid,7,3,1.0000,0,0,nominal_valid,0.016900,28.244038,0.014484,1.626028,0.042968,0.000000,0.000522,2503.013867,0.000000,0.482865,5.379553,1.107555,0.571437,0.352723,0.492446,0.016393,0.000000,0.265699,0.183954,0.001000
nominal_valid,7,4,1.0000,0,0,nominal_valid,0.021127,17.856518,0.007042,1.962030,0.028290,0.000000,0.000589,4183.787507,0.000000,0.603627,4.786292,0.941239,0.672226,0.294477,0.485078,0.018063,0.000000,0.173910,0.253827,0.001000
nominal_valid,7,5,1.0000,0,0,nominal_valid,0.017037,15.391463,0.000000,1.585467,0.025477,0.000000,0.000446,2993.378174,0.000000,0.486782,8.789930,1.021360,0.588533,0.271204,0.369038,0.015936,0.000000,0.122372,0.536251,0.001000
nominal_valid,7,6,1.0000,0,0,nominal_valid,0.017432,45.150170,0.000000,1.649367,0.047306,0.000000,0.000545,1725.299808,0.000000,0.498057,8.987772,1.776216,0.592881,0.523486,0.585301,0.017753,0.000000,0.388858,0.194751,0.001000
nominal_valid,7,7,1.0000,0,0,nominal_valid,0.016583,34.458459,0.000000,1.091968,0.022166,0.000000,0.000475,1299.340139,0.000000,0.473801,7.609585,1.314946,0.645327,0.398705,0.355766,0.016022,0.000000,0.217638,0.214606,0.001000
nominal_valid,7,8,1.0000,0,0,nominal_valid,0.015349,15.337797,0.000000,1.431814,0.018861,0.000000,0.000408,3392.929697,0.000000,0.438554,2.926456,0.615642,0.589235,0.184363,0.344537,0.015831,0.000000,0.000001,0.179122,0.001000
nominal_valid,7,9,1.0000,0,0,nominal_valid,0.015880,23.035207,0.000000,1.459257,0.018531,0.000000,0.000614,1812.920367,0.000000,0.453707,6.193497,1.154299,0.541288,0.295871,0.292556,0.016713,0.000000,0.303423,0.257684,0.001000
nominal_valid,7,10,1.0000,0,0,nominal_valid,0.014766,17.774439,0.000000,1.344637,0.015544,0.000000,0.000478,2631.817201,0.000000,0.421873,4.028106,0.592041,0.579195,0.165741,0.252505,0.016468,0.000000,0.143081,0.214553,0.001000
nominal_valid,7,11,1.0000,0,0,nominal_valid,0.015456,19.645084,0.001798,1.471040,0.018244,0.000000,0.000412,2806.536186,0.000000,0.441609,4.007341,0.876002,0.625906,0.217175,0.336155,0.013163,0.000000,0.113856,0.194106,0.001000
nominal_valid,7,12,1.0000,0,0,nominal_valid,0.018585,23.735431,0.000000,1.858470,0.028555,0.000000,0.000613,3075.288710,0.000000,0.530994,6.287470,1.172243,0.643135,0.302581,0.380300,0.013325,0.000000,0.171854,0.254189,0.001000
nominal_valid,7,13,1.0000,0,0,nominal_valid,0.018250,38.014068,0.058485,1.812353,0.070878,0.000000,0.000975,2370.679043,0.000000,0.521442,24.270222,2.564802,0.638036,0.506698,0.640431,0.019982,0.000000,0.000001,0.622089,0.001000
rare_valid_bounce,0,0,1.0000,0,0,rare_valid_bounce,0.034036,83.222712,0.023942,3.321340,0.235434,0.000000,0.001612,3948.576415,0.000000,0.972451,21.938108,1.255572,1.054125,1.134069,1.274458,0.034195,0.000000,0.000001,0.260477,0.001000
rare_valid_bounce,0,1,1.0000,0,0,rare_valid_bounce,0.020671,85.382479,0.000000,1.916869,0.079705,0.000000,0.000419,2913.308715,0.000000,0.590595,21.581076,0.780275,0.777488,0.740533,0.515726,0.015834,0.000000,0.000000,0.249832,0.001000
rare_valid_bounce,0,2,1.0000,0,0,rare_valid_bounce,0.025585,75.007753,0.000000,2.520202,0.165826,0.000000,0.000375,4862.641781,0.000000,0.730987,16.767418,0.704572,0.836368,0.710959,0.977122,0.017148,0.000000,0.000000,0.220601,0.001000
rare_valid_bounce,0,3,1.0000,0,0,rare_valid_bounce,0.022233,45.541267,0.000000,2.138273,0.068952,0.000000,0.000630,5724.983163,0.000000,0.635231,11.865820,0.274168,0.796875,0.311748,0.372148,0.012832,0.000000,0.000000,0.254953,0.001000
rare_valid_bounce,0,4,1.0000,0,0,rare_valid_bounce,0.024511,65.767682,0.045403,2.393911,0.095560,0.000000,0.000426,3734.203305,0.000000,0.700304,15.694113,0.748819,0.840965,0.747808,0.592123,0.016668,0.000000,0.000000,0.235056,0.001000
rare_valid_bounce,0,5,1.0000,0,0,rare_valid_bounce,0.036423,82.890562,0.040484,2.832744,0.245626,0.000000,0.002705,3579.359551,0.000000,1.040646,23.628215,2.090173,1.047360,1.568131,1.281209,0.045752,0.000000,0.000001,0.281655,0.001000
rare_valid_bounce,0,6,1.0000,0,0,rare_valid_bounce,0.025627,78.771181,0.000000,2.517634,0.070147,0.000000,0.000673,5141.616132,0.000000,0.732206,8.785626,0.284655,0.726815,0.261030,0.413328,0.017349,0.000000,0.000001,0.110135,0.001000
rare_valid_bounce,0,7,1.0000,0,0,rare_valid_bounce,0.034223,83.471981,0.000000,2.639333,0.169254,0.000000,0.001810,2801.125969,0.000000,0.977813,35.356830,0.972272,0.961696,0.904566,1.096078,0.033863,0.000000,0.000001,0.418563,0.001000
rare_valid_bounce,0,8,1.0000,0,0,rare_valid_bounce,0.026034,69.101601,0.000000,2.601720,0.075611,0.000000,0.000328,6113.966462,0.000000,0.743825,6.844449,0.139353,0.749497,0.145393,0.408299,0.012373,0.000000,0.000001,0.097636,0.001000
rare_valid_bounce,0,9,1.0000,0,0,rare_valid_bounce,0.029283,77.213034,0.011087,2.811686,0.176361,0.000000,0.001140,3540.194211,0.000000,0.836653,27.473562,1.004463,1.025686,0.917632,1.059177,0.027118,0.000000,0.000001,0.351266,0.001000
rare_valid_bounce,0,10,1.0000,0,0,rare_valid_bounce,0.029500,106.963065,0.009227,2.864354,0.186494,0.000000,0.001816,3524.046347,0.000000,0.842871,9.769608,0.647417,0.914539,0.678825,0.926540,0.026437,0.000000,0.000001,0.090490,0.001000
rare_valid_bounce,0,11,1.0000,0,0,rare_valid_bounce,0.028132,66.785900,0.004969,2.499312,0.197042,0.000000,0.000897,2990.775688,0.000000,0.803779,30.101263,1.942317,0.952796,1.770967,1.120297,0.022943,0.000000,0.000001,0.444064,0.001000
rare_valid_bounce,0,12,1.0000,0,0,rare_valid_bounce,0.038103,126.236388,0.003123,3.808530,0.274316,0.000000,0.001693,3884.547516,0.000000,1.088653,19.105737,1.876952,1.132015,1.801737,1.095340,0.037906,0.000000,0.000001,0.150159,0.001000
rare_valid_bounce,0,13,1.0000,0,0,rare_valid_bounce,0.031763,66.906075,0.015848,3.176226,0.166825,0.000000,0.001156,4294.466119,0.000000,0.907505,15.190965,0.982159,0.976453,0.915669,0.888140,0.028798,0.000000,0.000001,0.223706,0.001000
rare_valid_bounce,1,0,1.0000,0,0,rare_valid_bounce,0.029017,89.607918,0.060541,2.898904,0.111788,0.000000,0.000454,4634.731647,0.000000,0.829061,18.648967,0.791239,0.809230,0.884479,0.661430,0.015444,0.000000,0.000001,0.205821,0.001000
rare_valid_bounce,1,1,1.0000,0,0,rare_valid_bounce,0.023761,82.729910,0.042493,2.154084,0.086921,0.000000,0.000670,2656.741607,0.000000,0.678900,16.384051,0.675745,0.838842,0.711451,0.516523,0.016448,0.000000,0.000001,0.195677,0.001000
rare_valid_bounce,1,2,1.0000,0,0,rare_valid_bounce,0.031526,86.875540,0.014456,2.488101,0.157679,0.000000,0.000670,4247.603043,0.000000,0.900739,20.454508,0.774549,0.799194,0.886038,0.911805,0.016389,0.000000,0.000000,0.232767,0.001000
rare_valid_bounce,1,3,1.0000,0,0,rare_valid_bounce,0.021615,69.586042,0.037922,2.135871,0.092775,0.000000,0.000303,4652.844520,0.000000,0.617570,9.620348,0.424520,0.798335,0.438721,0.615857,0.014088,0.000000,0.000000,0.136293,0.001000
rare_valid_bounce,1,4,1.0000,0,0,rare_valid_bounce,0.021339,59.957341,0.000000,1.824150,0.106734,0.000000,0.000295,5072.287971,0.000000,0.609698,8.308452,0.199957,0.754488,0.197637,0.526394,0.019625,0.000000,0.000000,0.136299,0.001000
rare_valid_bounce,1,5,1.0000,0,0,rare_valid_bounce,0.027141,87.468503,0.009029,2.583121,0.086716,0.000000,0.000403,4148.046252,0.000000,0.775449,21.126181,0.789317,0.787134,0.809611,0.508405,0.021257,0.000000,0.000001,0.238799,0.001000
rare_valid_bounce,1,6,1.0000,0,0,rare_valid_bounce,0.019410,69.795994,0.000000,1.873158,0.091575,0.000000,0.000441,4587.668218,0.000000,0.554575,16.970303,0.306633,0.852044,0.325356,0.554824,0.015602,0.000000,0.000000,0.239707,0.001000
rare_valid_bounce,1,7,1.0000,0,0,rare_valid_bounce,0.019881,50.579914,0.000000,1.983147,0.059785,0.000000,0.000367,4830.176726,0.000000,0.568016,11.996289,0.224383,0.757450,0.272123,0.320163,0.013954,0.000000,0.000001,0.232577,0.001000
rare_valid_bounce,1,8,1.0000,0,0,rare_valid_bounce,0.023448,71.009021,0.051600,2.342570,0.106563,0.000000,0.000807,3397.429194,0.000000,0.669936,33.533512,1.051192,0.782927,0.930059,0.630332,0.014877,0.000000,0.000000,0.465685,0.001000
rare_valid_bounce,1,9,1.0000,0,0,rare_valid_bounce,0.030654,69.615082,0.009199,2.399242,0.153689,0.000000,0.001009,3285.363666,0.000000,0.875834,14.325355,0.791499,0.931366,0.763725,1.028083,0.017581,0.000000,0.000001,0.202865,0.001000
rare_valid_bounce,1,10,1.0000,0,0,rare_valid_bounce,0.023249,61.568071,0.000000,2.167912,0.095930,0.000000,0.000443,4740.463795,0.000000,0.664254,12.776021,0.550480,0.732708,0.478117,0.729894,0.014659,0.000000,0.000001,0.204194,0.001000
rare_valid_bounce,1,11,1.0000,0,0,rare_valid_bounce,0.025044,61.324497,0.000000,2.442755,0.105856,0.000000,0.000955,3778.359737,0.000000,0.715553,23.001003,0.751648,0.789150,0.644311,0.814531,0.023688,0.000000,0.000001,0.369052,0.001000
rare_valid_bounce,1,12,1.0000,0,0,rare_valid_bounce,0.022134,81.310637,0.000000,2.029592,0.099336,0.000000,0.001868,2304.086254,0.000000,0.632407,22.528155,1.538882,0.857889,1.106648,0.617740,0.023748,0.000000,0.000000,0.273697,0.001000
rare_valid_bounce,1,13,1.0000,0,0,rare_valid_bounce,0.029699,89.555748,0.009436,2.838084,0.168272,0.000000,0.002628,3194.379896,0.000000,0.848532,26.809869,0.808677,0.973583,0.741655,0.841226,0.041794,0.000000,0.000001,0.296059,0.001000
rare_valid_bounce,2,0,1.0000,0,0,rare_valid_bounce,0.027363,80.533067,0.000000,2.655853,0.184818,0.000000,0.002390,2701.120799,0.000000,0.781799,27.079162,1.532530,0.907136,1.483161,1.024904,0.034013,0.000000,0.000000,0.332125,0.001000
rare_valid_bounce,2,1,1.0000,0,0,rare_valid_bounce,0.023323,76.154900,0.069204,2.045338,0.087923,0.000000,0.002215,2061.473585,0.000000,0.666358,33.696111,1.581626,0.788358,1.146779,0.903539,0.031939,0.000000,0.000001,0.436733,0.001000
rare_valid_bounce,2,2,1.0000,0,0,rare_valid_bounce,0.020641,80.001634,0.051248,1.813321,0.110197,0.000000,0.000734,2188.337323,0.000000,0.589746,29.286283,1.646315,0.697492,1.249998,0.642610,0.019768,0.000000,0.000000,0.361552,0.001000
rare_valid_bounce,2,3,1.0000,0,0,rare_valid_bounce,0.026916,86.550970,0.000000,2.402342,0.083217,0.000000,0.000301,4374.989444,0.000000,0.769025,17.372485,0.538928,0.824288,0.603036,0.637814,0.018809,0.000000,0.000001,0.198427,0.001000
rare_valid_bounce,2,4,1.0000,0,0,rare_valid_bounce,0.019669,50.589462,0.000000,1.935190,0.086523,0.000000,0.000494,3423.650478,0.000000,0.561971,15.705350,0.747370,0.705431,0.687493,0.692355,0.018990,0.000000,0.000000,0.304429,0.001000
rare_valid_bounce,2,5,1.0000,0,0,rare_valid_bounce,0.021682,68.833646,0.000000,2.160151,0.078888,0.000000,0.000468,6464.514051,0.000000,0.619488,6.309822,0.118591,0.847133,0.132805,0.402721,0.017443,0.000000,0.000000,0.090355,0.001000
rare_valid_bounce,2,6,1.0000,0,0,rare_valid_bounce,0.027540,82.318304,0.123064,2.224144,0.120787,0.000000,0.002862,2301.521920,0.000000,0.786858,35.323907,1.266027,0.848875,1.434534,0.868907,0.028176,0.000000,0.000000,0.423963,0.001000
rare_valid_bounce,2,7,1.0000,0,0,rare_valid_bounce,0.026063,95.933837,0.090308,2.532700,0.120477,0.000000,0.001548,3158.227458,0.000000,0.744667,19.883102,1.333298,0.875410,0.975249,0.687586,0.026515,0.000000,0.000001,0.205120,0.001000
rare_valid_bounce,2,8,1.0000,0,0,rare_valid_bounce,0.025307,46.425329,0.000000,2.140584,0.077826,0.000000,0.000602,5867.250247,0.000000,0.723054,11.913867,0.280514,0.776618,0.321389,0.402514,0.013821,0.000000,0.000000,0.251213,0.001000
rare_valid_bounce,2,9,1.0000,0,0,rare_valid_bounce,0.025669,67.401512,0.000000,2.454626,0.105352,0.000000,0.000432,6349.119744,0.000000,0.733396,7.860100,0.174683,0.809634,0.183585,0.517950,0.020507,0.000000,0.000000,0.114911,0.001000
rare_valid_bounce,2,10,1.0000,0,0,rare_valid_bounce,0.025096,91.328547,0.000000,2.311969,0.078751,0.000000,0.000280,2291.095847,0.000000,0.717034,34.086594,0.685337,0.797472,0.607531,0.648738,0.031650,0.000000,0.000001,0.369188,0.001000
rare_valid_bounce,2,11,1.0000,0,0,rare_valid_bounce,0.036172,85.952741,0.000000,3.571396,0.205751,0.000000,0.004028,3545.273292,0.000000,1.033487,17.223941,0.933677,1.074960,0.931356,1.075884,0.030976,0.000000,0.000001,0.198084,0.001000
rare_valid_bounce,2,12,1.0000,0,0,rare_valid_bounce,0.026413,51.464383,0.000000,2.183546,0.067390,0.000000,0.000342,5219.537253,0.000000,0.754658,12.321392,0.227650,0.792754,0.281504,0.339724,0.018309,0.000000,0.000001,0.234853,0.001000
rare_valid_bounce,2,13,1.0000,0,0,rare_valid_bounce,0.019551,46.928471,0.000000,1.885039,0.078375,0.000000,0.000442,5424.837663,0.000000,0.558588,11.799913,0.292170,0.825637,0.333088,0.496716,0.016023,0.000000,0.000000,0.246198,0.001000
rare_valid_bounce,3,0,1.0000,0,0,rare_valid_bounce,0.029538,84.259052,0.000000,2.953736,0.179535,0.000000,0.002097,2875.954034,0.000000,0.843936,22.146757,1.500583,0.946913,1.345090,0.891832,0.028385,0.000000,0.000001,0.259758,0.001000
rare_valid_bounce,3,1,1.0000,0,0,rare_valid_bounce,0.027311,86.551749,0.000000,2.728872,0.170146,0.000000,0.000678,3601.405155,0.000000,0.780308,22.810003,0.876300,0.992387,0.898745,1.123580,0.032929,0.000000,0.000000,0.260532,0.001000
rare_valid_bounce,3,2,1.0000,0,0,rare_valid_bounce,0.022664,56.151972,0.005637,1.904864,0.084025,0.000000,0.000783,2125.295962,0.000000,0.647546,31.970303,1.918737,0.681576,1.309032,0.789698,0.016756,0.000000,0.000000,0.559391,0.001000
rare_valid_bounce,3,3,1.0000,0,0,rare_valid_bounce,0.021705,70.839487,0.000000,1.967234,0.090973,0.000000,0.000683,3970.466871,0.000000,0.620151,15.996322,0.610332,0.809057,0.657735,0.851050,0.016072,0.000000,0.000001,0.222668,0.001000
rare_valid_bounce,3,4,1.0000,0,0,rare_valid_bounce,0.038169,75.823187,0.025789,3.813304,0.213654,0.000000,0.002686,4744.008174,0.000000,1.090547,32.627355,1.922852,1.021250,1.742865,1.335644,0.039330,0.000000,0.000001,0.424707,0.001000
rare_valid_bounce,3,5,1.0000,0,0,rare_valid_bounce,0.031873,102.176386,0.000000,3.172903,0.203393,0.000000,0.002765,3342.233683,0.000000,0.910644,26.928423,1.279828,0.941995,1.173871,0.977241,0.037533,0.000000,0.000000,0.260994,0.001000
rare_valid_bounce,3,6,1.0000,0,0,rare_valid_bounce,0.027620,46.975592,0.000000,2.741640,0.078933,0.000000,0.000480,6044.224941,0.000000,0.789152,13.017820,0.479513,0.699113,0.480436,0.601760,0.017241,0.000000,0.000000,0.271343,0.001000
rare_valid_bounce,3,7,1.0000,0,0,rare_valid_bounce,0.025168,84.636251,0.000000,2.502844,0.078619,0.000000,0.000419,5003.488604,0.000000,0.719099,6.138735,0.263063,0.816231,0.272115,0.446743,0.013927,0.000000,0.000000,0.071684,0.001000
rare_valid_bounce,3,8,1.0000,0,0,rare_valid_bounce,0.023901,72.984200,0.000000,2.341777,0.075596,0.000000,0.000379,5799.504437,0.000000,0.682883,5.677656,0.103844,0.720038,0.115579,0.319609,0.018705,0.000000,0.000000,0.076741,0.001000
rare_valid_bounce,3,9,1.0000,0,0,rare_valid_bounce,0.021856,63.016042,0.000000,2.184301,0.092083,0.000000,0.000676,5987.270572,0.000000,0.624463,8.401807,0.198719,0.810642,0.203783,0.525593,0.019472,0.000000,0.000000,0.131245,0.001000
rare_valid_bounce,3,10,1.0000,0,0,rare_valid_bounce,0.024813,74.642960,0.000000,2.372833,0.080572,0.000000,0.000491,5974.378208,0.000000,0.708951,6.996877,0.138907,0.859895,0.156548,0.461618,0.020612,0.000000,0.000000,0.092499,0.001000
rare_valid_bounce,3,11,1.0000,0,0,rare_valid_bounce,0.022023,58.141189,0.052690,2.130059,0.082368,0.000000,0.000814,3566.506470,0.000000,0.629215,34.279296,1.095534,0.827385,1.063286,0.561929,0.013788,0.000000,0.000001,0.579618,0.001000
rare_valid_bounce,3,12,1.0000,0,0,rare_valid_bounce,0.019238,44.278980,0.008882,1.694752,0.070911,0.000000,0.000472,4117.179914,0.000000,0.549652,12.294443,0.510776,0.731564,0.490947,0.404909,0.018744,0.000000,0.000001,0.271526,0.001000
rare_valid_bounce,3,13,1.0000,0,0,rare_valid_bounce,0.023797,89.046087,0.000000,2.345500,0.074388,0.000000,0.000408,4611.990908,0.000000,0.679924,7.228366,0.206592,0.803300,0.223826,0.411235,0.015772,0.000000,0.000000,0.080274,0.001000
rare_valid_bounce,4,0,1.0000,0,0,rare_valid_bounce,0.026326,58.777393,0.000000,2.582412,0.075881,0.000000,0.000481,7558.131548,0.000000,0.752164,7.762746,0.178437,0.793745,0.174174,0.549584,0.019042,0.000000,0.000000,0.129861,0.001000
rare_valid_bounce,4,1,1.0000,0,0,rare_valid_bounce,0.024247,50.025445,0.000000,2.170033,0.091440,0.000000,0.000402,4999.901931,0.000000,0.692770,16.567270,0.809297,0.719186,0.769062,0.769295,0.013413,0.000000,0.000001,0.324686,0.001000
rare_valid_bounce,4,2,1.0000,0,0,rare_valid_bounce,0.021279,73.610232,0.000000,2.127334,0.075437,0.000000,0.000467,6437.814271,0.000000,0.607968,5.903581,0.104631,0.911139,0.123753,0.376142,0.013623,0.000000,0.000000,0.079126,0.001000
rare_valid_bounce,4,3,1.0000,0,0,rare_valid_bounce,0.026805,65.350805,0.000000,2.563920,0.108588,0.000000,0.000503,6868.476991,0.000000,0.765855,8.665126,0.206623,0.821304,0.215849,0.519906,0.014705,0.000000,0.000000,0.130596,0.001000
rare_valid_bounce,4,4,1.0000,0,0,rare_valid_bounce,0.022250,54.185912,0.012508,2.108408,0.101503,0.000000,0.000545,3794.235573,0.000000,0.635705,10.135671,0.818973,0.663004,0.692269,0.653662,0.017272,0.000000,0.000001,0.183664,0.001000
rare_valid_bounce,4,5,1.0000,0,0,rare_valid_bounce,0.024397,84.236511,0.007216,2.384032,0.141834,0.000000,0.000468,2488.347432,0.000000,0.697071,32.509673,1.053905,0.879475,0.886696,0.718692,0.027055,0.000000,0.000001,0.381405,0.001000
rare_valid_bounce,4,6,1.0000,0,0,rare_valid_bounce,0.035033,72.193023,0.018329,3.469706,0.245566,0.000000,0.000399,4837.788377,0.000000,1.000955,30.258125,1.197541,1.099959,1.046770,1.366228,0.023719,0.000000,0.000001,0.413402,0.001000
rare_valid_bounce,4,7,1.0000,0,0,rare_valid_bounce,0.025857,64.355589,0.000000,1.988684,0.112659,0.000000,0.000861,3055.408285,0.000000,0.738782,9.909287,0.645844,0.850517,0.578072,0.891939,0.015606,0.000000,0.000000,0.151621,0.001000
rare_valid_bounce,4,8,1.0000,0,0,rare_valid_bounce,0.022485,46.075793,0.000000,2.058152,0.076545,0.000000,0.000482,6191.227030,0.000000,0.642418,11.323704,0.289541,0.797982,0.320632,0.409736,0.013520,0.000000,0.000000,0.240542,0.001000
rare_valid_bounce,4,9,1.0000,0,0,rare_valid_bounce,0.028145,86.545549,0.000000,2.814038,0.085239,0.000000,0.001040,4484.770073,0.000000,0.804152,21.905059,0.945725,0.778371,0.942672,0.670046,0.017226,0.000000,0.000001,0.250213,0.001000
rare_valid_bounce,4,10,1.0000,0,0,rare_valid_bounce,0.033811,71.483581,0.000559,3.367755,0.235117,0.000000,0.001271,4323.274342,0.000000,0.966032,24.885248,1.233483,1.019693,1.086091,1.407335,0.026602,0.000000,0.000001,0.343323,0.001000
rare_valid_bounce,4,11,1.0000,0,0,rare_valid_bounce,0.021572,79.416801,0.000000,2.112998,0.074186,0.000000,0.000595,4556.225042,0.000000,0.616346,6.674791,0.223678,0.787688,0.189902,0.410863,0.013565,0.000000,0.000001,0.083002,0.001000
rare_valid_bounce,4,12,1.0000,0,0,rare_valid_bounce,0.026147,74.555483,0.067841,2.613370,0.126677,0.000000,0.000932,2968.180734,0.000000,0.747058,25.652367,1.274479,0.979321,1.224963,0.717453,0.039218,0.000000,0.000001,0.339517,0.001000
rare_valid_bounce,4,13,1.0000,0,0,rare_valid_bounce,0.026502,65.372632,0.000000,2.644163,0.073986,0.000000,0.000416,7290.216028,0.000000,0.757206,7.221154,0.153494,0.747409,0.160959,0.454711,0.015302,0.000000,0.000000,0.108797,0.001000
rare_valid_bounce,5,0,1.0000,0,0,rare_valid_bounce,0.021562,82.839315,0.000203,1.893878,0.089852,0.000000,0.001692,2732.661052,0.000000,0.616052,15.975441,0.519526,0.780923,0.444221,0.507706,0.016994,0.000000,0.000001,0.190548,0.001000
rare_valid_bounce,5,1,1.0000,0,0,rare_valid_bounce,0.028764,68.945069,0.063275,2.360261,0.189337,0.000000,0.000647,2879.565857,0.000000,0.821820,18.297632,1.449470,0.929117,1.406786,0.985984,0.027732,0.000000,0.000001,0.261600,0.001000
rare_valid_bounce,5,2,1.0000,0,0,rare_valid_bounce,0.029370,80.504587,0.007888,2.911673,0.131233,0.000000,0.000423,3513.167581,0.000000,0.839137,28.144276,1.064926,0.993961,0.925483,0.771428,0.038638,0.000000,0.000001,0.345309,0.001000
rare_valid_bounce,5,3,1.0000,0,0,rare_valid_bounce,0.025370,81.286578,0.016063,2.506625,0.164553,0.000000,0.001196,2894.243294,0.000000,0.724857,19.210734,0.998149,0.967157,1.003529,0.991190,0.024385,0.000000,0.000001,0.233461,0.001000
rare_valid_bounce,5,4,1.0000,0,0,rare_valid_bounce,0.028631,60.913362,0.000000,2.862941,0.100079,0.000000,0.000407,7365.300422,0.000000,0.818018,8.609212,0.209604,0.818126,0.206042,0.514485,0.014195,0.000000,0.000000,0.139053,0.001000
rare_valid_bounce,5,5,1.0000,0,0,rare_valid_bounce,0.028185,69.256666,0.062996,1.754453,0.232332,0.000000,0.002170,1725.221591,0.000000,0.805275,69.465423,3.165177,0.745086,2.353517,1.433666,0.026581,0.000000,0.000000,0.988738,0.001000
rare_valid_bounce,5,6,1.0000,0,0,rare_valid_bounce,0.021517,62.220852,0.042776,1.733886,0.061957,0.000000,0.000564,1947.569791,0.000000,0.614785,31.294019,1.421323,0.711680,1.206882,0.684382,0.019401,0.000000,0.000001,0.494995,0.001000
rare_valid_bounce,5,7,1.0000,0,0,rare_valid_bounce,0.024725,92.904111,0.000000,2.153548,0.076843,0.000000,0.002346,3197.383384,0.000000,0.706442,20.544522,0.828375,0.751619,0.781676,0.480748,0.020441,0.000000,0.000001,0.218782,0.001000
rare_valid_bounce,5,8,1.0000,0,0,rare_valid_bounce,0.022121,69.651052,0.000000,2.207781,0.084445,0.000000,0.000283,4797.355841,0.000000,0.632033,7.836727,0.319793,0.762050,0.262666,0.511099,0.016976,0.000000,0.000001,0.110922,0.001000
rare_valid_bounce,5,9,1.0000,0,0,rare_valid_bounce,0.022386,107.836454,0.000000,2.196629,0.100434,0.000000,0.001022,2393.731672,0.000000,0.639606,9.304085,0.565441,0.774114,0.623519,0.655522,0.034197,0.000000,0.000001,0.085487,0.001000
rare_valid_bounce,5,10,1.0000,0,0,rare_valid_bounce,0.034413,136.827297,0.024954,3.416244,0.330363,0.000000,0.002626,3382.214440,0.000000,0.983227,20.831726,1.838634,1.038884,1.367811,1.225213,0.044600,0.000000,0.000001,0.151144,0.001000
rare_valid_bounce,5,11,1.0000,0,0,rare_valid_bounce,0.021327,64.619579,0.000000,2.127800,0.119219,0.000000,0.000762,3159.377448,0.000000,0.609340,9.985119,0.596508,0.811350,0.551963,0.707381,0.017860,0.000000,0.000001,0.152167,0.001000
rare_valid_bounce,5,12,1.0000,0,0,rare_valid_bounce,0.027346,91.930233,0.050788,2.732628,0.099449,0.000000,0.000270,4271.842072,0.000000,0.781305,20.894681,0.965275,0.826577,1.081671,0.688771,0.014110,0.000000,0.000000,0.224843,0.001000
rare_valid_bounce,5,13,1.0000,0,0,rare_valid_bounce,0.025746,70.991383,0.000000,2.539476,0.146003,0.000000,0.000428,3591.870828,0.000000,0.735610,10.421210,0.651541,0.946303,0.660393,1.131077,0.023569,0.000000,0.000001,0.144756,0.001000
rare_valid_bounce,6,0,1.0000,0,0,rare_valid_bounce,0.021370,75.863429,0.000000,2.096961,0.091369,0.000000,0.000454,5506.795704,0.000000,0.610584,5.871602,0.106130,0.853484,0.124224,0.331955,0.016991,0.000000,0.000000,0.076390,0.001000
rare_valid_bounce,6,1,1.0000,0,0,rare_valid_bounce,0.029439,77.852581,0.135926,2.709043,0.161757,0.000000,0.000449,3496.046676,0.000000,0.841121,32.886654,0.996992,0.934606,0.994171,0.976072,0.024088,0.000000,0.000001,0.417065,0.001000
rare_valid_bounce,6,2,1.0000,0,0,rare_valid_bounce,0.026716,45.451457,0.000000,2.378182,0.073014,0.000000,0.000656,6937.074687,0.000000,0.763313,11.369266,0.284987,0.774296,0.314085,0.468553,0.019601,0.000000,0.000000,0.244756,0.001000
rare_valid_bounce,6,3,1.0000,0,0,rare_valid_bounce,0.034003,94.646307,0.008283,2.541820,0.258180,0.000000,0.003688,3196.502562,0.000000,0.971524,31.345261,1.394576,1.000250,1.284663,1.069249,0.027991,0.000000,0.000001,0.327721,0.001000
rare_valid_bounce,6,4,1.0000,0,0,rare_valid_bounce,0.030735,72.185383,0.017045,3.059185,0.221218,0.000000,0.000792,3549.506102,0.000000,0.878151,35.162998,1.540849,0.987545,1.331115,1.322899,0.031952,0.000000,0.000001,0.480465,0.001000
rare_valid_bounce,6,5,1.0000,0,0,rare_valid_bounce,0.024569,72.724287,0.056998,2.456186,0.091498,0.000000,0.000532,5080.112407,0.000000,0.701976,32.039734,1.283082,0.822034,1.185090,0.730186,0.016676,0.000000,0.000001,0.434589,0.001000
rare_valid_bounce,6,6,1.0000,0,0,rare_valid_bounce,0.030729,81.083511,0.045382,2.512202,0.099698,0.000000,0.000917,3130.595900,0.000000,0.877981,17.867380,0.773993,0.864124,0.843058,0.691946,0.018081,0.000000,0.000001,0.217673,0.001000
rare_valid_bounce,6,7,1.0000,0,0,rare_valid_bounce,0.026306,80.299200,0.000000,2.425634,0.096404,0.000000,0.000395,4873.998500,0.000000,0.751596,7.565567,0.315307,0.889873,0.333873,0.626206,0.016092,0.000000,0.000000,0.093058,0.001000
rare_valid_bounce,6,8,1.0000,0,0,rare_valid_bounce,0.024437,70.805094,0.000000,2.442758,0.110342,0.000000,0.000411,3280.566924,0.000000,0.698208,9.478024,0.638473,0.841373,0.697283,0.741054,0.021941,0.000000,0.000000,0.131997,0.001000
rare_valid_bounce,6,9,1.0000,0,0,rare_valid_bounce,0.027924,72.080246,0.000000,2.739744,0.140924,0.000000,0.000324,3273.589395,0.000000,0.797820,31.021811,1.136278,0.949812,1.125894,0.739048,0.028491,0.000000,0.000001,0.424490,0.001000
rare_valid_bounce,6,10,1.0000,0,0,rare_valid_bounce,0.020436,81.236677,0.007945,1.873583,0.084096,0.000000,0.001023,2984.475955,0.000000,0.583882,12.495155,0.832941,0.704878,0.736550,0.500585,0.020787,0.000000,0.000001,0.151941,0.001000
rare_valid_bounce,6,11,1.0000,0,0,rare_valid_bounce,0.027204,97.091588,0.003985,2.659542,0.113184,0.000000,0.001864,2788.149629,0.000000,0.777263,10.679118,0.562308,0.892136,0.654233,0.648287,0.035263,0.000000,0.000000,0.108869,0.001000
rare_valid_bounce,6,12,1.0000,0,0,rare_valid_bounce,0.028030,73.924212,0.000000,2.695600,0.108205,0.000000,0.000431,4062.411620,0.000000,0.800847,21.899286,0.916142,0.973681,0.926996,0.954800,0.020856,0.000000,0.000000,0.292286,0.001000
rare_valid_bounce,6,13,1.0000,0,0,rare_valid_bounce,0.029948,86.226589,0.003358,2.719777,0.155184,0.000000,0.000436,4381.823402,0.000000,0.855652,23.615423,1.377044,0.912438,1.516070,0.879114,0.022430,0.000000,0.000000,0.270737,0.001000
rare_valid_bounce,7,0,1.0000,0,0,rare_valid_bounce,0.040304,138.782400,0.000000,3.830147,0.314531,0.000000,0.004512,3802.770400,0.000000,1.151549,21.546837,1.384568,0.843898,1.090158,1.382175,0.034089,0.000000,0.000001,0.154146,0.001000
rare_valid_bounce,7,1,1.0000,0,0,rare_valid_bounce,0.022048,81.423457,0.000000,2.204710,0.078578,0.000000,0.000479,4689.936006,0.000000,0.629931,5.986339,0.123886,0.781149,0.135845,0.322156,0.015197,0.000000,0.000000,0.072629,0.001000
rare_valid_bounce,7,2,1.0000,0,0,rare_valid_bounce,0.021360,71.125024,0.000000,2.019747,0.092800,0.000000,0.000370,4783.765917,0.000000,0.610291,7.458070,0.157584,0.744152,0.168434,0.413740,0.016632,0.000000,0.000001,0.103405,0.001000
rare_valid_bounce,7,3,1.0000,0,0,rare_valid_bounce,0.024129,92.684674,0.046906,2.401885,0.083256,0.000000,0.000477,3456.036584,0.000000,0.689412,20.999382,0.663931,0.885048,0.751061,0.553226,0.019071,0.000000,0.000000,0.224150,0.001000
rare_valid_bounce,7,4,1.0000,0,0,rare_valid_bounce,0.027348,74.223142,0.012157,2.245623,0.101616,0.000000,0.000864,3009.738387,0.000000,0.781362,16.686291,0.674616,0.738789,0.559432,0.480853,0.017450,0.000000,0.000001,0.221824,0.001000
rare_valid_bounce,7,5,1.0000,0,0,rare_valid_bounce,0.039044,92.245185,0.024095,3.308038,0.228595,0.000000,0.000640,4436.831952,0.000000,1.115547,14.537337,1.173096,1.063959,1.079063,1.144227,0.026093,0.000000,0.000001,0.155904,0.001000
rare_valid_bounce,7,6,1.0000,0,0,rare_valid_bounce,0.027435,69.894121,0.053028,2.402046,0.109644,0.000000,0.003089,2667.678679,0.000000,0.783845,61.091930,2.772339,0.955778,2.702877,0.829983,0.031599,0.000000,0.000000,0.861735,0.001000
rare_valid_bounce,7,7,1.0000,0,0,rare_valid_bounce,0.031469,80.508193,0.072013,3.081774,0.157353,0.000000,0.001431,4043.795441,0.000000,0.899100,14.437041,0.819330,1.067850,0.963399,0.955242,0.029248,0.000000,0.000001,0.177124,0.001000
rare_valid_bounce,7,8,1.0000,0,0,rare_valid_bounce,0.023529,44.587655,0.000000,2.352876,0.081565,0.000000,0.000432,5999.268974,0.000000,0.672267,11.920434,0.280874,0.757833,0.310590,0.366201,0.014174,0.000000,0.000001,0.261484,0.001000
rare_valid_bounce,7,9,1.0000,0,0,rare_valid_bounce,0.028080,76.910938,0.072149,2.243809,0.152231,0.000000,0.000844,3930.184134,0.000000,0.802284,23.932845,1.412395,0.787919,1.460800,0.932177,0.014830,0.000000,0.000000,0.307182,0.001000
rare_valid_bounce,7,10,1.0000,0,0,rare_valid_bounce,0.023916,85.107606,0.000000,2.277458,0.084927,0.000000,0.000608,4999.173630,0.000000,0.683315,6.127269,0.114810,0.827262,0.137393,0.374120,0.013836,0.000000,0.000000,0.071158,0.001000
rare_valid_bounce,7,11,1.0000,0,0,rare_valid_bounce,0.025526,61.477828,0.000000,2.507475,0.104709,0.000000,0.000301,6975.588808,0.000000,0.729310,8.697339,0.212717,0.822797,0.213672,0.563709,0.013580,0.000000,0.000000,0.139207,0.001000
rare_valid_bounce,7,12,1.0000,0,0,rare_valid_bounce,0.022288,71.215521,0.000000,2.187749,0.102233,0.000000,0.000505,4792.323823,0.000000,0.636810,8.436600,0.350529,0.784891,0.320945,0.644010,0.015653,0.000000,0.000001,0.116825,0.001000
rare_valid_bounce,7,13,1.0000,0,0,rare_valid_bounce,0.030759,98.335100,0.000000,3.051276,0.165900,0.000000,0.000531,4054.434387,0.000000,0.878833,11.809588,0.660059,1.149121,0.695532,0.966880,0.034120,0.000000,0.000000,0.118886,0.001000
valid_clock_skew,0,0,1.0000,0,0,valid_clock_skew,0.017133,21.838446,0.003922,1.124424,0.029355,0.000000,0.000310,2353.021244,0.000000,0.489523,4.704484,0.676571,0.533903,0.194590,0.342591,0.016983,0.017086,0.000002,0.205990,0.001000
valid_clock_skew,0,1,1.0000,0,0,valid_clock_skew,0.015115,26.987011,0.005271,1.140226,0.012354,0.000000,0.000510,1248.799999,0.000000,0.431866,9.357009,0.970822,0.563804,0.281599,0.251622,0.020436,0.040559,0.313402,0.334334,0.001000
valid_clock_skew,0,2,1.0000,0,0,valid_clock_skew,0.017780,24.324766,0.009430,1.092206,0.022197,0.000000,0.000426,1404.521065,0.000000,0.508001,7.327034,1.326058,0.535849,0.357289,0.361304,0.015325,0.024664,0.341802,0.289323,0.001000
valid_clock_skew,0,3,1.0000,0,0,valid_clock_skew,0.022398,39.771879,0.041670,1.750076,0.035808,0.000000,0.001174,1892.682089,0.000000,0.639951,16.183363,2.496769,0.600395,0.647620,0.618374,0.016865,0.016725,0.038220,0.396925,0.001000
valid_clock_skew,0,4,1.0000,0,0,valid_clock_skew,0.015299,11.637407,0.000000,1.455923,0.026906,0.000000,0.000515,4384.626753,0.000000,0.437107,4.427969,0.507853,0.576924,0.114317,0.365432,0.016552,0.035653,0.000001,0.350386,0.001000
valid_clock_skew,0,5,1.0000,0,0,valid_clock_skew,0.016973,16.716236,0.002470,1.516905,0.023482,0.000000,0.000383,3033.942302,0.000000,0.484937,7.592589,0.902659,0.510521,0.196277,0.389656,0.014435,0.019304,0.080033,0.428567,0.001000
valid_clock_skew,0,6,1.0000,0,0,valid_clock_skew,0.017131,24.455746,0.000000,1.712758,0.020249,0.000000,0.000726,2592.679360,0.000000,0.489447,3.509616,0.587803,0.625153,0.202753,0.272273,0.019292,0.037567,0.221698,0.137871,0.001000
valid_clock_skew,0,7,1.0000,0,0,valid_clock_skew,0.018281,15.769327,0.002592,1.696425,0.021175,0.000000,0.000485,2974.305087,0.000000,0.522314,7.686973,1.022505,0.628661,0.279954,0.368002,0.012523,0.025701,0.107502,0.458395,0.001000
valid_clock_skew,0,8,1.0000,0,0,valid_clock_skew,0.017134,21.843038,0.004714,1.429735,0.021789,0.000000,0.000422,2810.511035,0.000000,0.489552,5.107418,0.754449,0.610991,0.255007,0.327169,0.015573,0.020927,0.160468,0.223588,0.001000
valid_clock_skew,0,9,1.0000,0,0,valid_clock_skew,0.019748,29.370182,0.013109,1.271527,0.032467,0.000000,0.000933,1660.449517,0.000000,0.564218,17.737532,2.151639,0.577328,0.514264,0.430105,0.014217,0.032537,0.000025,0.584044,0.001000
valid_clock_skew,0,10,1.0000,0,0,valid_clock_skew,0.019742,22.326418,0.004341,1.963730,0.012955,0.000000,0.000952,3354.584433,0.000000,0.564068,3.497838,0.555874,0.622795,0.168068,0.219532,0.015883,0.041319,0.173923,0.149952,0.001000
valid_clock_skew,0,11,1.0000,0,0,valid_clock_skew,0.017708,39.792481,0.003377,1.150805,0.019602,0.000000,0.000385,1145.455520,0.000000,0.505932,8.045488,1.429305,0.643395,0.449987,0.365369,0.022003,0.017858,0.381478,0.197230,0.001000
valid_clock_skew,0,12,1.0000,0,0,valid_clock_skew,0.016468,46.958267,0.031648,1.294801,0.037229,0.000000,0.000914,1414.024774,0.000000,0.470526,12.594998,1.927451,0.581804,0.291710,0.422956,0.019162,0.040391,0.010886,0.262624,0.001000
valid_clock_skew,0,13,1.0000,0,0,valid_clock_skew,0.016767,24.208085,0.029682,1.294874,0.036220,0.000000,0.000746,2137.134845,0.000000,0.479066,11.834957,1.295634,0.628107,0.267887,0.402493,0.015187,0.024330,0.000000,0.469491,0.001000
valid_clock_skew,1,0,1.0000,0,0,valid_clock_skew,0.017852,37.588126,0.005475,1.456525,0.024041,0.000000,0.000726,1849.781335,0.000000,0.510050,10.425284,1.679119,0.611499,0.319849,0.318085,0.014688,0.037558,0.000002,0.270168,0.001000
valid_clock_skew,1,1,1.0000,0,0,valid_clock_skew,0.015853,29.107309,0.002761,1.369310,0.019178,0.000000,0.000892,1352.655948,0.000000,0.452935,6.665000,1.012075,0.603568,0.308779,0.280216,0.014751,0.019259,0.314276,0.221375,0.001000
valid_clock_skew,1,2,1.0000,0,0,valid_clock_skew,0.017761,18.017520,0.007547,1.621672,0.017932,0.000000,0.000598,2874.279609,0.000000,0.507459,7.075772,0.684823,0.566505,0.151150,0.275636,0.018415,0.024509,0.010702,0.372066,0.001000
valid_clock_skew,1,3,1.0000,0,0,valid_clock_skew,0.021346,29.767975,0.000000,0.929654,0.026294,0.000000,0.000528,938.760487,0.000000,0.609891,6.762919,1.711758,0.586651,0.411346,0.438133,0.015221,0.023885,0.417231,0.219804,0.001000
valid_clock_skew,1,4,1.0000,0,0,valid_clock_skew,0.016669,20.393653,0.007936,1.466835,0.035742,0.000000,0.000471,3133.831022,0.000000,0.476267,7.123106,0.880487,0.573478,0.295751,0.448177,0.014380,0.038948,0.126186,0.332954,0.001000
valid_clock_skew,1,5,1.0000,0,0,valid_clock_skew,0.016853,51.573484,0.020039,1.068666,0.055338,0.000000,0.000775,1169.887675,0.000000,0.481515,15.733805,1.952162,0.566508,0.392561,0.484696,0.024451,0.035976,0.175967,0.299273,0.001000
valid_clock_skew,1,6,1.0000,0,0,valid_clock_skew,0.019606,15.478320,0.000000,1.910709,0.022234,0.000000,0.000488,4540.037044,0.000000,0.560169,4.732989,0.650378,0.586571,0.162383,0.274691,0.010385,0.019158,0.000001,0.287225,0.001000
valid_clock_skew,1,7,1.0000,0,0,valid_clock_skew,0.018139,37.201377,0.002844,1.010185,0.020937,0.000000,0.000174,988.597347,0.000000,0.518261,6.632974,1.638477,0.593561,0.418645,0.368751,0.016763,0.027931,0.383287,0.173632,0.001000
valid_clock_skew,1,8,1.0000,0,0,valid_clock_skew,0.014964,23.329238,0.000000,1.288683,0.016980,0.000000,0.000416,1853.741354,0.000000,0.427531,8.163142,1.086456,0.598965,0.271442,0.254042,0.014290,0.018079,0.162508,0.335528,0.001000
valid_clock_skew,1,9,1.0000,0,0,valid_clock_skew,0.017620,17.440332,0.001211,1.693312,0.014981,0.000000,0.000511,2896.639096,0.000000,0.503429,4.981867,0.643905,0.534385,0.152433,0.237805,0.013642,0.019347,0.171310,0.270161,0.001000
valid_clock_skew,1,10,1.0000,0,0,valid_clock_skew,0.017010,25.334001,0.002129,1.654574,0.021826,0.000000,0.000503,2689.829802,0.000000,0.485989,6.821525,1.017600,0.573418,0.182513,0.371416,0.017020,0.018155,0.000001,0.259039,0.001000
valid_clock_skew,1,11,1.0000,0,0,valid_clock_skew,0.020567,46.678207,0.035442,1.977891,0.031348,0.000000,0.000687,1932.901568,0.000000,0.587627,14.019984,1.624053,0.639262,0.469900,0.345433,0.015777,0.036911,0.207027,0.294054,0.001000
valid_clock_skew,1,12,1.0000,0,0,valid_clock_skew,0.017139,16.017212,0.000000,1.222525,0.017665,0.000000,0.000511,2810.593147,0.000000,0.489695,3.090624,0.713916,0.613856,0.188777,0.313983,0.012154,0.029008,0.116447,0.181618,0.001000
valid_clock_skew,1,13,1.0000,0,0,valid_clock_skew,0.016105,25.205241,0.003911,1.306572,0.025775,0.000000,0.000209,1485.920892,0.000000,0.460132,5.661572,1.249836,0.529901,0.345914,0.358045,0.013060,0.035246,0.374500,0.216047,0.001000
valid_clock_skew,2,0,1.0000,0,0,valid_clock_skew,0.022769,47.121708,0.024701,2.160811,0.026539,0.000000,0.001303,2592.492934,0.000000,0.650545,13.265332,1.585154,0.648533,0.207390,0.316895,0.021424,0.030293,0.000001,0.275662,0.001000
valid_clock_skew,2,1,1.0000,0,0,valid_clock_skew,0.018951,19.246949,0.000000,1.427315,0.037323,0.000000,0.000542,3622.561409,0.000000,0.541451,4.632564,0.623622,0.590696,0.203103,0.463309,0.016327,0.021846,0.000001,0.228803,0.001000
valid_clock_skew,2,2,1.0000,0,0,valid_clock_skew,0.016619,20.262597,0.000000,1.258951,0.020169,0.000000,0.000553,2871.831879,0.000000,0.474829,5.225075,0.619669,0.592421,0.216317,0.316733,0.018176,0.028772,0.000001,0.245740,0.001000
valid_clock_skew,2,3,1.0000,0,0,valid_clock_skew,0.019593,26.078936,0.015862,1.851144,0.022117,0.000000,0.000427,2910.734461,0.000000,0.559808,9.806326,0.975172,0.606943,0.280475,0.415393,0.014140,0.017075,0.188717,0.362139,0.001000
valid_clock_skew,2,4,1.0000,0,0,valid_clock_skew,0.017999,23.430461,0.008044,1.262121,0.030073,0.000000,0.000884,1579.558770,0.000000,0.514267,8.670910,1.213873,0.573927,0.299264,0.360529,0.017195,0.020353,0.381419,0.354922,0.001000
valid_clock_skew,2,5,1.0000,0,0,valid_clock_skew,0.014214,17.539893,0.000000,1.248353,0.021243,0.000000,0.000535,3380.286005,0.000000,0.406122,3.185563,0.513014,0.560721,0.157590,0.349517,0.015786,0.018271,0.000001,0.171822,0.001000
valid_clock_skew,2,6,1.0000,0,0,valid_clock_skew,0.017373,23.779766,0.009825,1.508370,0.028824,0.000000,0.000480,2885.970013,0.000000,0.496364,7.258072,0.946105,0.622680,0.289153,0.431018,0.013865,0.030889,0.000004,0.292903,0.001000
valid_clock_skew,2,7,1.0000,0,0,valid_clock_skew,0.017566,29.420281,0.008604,1.359537,0.026981,0.000000,0.000695,1559.169115,0.000000,0.501887,6.116098,1.280795,0.528639,0.380509,0.391110,0.017329,0.042302,0.290222,0.201053,0.001000
valid_clock_skew,2,8,1.0000,0,0,valid_clock_skew,0.015951,17.292499,0.000000,1.556032,0.017992,0.000000,0.000425,4285.036255,0.000000,0.455749,2.891653,0.310864,0.599125,0.095080,0.246534,0.018036,0.039487,0.000001,0.158079,0.001000
valid_clock_skew,2,9,1.0000,0,0,valid_clock_skew,0.017868,34.722236,0.026957,1.392518,0.024585,0.000000,0.000853,1931.715801,0.000000,0.510518,9.141514,1.306020,0.582678,0.189242,0.304039,0.015638,0.022539,0.000001,0.255905,0.001000
valid_clock_skew,2,10,1.0000,0,0,valid_clock_skew,0.020132,29.430899,0.009447,1.906263,0.024289,0.000000,0.000553,2149.323204,0.000000,0.575198,11.728765,1.335404,0.584340,0.395150,0.370739,0.013954,0.028898,0.343679,0.385423,0.001000
valid_clock_skew,2,11,1.0000,0,0,valid_clock_skew,0.015235,18.052729,0.000000,1.431109,0.016545,0.000000,0.000439,4278.589563,0.000000,0.435273,3.767598,0.307488,0.595463,0.096692,0.269356,0.015715,0.019838,0.000001,0.197746,0.001000
valid_clock_skew,2,12,1.0000,0,0,valid_clock_skew,0.016946,19.007568,0.000000,1.423512,0.014283,0.000000,0.000364,2899.832084,0.000000,0.484168,5.514459,0.583919,0.620656,0.185621,0.249080,0.013443,0.032773,0.000001,0.275619,0.001000
valid_clock_skew,2,13,1.0000,0,0,valid_clock_skew,0.017230,13.420338,0.002303,1.051483,0.027570,0.000000,0.000547,1923.727483,0.000000,0.492298,6.564068,1.052468,0.565105,0.302734,0.431416,0.017968,0.017653,0.309749,0.455195,0.001000
valid_clock_skew,3,0,1.0000,0,0,valid_clock_skew,0.017555,21.584121,0.000000,1.274580,0.016133,0.000000,0.000571,1684.319998,0.000000,0.501571,5.404956,0.707729,0.566562,0.194323,0.208668,0.014187,0.023182,0.356485,0.239326,0.001000
valid_clock_skew,3,1,1.0000,0,0,valid_clock_skew,0.016862,18.101205,0.000000,1.448819,0.023465,0.000000,0.000375,2913.212710,0.000000,0.481765,4.375801,0.692478,0.594070,0.179213,0.340715,0.016615,0.034541,0.055623,0.229085,0.001000
valid_clock_skew,3,2,1.0000,0,0,valid_clock_skew,0.016844,27.259170,0.002687,1.149954,0.014629,0.000000,0.000829,1322.857936,0.000000,0.481255,5.247912,1.208233,0.587795,0.316139,0.262275,0.015420,0.015443,0.312785,0.185707,0.001000
valid_clock_skew,3,3,1.0000,0,0,valid_clock_skew,0.017630,41.956555,0.031647,1.733496,0.030566,0.000000,0.001656,2003.506809,0.000000,0.503726,18.347433,1.928460,0.632213,0.366008,0.374429,0.016498,0.040231,0.000001,0.427116,0.001000
valid_clock_skew,3,4,1.0000,0,0,valid_clock_skew,0.018842,18.125484,0.000000,1.705501,0.019237,0.000000,0.000458,3974.253035,0.000000,0.538331,2.510943,0.496482,0.615696,0.149277,0.263955,0.014273,0.017865,0.088993,0.131288,0.001000
valid_clock_skew,3,5,1.0000,0,0,valid_clock_skew,0.016253,17.934400,0.001086,1.495283,0.029145,0.000000,0.000444,3761.648878,0.000000,0.464369,4.198131,0.598275,0.607237,0.168559,0.353648,0.018094,0.026999,0.000001,0.221720,0.001000
valid_clock_skew,3,6,1.0000,0,0,valid_clock_skew,0.015527,21.959036,0.000000,1.194925,0.015684,0.000000,0.000596,1681.536040,0.000000,0.443642,4.819094,0.780229,0.585379,0.214769,0.248787,0.013136,0.037644,0.279263,0.209900,0.001000
valid_clock_skew,3,7,1.0000,0,0,valid_clock_skew,0.017818,13.929531,0.010759,1.206135,0.023255,0.000000,0.000574,2663.983637,0.000000,0.509090,4.454304,1.022224,0.560034,0.245167,0.337395,0.015664,0.036755,0.167773,0.298355,0.001000
valid_clock_skew,3,8,1.0000,0,0,valid_clock_skew,0.021714,16.093722,0.005594,1.994690,0.024227,0.000000,0.000448,4495.651449,0.000000,0.620400,4.934920,0.740441,0.640095,0.212261,0.401475,0.016389,0.031843,0.035347,0.288698,0.001000
valid_clock_skew,3,9,1.0000,0,0,valid_clock_skew,0.016992,31.348272,0.016052,1.558493,0.047169,0.000000,0.002070,1963.865976,0.000000,0.485489,14.394177,1.562544,0.665991,0.333546,0.514309,0.016302,0.018986,0.032815,0.444975,0.001000
valid_clock_skew,3,10,1.0000,0,0,valid_clock_skew,0.021420,37.249596,0.043784,1.473114,0.037255,0.000000,0.000847,1585.799423,0.000000,0.612013,11.124233,1.963132,0.562333,0.400639,0.516601,0.016518,0.032767,0.126834,0.290833,0.001000
valid_clock_skew,3,11,1.0000,0,0,valid_clock_skew,0.019479,12.480399,0.000000,1.802306,0.023478,0.000000,0.000437,4262.801858,0.000000,0.556530,5.332297,0.495305,0.574566,0.124159,0.298936,0.014846,0.022215,0.000003,0.395559,0.001000
valid_clock_skew,3,12,1.0000,0,0,valid_clock_skew,0.016427,42.335064,0.004249,1.084801,0.031473,0.000000,0.000333,1097.642521,0.000000,0.469329,8.836944,1.638903,0.609895,0.488118,0.436034,0.014257,0.038055,0.430461,0.203921,0.001000
valid_clock_skew,3,13,1.0000,0,0,valid_clock_skew,0.015344,19.321886,0.000000,1.305756,0.021334,0.000000,0.000408,3744.999392,0.000000,0.438405,3.581832,0.451049,0.593637,0.154097,0.309441,0.014267,0.030714,0.000001,0.176255,0.001000
valid_clock_skew,4,0,1.0000,0,0,valid_clock_skew,0.017634,17.450852,0.004803,1.267182,0.026365,0.000000,0.000498,2320.427640,0.000000,0.503816,6.793140,0.631145,0.609812,0.157184,0.325946,0.016911,0.029725,0.000001,0.368175,0.001000
valid_clock_skew,4,1,1.0000,0,0,valid_clock_skew,0.017821,13.518268,0.000367,1.478704,0.025390,0.000000,0.000430,4021.254166,0.000000,0.509161,3.889230,0.572513,0.561610,0.120944,0.327236,0.016450,0.015435,0.000001,0.267885,0.001000
valid_clock_skew,4,2,1.0000,0,0,valid_clock_skew,0.016012,28.365314,0.003460,1.198972,0.022618,0.000000,0.000464,1528.081741,0.000000,0.457481,5.229874,1.033697,0.644230,0.317953,0.305018,0.017666,0.030727,0.321919,0.178097,0.001000
valid_clock_skew,4,3,1.0000,0,0,valid_clock_skew,0.016185,21.632234,0.003098,1.401334,0.021841,0.000000,0.000411,1965.804862,0.000000,0.462436,6.836113,1.558654,0.579674,0.386043,0.426538,0.014699,0.033018,0.305561,0.302052,0.001000
valid_clock_skew,4,4,1.0000,0,0,valid_clock_skew,0.015075,38.395487,0.001443,1.439816,0.036459,0.000000,0.000539,1460.681317,0.000000,0.430721,9.031082,2.001899,0.611244,0.421487,0.416296,0.013720,0.032483,0.331140,0.229242,0.001000
valid_clock_skew,4,5,1.0000,0,0,valid_clock_skew,0.015195,14.348737,0.004590,1.379441,0.025501,0.000000,0.000524,2862.720221,0.000000,0.434141,6.924452,0.876861,0.590268,0.235034,0.375706,0.013689,0.033476,0.000001,0.451141,0.001000
valid_clock_skew,4,6,1.0000,0,0,valid_clock_skew,0.016067,36.554624,0.009551,1.359014,0.017443,0.000000,0.000472,1466.088438,0.000000,0.459057,6.602890,1.226097,0.587466,0.365070,0.274762,0.016488,0.030002,0.342649,0.175821,0.001000
valid_clock_skew,4,7,1.0000,0,0,valid_clock_skew,0.016368,35.934395,0.000000,1.362953,0.020204,0.000000,0.000446,1513.012417,0.000000,0.467658,6.188080,1.242701,0.614574,0.318492,0.370115,0.014533,0.016430,0.335277,0.167542,0.001000
valid_clock_skew,4,8,1.0000,0,0,valid_clock_skew,0.018624,12.987969,0.005936,1.213956,0.018653,0.000000,0.000499,3002.230529,0.000000,0.532101,3.222783,0.510812,0.523523,0.126436,0.274066,0.015863,0.034865,0.000002,0.230397,0.001000
valid_clock_skew,4,9,1.0000,0,0,valid_clock_skew,0.016077,21.735445,0.017851,1.248812,0.021860,0.000000,0.000581,1991.346865,0.000000,0.459336,10.105440,1.424674,0.582817,0.250659,0.399292,0.014722,0.026055,0.000002,0.444480,0.001000
valid_clock_skew,4,10,1.0000,0,0,valid_clock_skew,0.016602,45.229723,0.028245,1.277094,0.047166,0.000000,0.000930,1497.956967,0.000000,0.474338,14.482213,2.254031,0.632188,0.438445,0.632310,0.017792,0.022271,0.000001,0.313266,0.001000
valid_clock_skew,4,11,1.0000,0,0,valid_clock_skew,0.020498,16.686951,0.008144,1.994245,0.026404,0.000000,0.000328,3568.234235,0.000000,0.585647,8.533691,1.065307,0.600123,0.290050,0.430862,0.015917,0.027034,0.000001,0.482485,0.001000
valid_clock_skew,4,12,1.0000,0,0,valid_clock_skew,0.015246,19.271818,0.000000,1.044448,0.014558,0.000000,0.000464,1588.421586,0.000000,0.435596,7.195552,0.750017,0.583137,0.160168,0.226654,0.016499,0.037403,0.288352,0.354953,0.001000
valid_clock_skew,4,13,1.0000,0,0,valid_clock_skew,0.015242,30.691546,0.000000,1.402201,0.015517,0.000000,0.000596,1631.265158,0.000000,0.435482,6.179933,0.892887,0.573354,0.235268,0.245526,0.014163,0.033297,0.305053,0.195003,0.001000
valid_clock_skew,5,0,1.0000,0,0,valid_clock_skew,0.014348,16.567769,0.001768,1.429765,0.017008,0.000000,0.000495,3389.338332,0.000000,0.409943,3.927253,0.554495,0.570406,0.164445,0.259792,0.014047,0.031238,0.111386,0.223549,0.001000
valid_clock_skew,5,1,1.0000,0,0,valid_clock_skew,0.015610,32.947980,0.041020,1.438849,0.040043,0.000000,0.001119,1733.055092,0.000000,0.446007,10.980408,1.837086,0.528169,0.285990,0.442401,0.014447,0.028418,0.009187,0.323448,0.001000
valid_clock_skew,5,2,1.0000,0,0,valid_clock_skew,0.016297,23.951907,0.000000,1.411205,0.019549,0.000000,0.000462,2553.358198,0.000000,0.465627,9.356646,0.904153,0.571568,0.269714,0.296463,0.015823,0.038325,0.112214,0.374987,0.001000
valid_clock_skew,5,3,1.0000,0,0,valid_clock_skew,0.016521,33.116875,0.000000,1.318323,0.017236,0.000000,0.000627,1518.034840,0.000000,0.472040,4.835870,1.032683,0.630488,0.275329,0.270910,0.014523,0.039600,0.310677,0.141744,0.001000
valid_clock_skew,5,4,1.0000,0,0,valid_clock_skew,0.019334,14.992114,0.005311,1.920743,0.025138,0.000000,0.000609,2972.908619,0.000000,0.552404,7.405150,1.607840,0.544387,0.379752,0.407384,0.017951,0.017642,0.371313,0.463050,0.001000
valid_clock_skew,5,5,1.0000,0,0,valid_clock_skew,0.016833,17.364134,0.008266,1.504611,0.027098,0.000000,0.000544,2580.171677,0.000000,0.480942,8.920619,0.876919,0.557025,0.238337,0.411414,0.018420,0.015418,0.088090,0.485763,0.001000
valid_clock_skew,5,6,1.0000,0,0,valid_clock_skew,0.017366,19.732979,0.030483,1.684139,0.032303,0.000000,0.000480,2252.695348,0.000000,0.496160,8.265849,1.474437,0.564939,0.352617,0.360654,0.016278,0.017696,0.360687,0.398681,0.001000
valid_clock_skew,5,7,1.0000,0,0,valid_clock_skew,0.015784,24.425897,0.000000,1.552049,0.018750,0.000000,0.000372,2476.351315,0.000000,0.450973,7.071356,1.048161,0.590173,0.364946,0.339334,0.013621,0.035021,0.232859,0.278116,0.001000
valid_clock_skew,5,8,1.0000,0,0,valid_clock_skew,0.020084,20.770824,0.000000,1.942442,0.010940,0.000000,0.000430,3696.396894,0.000000,0.573842,5.437178,0.585718,0.575412,0.197958,0.209490,0.014145,0.019638,0.057821,0.249746,0.001000
valid_clock_skew,5,9,1.0000,0,0,valid_clock_skew,0.017538,47.274944,0.021779,1.666278,0.040091,0.000000,0.001986,1969.430992,0.000000,0.501085,13.276117,1.828136,0.627754,0.288159,0.483092,0.016450,0.015457,0.000001,0.275011,0.001000
valid_clock_skew,5,10,1.0000,0,0,valid_clock_skew,0.018617,29.310811,0.004659,1.594667,0.029348,0.000000,0.000843,1808.577166,0.000000,0.531925,9.195833,1.575674,0.597466,0.517887,0.450725,0.016303,0.023167,0.286537,0.303385,0.001000
valid_clock_skew,5,11,1.0000,0,0,valid_clock_skew,0.018169,35.226720,0.016735,1.593685,0.033115,0.000000,0.000707,2255.939346,0.000000,0.519122,16.013840,1.445044,0.668104,0.374861,0.313141,0.014992,0.034293,0.000001,0.442045,0.001000
valid_clock_skew,5,12,1.0000,0,0,valid_clock_skew,0.017410,30.849252,0.002938,1.273056,0.020721,0.000000,0.000501,1415.325809,0.000000,0.497422,7.512600,1.615770,0.641238,0.446013,0.403637,0.015617,0.026351,0.383097,0.235880,0.001000
valid_clock_skew,5,13,1.0000,0,0,valid_clock_skew,0.020024,18.189159,0.006108,1.593086,0.033560,0.000000,0.000478,3339.997062,0.000000,0.572108,7.759924,0.916988,0.642020,0.256553,0.487696,0.019907,0.029233,0.000001,0.404391,0.001000
valid_clock_skew,6,0,1.0000,0,0,valid_clock_skew,0.016882,28.747131,0.023861,1.424079,0.020948,0.000000,0.000743,2232.968673,0.000000,0.482351,6.691901,0.944844,0.627638,0.202137,0.333297,0.015490,0.015688,0.000000,0.224960,0.001000
valid_clock_skew,6,1,1.0000,0,0,valid_clock_skew,0.020157,21.264143,0.008738,1.282538,0.020860,0.000000,0.000413,2143.791584,0.000000,0.575912,5.903613,0.987496,0.618721,0.289050,0.410989,0.017357,0.024937,0.141704,0.265162,0.001000
valid_clock_skew,6,2,1.0000,0,0,valid_clock_skew,0.018286,13.779059,0.010421,1.185987,0.021830,0.000000,0.000480,2043.186643,0.000000,0.522452,7.760730,1.024525,0.517879,0.217292,0.279987,0.014988,0.034585,0.239270,0.525117,0.001000
valid_clock_skew,6,3,1.0000,0,0,valid_clock_skew,0.018780,28.790931,0.002150,1.195010,0.017639,0.000000,0.000427,1252.221602,0.000000,0.536567,5.000599,1.087707,0.530573,0.245226,0.269001,0.014064,0.024338,0.362896,0.167856,0.001000
valid_clock_skew,6,4,1.0000,0,0,valid_clock_skew,0.015431,23.653389,0.000000,1.259046,0.021771,0.000000,0.000540,1601.489337,0.000000,0.440879,7.099628,1.046535,0.573044,0.280001,0.342552,0.017275,0.024846,0.354969,0.287978,0.001000
valid_clock_skew,6,5,1.0000,0,0,valid_clock_skew,0.016874,31.644569,0.013267,1.396238,0.032553,0.000000,0.000613,1563.351170,0.000000,0.482118,13.680667,1.769738,0.615432,0.577498,0.494598,0.019036,0.037106,0.348956,0.419079,0.001000
valid_clock_skew,6,6,1.0000,0,0,valid_clock_skew,0.017683,38.085563,0.025841,1.319633,0.026332,0.000000,0.001141,1612.318527,0.000000,0.505240,15.337194,1.825014,0.594796,0.226218,0.403882,0.016452,0.041395,0.000001,0.392400,0.001000
valid_clock_skew,6,7,1.0000,0,0,valid_clock_skew,0.019157,32.748167,0.004860,1.910999,0.018626,0.000000,0.000564,2398.802100,0.000000,0.547352,4.863445,0.916206,0.594660,0.252561,0.309773,0.015509,0.040790,0.414112,0.144110,0.001000
valid_clock_skew,6,8,1.0000,0,0,valid_clock_skew,0.022216,25.261110,0.000975,1.391480,0.029565,0.000000,0.000478,2006.692957,0.000000,0.634755,7.716139,1.220083,0.627992,0.252505,0.361939,0.015756,0.041973,0.082513,0.293824,0.001000
valid_clock_skew,6,9,1.0000,0,0,valid_clock_skew,0.015725,26.496251,0.010944,1.159730,0.036031,0.000000,0.000170,1184.886160,0.000000,0.449294,7.341361,1.751283,0.600930,0.492106,0.467188,0.017161,0.024505,0.483888,0.266995,0.001000
valid_clock_skew,6,10,1.0000,0,0,valid_clock_skew,0.022433,39.703384,0.015349,2.142800,0.039774,0.000000,0.001086,2401.329398,0.000000,0.640940,13.744017,2.045572,0.626622,0.427160,0.462718,0.016417,0.042228,0.000001,0.337663,0.001000
valid_clock_skew,6,11,1.0000,0,0,valid_clock_skew,0.019732,16.687989,0.004622,1.387891,0.021468,0.000000,0.000404,2639.337723,0.000000,0.563758,7.657589,0.865344,0.684803,0.211889,0.321539,0.014100,0.024038,0.160423,0.432926,0.001000
valid_clock_skew,6,12,1.0000,0,0,valid_clock_skew,0.019612,29.855696,0.004558,1.210862,0.029471,0.000000,0.000983,1585.561164,0.000000,0.560352,8.740994,1.469169,0.678304,0.365224,0.453963,0.018944,0.040037,0.219098,0.283286,0.001000
valid_clock_skew,6,13,1.0000,0,0,valid_clock_skew,0.015260,13.318789,0.000000,1.454666,0.021531,0.000000,0.000423,2520.719107,0.000000,0.436013,7.460008,1.327131,0.601403,0.380313,0.358795,0.013634,0.025827,0.255961,0.520994,0.001000
valid_clock_skew,7,0,1.0000,0,0,valid_clock_skew,0.013138,33.333954,0.000000,1.136749,0.012955,0.000000,0.000599,1257.118722,0.000000,0.375379,6.649952,0.908524,0.572321,0.192099,0.233885,0.016688,0.023771,0.388128,0.193684,0.001000
valid_clock_skew,7,1,1.0000,0,0,valid_clock_skew,0.016468,19.311428,0.000000,1.299370,0.018772,0.000000,0.000436,2920.574682,0.000000,0.470502,3.070199,0.484099,0.577297,0.153083,0.253802,0.015439,0.030491,0.041984,0.151156,0.001000
valid_clock_skew,7,2,1.0000,0,0,valid_clock_skew,0.016093,25.065709,0.015500,1.394888,0.028287,0.000000,0.000806,2121.847626,0.000000,0.459802,10.889976,1.789030,0.567544,0.353365,0.441286,0.013606,0.021660,0.028700,0.417789,0.001000
valid_clock_skew,7,3,1.0000,0,0,valid_clock_skew,0.015823,21.294018,0.000000,1.291684,0.019467,0.000000,0.000373,2524.160575,0.000000,0.452090,3.939971,0.634046,0.566165,0.184866,0.305557,0.014666,0.030076,0.146846,0.176728,0.001000
valid_clock_skew,7,4,1.0000,0,0,valid_clock_skew,0.017981,29.249313,0.010354,1.540111,0.030328,0.000000,0.000781,2466.156727,0.000000,0.513744,9.606412,1.665083,0.613309,0.369767,0.453866,0.016031,0.044830,0.000005,0.317575,0.001000
valid_clock_skew,7,5,1.0000,0,0,valid_clock_skew,0.017200,24.118234,0.002153,1.309114,0.021483,0.000000,0.001370,1715.263350,0.000000,0.491433,4.686378,0.892995,0.617246,0.282363,0.341171,0.015515,0.030069,0.350880,0.186573,0.001000
valid_clock_skew,7,6,1.0000,0,0,valid_clock_skew,0.016455,36.870301,0.007733,1.636629,0.023028,0.000000,0.000738,1657.170164,0.000000,0.470132,9.435105,1.450879,0.546897,0.271176,0.354991,0.015691,0.020327,0.261084,0.249143,0.001000
valid_clock_skew,7,7,1.0000,0,0,valid_clock_skew,0.014325,17.794054,0.011173,1.320809,0.028710,0.000000,0.000466,2299.648012,0.000000,0.409281,8.471636,0.973232,0.533538,0.235050,0.292175,0.012709,0.037510,0.187764,0.450761,0.001000
valid_clock_skew,7,8,1.0000,0,0,valid_clock_skew,0.019427,22.778838,0.003446,1.542654,0.018590,0.000000,0.000459,2838.323571,0.000000,0.555064,3.522392,0.602227,0.616930,0.164567,0.312004,0.017598,0.026404,0.277045,0.148131,0.001000
valid_clock_skew,7,9,1.0000,0,0,valid_clock_skew,0.014674,13.791976,0.003685,1.389965,0.018324,0.000000,0.000442,2354.826712,0.000000,0.419248,6.742138,1.082104,0.555848,0.285082,0.266568,0.013427,0.041441,0.298277,0.455797,0.001000
valid_clock_skew,7,10,1.0000,0,0,valid_clock_skew,0.016886,26.801344,0.011549,1.112367,0.022560,0.000000,0.000453,1097.269046,0.000000,0.482447,9.599752,1.641328,0.606379,0.400464,0.402922,0.016209,0.016915,0.365694,0.345298,0.001000
valid_clock_skew,7,11,1.0000,0,0,valid_clock_skew,0.017727,29.679712,0.009436,1.097551,0.021431,0.000000,0.000596,1202.967235,0.000000,0.506479,10.650227,1.107357,0.617679,0.300077,0.290508,0.014830,0.018960,0.295957,0.347142,0.001000
valid_clock_skew,7,12,1.0000,0,0,valid_clock_skew,0.016540,38.965528,0.019868,1.606210,0.024968,0.000000,0.000662,1927.401496,0.000000,0.472562,11.534261,1.820853,0.598114,0.385735,0.365546,0.018903,0.031912,0.000002,0.288605,0.001000
valid_clock_skew,7,13,1.0000,0,0,valid_clock_skew,0.015696,19.136069,0.005094,1.464293,0.027478,0.000000,0.000444,2809.220021,0.000000,0.448447,4.352341,1.139361,0.549288,0.278227,0.369510,0.015113,0.035524,0.173165,0.216147,0.001000
valid_low_friction_slip,0,0,1.0000,0,0,valid_low_friction_slip,0.019372,20.020577,0.005471,1.933335,0.022206,0.000000,0.000378,7232.455710,0.000000,0.553488,3.877402,0.190907,0.682260,0.103045,0.293757,0.017408,0.000000,0.000001,0.184457,0.001000
valid_low_friction_slip,0,1,1.0000,0,0,valid_low_friction_slip,0.017406,29.660445,0.011778,1.676851,0.017854,0.000000,0.000423,5596.393690,0.000000,0.497304,5.012596,0.231048,0.679728,0.155819,0.227384,0.017137,0.000000,0.000000,0.163487,0.001000
valid_low_friction_slip,0,2,1.0000,0,0,valid_low_friction_slip,0.021174,23.197161,0.000000,1.786692,0.028617,0.000000,0.000418,4725.155761,0.000000,0.604981,1.748792,0.161231,0.606542,0.090504,0.250350,0.017609,0.000000,0.000001,0.072273,0.001000
valid_low_friction_slip,0,3,1.0000,0,0,valid_low_friction_slip,0.016816,16.228404,0.010009,1.403085,0.027990,0.000000,0.000450,4761.652391,0.000000,0.480454,4.694209,0.368427,0.644086,0.197596,0.338995,0.017606,0.000000,0.000001,0.272469,0.001000
valid_low_friction_slip,0,4,1.0000,0,0,valid_low_friction_slip,0.019710,20.959439,0.000000,1.944235,0.027264,0.000000,0.000415,6657.092485,0.000000,0.563135,3.215123,0.320073,0.657149,0.152028,0.395063,0.014857,0.000000,0.000000,0.146412,0.001000
valid_low_friction_slip,0,5,1.0000,0,0,valid_low_friction_slip,0.017922,21.686537,0.000000,1.423130,0.035819,0.000000,0.000321,4662.269244,0.000000,0.512069,3.629516,0.338821,0.664210,0.185324,0.391744,0.015603,0.000000,0.000001,0.159985,0.001000
valid_low_friction_slip,0,6,1.0000,0,0,valid_low_friction_slip,0.019694,27.203146,0.000000,1.966763,0.027379,0.000000,0.000413,5128.843690,0.000000,0.562695,4.136976,0.321517,0.631054,0.159184,0.308121,0.016232,0.000000,0.000000,0.146685,0.001000
valid_low_friction_slip,0,7,1.0000,0,0,valid_low_friction_slip,0.019800,25.738193,0.000000,1.825975,0.020701,0.000000,0.000783,4660.512386,0.000000,0.565706,2.403041,0.200940,0.636014,0.119477,0.223589,0.014410,0.000000,0.000000,0.089873,0.001000
valid_low_friction_slip,0,8,1.0000,0,0,valid_low_friction_slip,0.017375,19.281109,0.008347,1.499995,0.019915,0.000000,0.000419,5552.356433,0.000000,0.496416,4.394960,0.239929,0.601877,0.130491,0.281887,0.016900,0.000000,0.000001,0.216702,0.001000
valid_low_friction_slip,0,9,1.0000,0,0,valid_low_friction_slip,0.019581,25.500242,0.000000,1.603554,0.030780,0.000000,0.000430,5357.028502,0.000000,0.559446,4.368208,0.298540,0.670631,0.202827,0.316058,0.017688,0.000000,0.000000,0.164837,0.001000
valid_low_friction_slip,0,10,1.0000,0,0,valid_low_friction_slip,0.015700,17.459449,0.006991,1.340748,0.016281,0.000000,0.000391,4031.039186,0.000000,0.448570,4.150960,0.291279,0.540188,0.141906,0.256532,0.012238,0.000000,0.000001,0.224869,0.001000
valid_low_friction_slip,0,11,1.0000,0,0,valid_low_friction_slip,0.019049,24.105828,0.009956,1.687583,0.026084,0.000000,0.000536,6698.805882,0.000000,0.544267,4.684659,0.254547,0.710828,0.161999,0.394153,0.013627,0.000000,0.000001,0.186596,0.001000
valid_low_friction_slip,0,12,1.0000,0,0,valid_low_friction_slip,0.016387,16.236850,0.000000,1.403534,0.022977,0.000000,0.000572,4082.798360,0.000000,0.468198,4.167094,0.455288,0.594755,0.217080,0.357703,0.014066,0.000000,0.000000,0.241755,0.001000
valid_low_friction_slip,0,13,1.0000,0,0,valid_low_friction_slip,0.017841,15.818688,0.000000,1.714881,0.025393,0.000000,0.000320,5260.887760,0.000000,0.509750,3.971459,0.394451,0.619689,0.210084,0.409647,0.017563,0.000000,0.000001,0.236134,0.001000
valid_low_friction_slip,1,0,1.0000,0,0,valid_low_friction_slip,0.015177,16.384473,0.000000,1.422897,0.022749,0.000000,0.000453,5579.616266,0.000000,0.433624,3.647049,0.243737,0.621378,0.133723,0.321421,0.016952,0.000000,0.000001,0.209788,0.001000
valid_low_friction_slip,1,1,1.0000,0,0,valid_low_friction_slip,0.017892,19.053951,0.000000,1.747827,0.036930,0.000000,0.000539,5052.208510,0.000000,0.511192,5.904966,0.471727,0.647099,0.224860,0.421371,0.016014,0.000000,0.000000,0.294454,0.001000
valid_low_friction_slip,1,2,1.0000,0,0,valid_low_friction_slip,0.019774,22.924830,0.017004,1.646458,0.023172,0.000000,0.000435,5155.467133,0.000000,0.564980,5.953248,0.368528,0.699923,0.230962,0.371126,0.016048,0.000000,0.000000,0.248831,0.001000
valid_low_friction_slip,1,3,1.0000,0,0,valid_low_friction_slip,0.019775,14.770229,0.000000,1.964533,0.015468,0.000000,0.000513,5221.466017,0.000000,0.565003,1.972588,0.209596,0.602127,0.095175,0.238576,0.015643,0.000000,0.000000,0.125083,0.001000
valid_low_friction_slip,1,4,1.0000,0,0,valid_low_friction_slip,0.020586,19.330545,0.000000,1.949222,0.026851,0.000000,0.000398,6393.778738,0.000000,0.588185,4.202880,0.474213,0.664700,0.227065,0.498250,0.017343,0.000000,0.000001,0.206727,0.001000
valid_low_friction_slip,1,5,1.0000,0,0,valid_low_friction_slip,0.018975,15.675282,0.000000,1.839723,0.047841,0.000000,0.000447,5318.248362,0.000000,0.542136,4.896409,0.426853,0.639375,0.219669,0.433743,0.018142,0.000000,0.000001,0.293633,0.001000
valid_low_friction_slip,1,6,1.0000,0,0,valid_low_friction_slip,0.015360,17.198030,0.000000,1.306225,0.014657,0.000000,0.000360,5849.086486,0.000000,0.438847,2.094592,0.130836,0.551416,0.068606,0.242277,0.016268,0.000000,0.000001,0.115100,0.001000
valid_low_friction_slip,1,7,1.0000,0,0,valid_low_friction_slip,0.017681,32.870648,0.000000,1.642101,0.018466,0.000000,0.000390,6129.118577,0.000000,0.505160,4.346294,0.232080,0.648799,0.144756,0.254572,0.015875,0.000000,0.000001,0.128320,0.001000
valid_low_friction_slip,1,8,1.0000,0,0,valid_low_friction_slip,0.019390,25.416554,0.014570,1.550552,0.019150,0.000000,0.000444,4781.136487,0.000000,0.553991,5.515210,0.300494,0.660928,0.189374,0.269170,0.016497,0.000000,0.000000,0.208779,0.001000
valid_low_friction_slip,1,9,1.0000,0,0,valid_low_friction_slip,0.017567,23.827563,0.008005,1.749605,0.016353,0.000000,0.000361,7414.136443,0.000000,0.501913,4.333460,0.232500,0.678238,0.152355,0.252543,0.012809,0.000000,0.000001,0.174542,0.001000
valid_low_friction_slip,1,10,1.0000,0,0,valid_low_friction_slip,0.016947,17.015904,0.000000,1.689689,0.014939,0.000000,0.000378,4904.512442,0.000000,0.484208,2.369072,0.138035,0.534042,0.068871,0.188908,0.014291,0.000000,0.000000,0.131499,0.001000
valid_low_friction_slip,1,11,1.0000,0,0,valid_low_friction_slip,0.018923,20.931291,0.015523,1.862159,0.027731,0.000000,0.000362,5464.127637,0.000000,0.540660,5.686625,0.579590,0.648513,0.366339,0.403919,0.015071,0.000000,0.000001,0.259293,0.001000
valid_low_friction_slip,1,12,1.0000,0,0,valid_low_friction_slip,0.017024,15.146940,0.002534,1.696006,0.023342,0.000000,0.000386,5847.115716,0.000000,0.486388,3.100474,0.416299,0.649982,0.233393,0.404698,0.016070,0.000000,0.000000,0.192016,0.001000
valid_low_friction_slip,1,13,1.0000,0,0,valid_low_friction_slip,0.020440,24.066427,0.000000,1.713002,0.053053,0.000000,0.000386,5235.897652,0.000000,0.584007,4.109543,0.464630,0.738171,0.288744,0.514217,0.017552,0.000000,0.000000,0.163946,0.001000
valid_low_friction_slip,2,0,1.0000,0,0,valid_low_friction_slip,0.017534,19.764027,0.011311,1.668051,0.026360,0.000000,0.000457,4829.641754,0.000000,0.500973,5.899047,0.560596,0.662546,0.299854,0.471494,0.014675,0.000000,0.000001,0.284099,0.001000
valid_low_friction_slip,2,1,1.0000,0,0,valid_low_friction_slip,0.018538,22.146819,0.000000,1.712360,0.017984,0.000000,0.000448,6947.319093,0.000000,0.529668,1.690797,0.178355,0.651362,0.082293,0.255774,0.015616,0.000000,0.000001,0.073047,0.001000
valid_low_friction_slip,2,2,1.0000,0,0,valid_low_friction_slip,0.017441,13.113578,0.000000,1.723604,0.015094,0.000000,0.000399,6210.632749,0.000000,0.498311,3.329454,0.298353,0.619331,0.130953,0.270879,0.011096,0.000000,0.000000,0.235904,0.001000
valid_low_friction_slip,2,3,1.0000,0,0,valid_low_friction_slip,0.018050,28.699109,0.000000,1.793490,0.025850,0.000000,0.000407,5923.968148,0.000000,0.515705,6.622658,0.396657,0.661577,0.255389,0.303212,0.012575,0.000000,0.000001,0.222992,0.001000
valid_low_friction_slip,2,4,1.0000,0,0,valid_low_friction_slip,0.019252,23.972502,0.012310,1.624570,0.020348,0.000000,0.000382,5805.587534,0.000000,0.550053,5.108371,0.239619,0.688045,0.145661,0.261882,0.015715,0.000000,0.000001,0.204560,0.001000
valid_low_friction_slip,2,5,1.0000,0,0,valid_low_friction_slip,0.020721,14.863704,0.000000,2.071618,0.023536,0.000000,0.000475,7901.297943,0.000000,0.592017,4.257924,0.257942,0.613411,0.131284,0.354206,0.016273,0.000000,0.000000,0.268407,0.001000
valid_low_friction_slip,2,6,1.0000,0,0,valid_low_friction_slip,0.019854,26.958053,0.011351,1.541501,0.020413,0.000000,0.000377,4989.115735,0.000000,0.567246,4.935771,0.380728,0.694600,0.263904,0.288179,0.015209,0.000000,0.000001,0.176542,0.001000
valid_low_friction_slip,2,7,1.0000,0,0,valid_low_friction_slip,0.020517,24.505974,0.000000,2.031942,0.022833,0.000000,0.000481,5271.362385,0.000000,0.586200,5.056269,0.197610,0.639781,0.139456,0.273005,0.014953,0.000000,0.000000,0.198239,0.001000
valid_low_friction_slip,2,8,1.0000,0,0,valid_low_friction_slip,0.017020,22.217060,0.009897,1.513154,0.018163,0.000000,0.000393,4740.536604,0.000000,0.486280,4.674056,0.231184,0.653241,0.126669,0.240706,0.017742,0.000000,0.000000,0.201320,0.001000
valid_low_friction_slip,2,9,1.0000,0,0,valid_low_friction_slip,0.018289,20.818098,0.007431,1.246316,0.016040,0.000000,0.000522,3799.333341,0.000000,0.522537,4.230194,0.248923,0.559998,0.130229,0.248571,0.016156,0.000000,0.000001,0.193885,0.001000
valid_low_friction_slip,2,10,1.0000,0,0,valid_low_friction_slip,0.018124,19.348581,0.015806,1.760684,0.027290,0.000000,0.000304,4839.594500,0.000000,0.517829,5.737684,0.651046,0.719085,0.349832,0.438299,0.017263,0.000000,0.000001,0.281970,0.001000
valid_low_friction_slip,2,11,1.0000,0,0,valid_low_friction_slip,0.016394,19.113670,0.000000,1.613525,0.017735,0.000000,0.000490,4734.798045,0.000000,0.468401,3.797932,0.313141,0.615342,0.171966,0.282513,0.015596,0.000000,0.000001,0.188823,0.001000
valid_low_friction_slip,2,12,1.0000,0,0,valid_low_friction_slip,0.019131,22.278453,0.010990,1.852672,0.025091,0.000000,0.000437,6215.757724,0.000000,0.546587,4.870730,0.438256,0.698914,0.254595,0.352138,0.014289,0.000000,0.000001,0.209238,0.001000
valid_low_friction_slip,2,13,1.0000,0,0,valid_low_friction_slip,0.017230,26.531040,0.010430,1.671600,0.020110,0.000000,0.000323,6393.595406,0.000000,0.492292,4.769987,0.240969,0.706481,0.152234,0.276914,0.016911,0.000000,0.000001,0.173259,0.001000
valid_low_friction_slip,3,0,1.0000,0,0,valid_low_friction_slip,0.016484,26.169015,0.000000,1.597928,0.043706,0.000000,0.000502,4528.972174,0.000000,0.470985,4.646866,0.442706,0.682973,0.252359,0.344127,0.016606,0.000000,0.000000,0.171036,0.001000
valid_low_friction_slip,3,1,1.0000,0,0,valid_low_friction_slip,0.021363,28.355432,0.000000,1.727852,0.019308,0.000000,0.000413,6531.838806,0.000000,0.610379,3.977410,0.141835,0.622795,0.108953,0.221905,0.015636,0.000000,0.000001,0.135491,0.001000
valid_low_friction_slip,3,2,1.0000,0,0,valid_low_friction_slip,0.016541,19.416513,0.011318,1.490493,0.022577,0.000000,0.000390,4069.851071,0.000000,0.472589,4.929718,0.386791,0.600087,0.197293,0.280200,0.015093,0.000000,0.000000,0.241457,0.001000
valid_low_friction_slip,3,3,1.0000,0,0,valid_low_friction_slip,0.019407,25.125334,0.011493,1.935359,0.018997,0.000000,0.000509,8003.035530,0.000000,0.554484,4.961303,0.212270,0.638108,0.133694,0.287596,0.014413,0.000000,0.000001,0.189904,0.001000
valid_low_friction_slip,3,4,1.0000,0,0,valid_low_friction_slip,0.015372,21.678120,0.012540,1.503903,0.026541,0.000000,0.000423,6600.661233,0.000000,0.439187,5.149729,0.287988,0.637250,0.188526,0.346435,0.015159,0.000000,0.000001,0.227079,0.001000
valid_low_friction_slip,3,5,1.0000,0,0,valid_low_friction_slip,0.017720,14.097571,0.000000,1.752903,0.010840,0.000000,0.000489,5199.448189,0.000000,0.506284,1.846349,0.168341,0.563691,0.074525,0.211184,0.013279,0.000000,0.000001,0.122294,0.001000
valid_low_friction_slip,3,6,1.0000,0,0,valid_low_friction_slip,0.016666,25.576690,0.009238,1.583096,0.016663,0.000000,0.000394,5962.838864,0.000000,0.476182,4.555358,0.172593,0.622800,0.108392,0.209805,0.016137,0.000000,0.000000,0.171404,0.001000
valid_low_friction_slip,3,7,1.0000,0,0,valid_low_friction_slip,0.016597,14.149452,0.011751,1.430223,0.049752,0.000000,0.000451,5286.981340,0.000000,0.474188,5.007741,0.457251,0.642096,0.206670,0.408221,0.019682,0.000000,0.000001,0.330556,0.001000
valid_low_friction_slip,3,8,1.0000,0,0,valid_low_friction_slip,0.024354,19.843595,0.011951,2.413899,0.029863,0.000000,0.000540,10822.936604,0.000000,0.695842,5.043704,0.365862,0.697085,0.240680,0.420643,0.013037,0.000000,0.000001,0.241979,0.001000
valid_low_friction_slip,3,9,1.0000,0,0,valid_low_friction_slip,0.019593,22.292275,0.012116,1.788671,0.017953,0.000000,0.000501,5263.784939,0.000000,0.559789,5.325204,0.396002,0.663229,0.209965,0.246015,0.014167,0.000000,0.000001,0.228625,0.001000
valid_low_friction_slip,3,10,1.0000,0,0,valid_low_friction_slip,0.020150,24.953871,0.014087,1.775589,0.027097,0.000000,0.000393,4479.343944,0.000000,0.575724,6.216214,0.730957,0.666123,0.428415,0.458143,0.017643,0.000000,0.000000,0.239510,0.001000
valid_low_friction_slip,3,11,1.0000,0,0,valid_low_friction_slip,0.015137,23.554681,0.017519,1.261453,0.028337,0.000000,0.000359,3338.898405,0.000000,0.432498,6.045998,0.547043,0.662099,0.318674,0.349830,0.016803,0.000000,0.000001,0.246226,0.001000
valid_low_friction_slip,3,12,1.0000,0,0,valid_low_friction_slip,0.016377,18.744696,0.009452,1.626396,0.020203,0.000000,0.000461,6224.834532,0.000000,0.467909,4.593961,0.304245,0.613352,0.169243,0.360921,0.013252,0.000000,0.000001,0.232668,0.001000
valid_low_friction_slip,3,13,1.0000,0,0,valid_low_friction_slip,0.020330,23.234996,0.009351,1.722023,0.025622,0.000000,0.000396,6334.835946,0.000000,0.580844,4.575660,0.263915,0.670792,0.155561,0.231694,0.019316,0.000000,0.000001,0.188804,0.001000
valid_low_friction_slip,4,0,1.0000,0,0,valid_low_friction_slip,0.020556,24.428694,0.000000,1.986691,0.015769,0.000000,0.000362,5800.263593,0.000000,0.587317,2.126006,0.202275,0.659195,0.094120,0.218317,0.014919,0.000000,0.000000,0.083607,0.001000
valid_low_friction_slip,4,1,1.0000,0,0,valid_low_friction_slip,0.017083,19.919606,0.014929,1.597578,0.025491,0.000000,0.000460,5704.973681,0.000000,0.488096,5.579693,0.412013,0.663814,0.254467,0.444985,0.016827,0.000000,0.000001,0.266721,0.001000
valid_low_friction_slip,4,2,1.0000,0,0,valid_low_friction_slip,0.016963,22.669687,0.013014,1.431740,0.016992,0.000000,0.000347,3894.155466,0.000000,0.484669,5.235025,0.327001,0.597867,0.193142,0.249571,0.014845,0.000000,0.000000,0.221170,0.001000
valid_low_friction_slip,4,3,1.0000,0,0,valid_low_friction_slip,0.018856,19.615353,0.000000,1.744847,0.017473,0.000000,0.000360,6296.310321,0.000000,0.538750,2.443064,0.198411,0.679132,0.099182,0.195703,0.014399,0.000000,0.000001,0.118507,0.001000
valid_low_friction_slip,4,4,1.0000,0,0,valid_low_friction_slip,0.017793,20.822743,0.006768,1.736583,0.017547,0.000000,0.000320,5578.002987,0.000000,0.508366,4.110739,0.317358,0.624150,0.167957,0.241058,0.016221,0.000000,0.000001,0.188369,0.001000
valid_low_friction_slip,4,5,1.0000,0,0,valid_low_friction_slip,0.018568,16.501456,0.009983,1.437718,0.030598,0.000000,0.000397,6024.367699,0.000000,0.530505,4.689550,0.288458,0.575914,0.153826,0.330657,0.018984,0.000000,0.000001,0.267952,0.001000
valid_low_friction_slip,4,6,1.0000,0,0,valid_low_friction_slip,0.016598,24.092827,0.012119,1.552646,0.022734,0.000000,0.000451,6882.521422,0.000000,0.474217,5.074019,0.270325,0.667668,0.181779,0.270798,0.014442,0.000000,0.000001,0.202210,0.001000
valid_low_friction_slip,4,7,1.0000,0,0,valid_low_friction_slip,0.019039,13.012410,0.000000,1.656653,0.026522,0.000000,0.000404,5872.560630,0.000000,0.543972,3.219969,0.396924,0.667686,0.195706,0.411437,0.012952,0.000000,0.000001,0.229794,0.001000
valid_low_friction_slip,4,8,1.0000,0,0,valid_low_friction_slip,0.019755,27.554167,0.000000,1.777196,0.023567,0.000000,0.000554,5755.559153,0.000000,0.564417,5.269427,0.320553,0.705945,0.220353,0.290522,0.014533,0.000000,0.000001,0.184541,0.001000
valid_low_friction_slip,4,9,1.0000,0,0,valid_low_friction_slip,0.018071,17.859815,0.000000,1.523909,0.025857,0.000000,0.000481,5229.775161,0.000000,0.516310,2.639627,0.273617,0.642279,0.135906,0.327289,0.014687,0.000000,0.000001,0.139960,0.001000
valid_low_friction_slip,4,10,1.0000,0,0,valid_low_friction_slip,0.018451,17.060720,0.011158,1.602494,0.026349,0.000000,0.000366,5145.988360,0.000000,0.527167,5.437993,0.544925,0.655204,0.313118,0.402674,0.016154,0.000000,0.000001,0.301095,0.001000
valid_low_friction_slip,4,11,1.0000,0,0,valid_low_friction_slip,0.021283,15.627651,0.010260,1.561610,0.027919,0.000000,0.000433,5991.044358,0.000000,0.608084,4.739343,0.413865,0.665614,0.242479,0.480592,0.020213,0.000000,0.000001,0.285028,0.001000
valid_low_friction_slip,4,12,1.0000,0,0,valid_low_friction_slip,0.019092,14.941114,0.000000,1.790400,0.022015,0.000000,0.000391,5531.291057,0.000000,0.545477,2.741847,0.463674,0.657436,0.228095,0.369494,0.014411,0.000000,0.000001,0.171998,0.001000
valid_low_friction_slip,4,13,1.0000,0,0,valid_low_friction_slip,0.017360,15.748458,0.000000,1.580729,0.012270,0.000000,0.000487,5510.110767,0.000000,0.496001,1.690012,0.125635,0.594302,0.070241,0.213630,0.013745,0.000000,0.000001,0.100906,0.001000
valid_low_friction_slip,5,0,1.0000,0,0,valid_low_friction_slip,0.016017,14.000709,0.000000,1.412741,0.022878,0.000000,0.000520,5332.598374,0.000000,0.457637,3.725989,0.407618,0.674951,0.209649,0.394293,0.015571,0.000000,0.000001,0.248387,0.001000
valid_low_friction_slip,5,1,1.0000,0,0,valid_low_friction_slip,0.023774,21.330672,0.000000,2.340011,0.011978,0.000000,0.000487,8893.177591,0.000000,0.679270,3.863829,0.240344,0.674116,0.124369,0.216097,0.014048,0.000000,0.000000,0.173028,0.001000
valid_low_friction_slip,5,2,1.0000,0,0,valid_low_friction_slip,0.018647,19.436601,0.010652,1.655905,0.021218,0.000000,0.000580,5474.801597,0.000000,0.532762,4.809986,0.282789,0.640576,0.158962,0.277843,0.022816,0.000000,0.000001,0.235361,0.001000
valid_low_friction_slip,5,3,1.0000,0,0,valid_low_friction_slip,0.018876,25.499632,0.000000,1.875197,0.016968,0.000000,0.000499,4987.889501,0.000000,0.539315,3.555788,0.353790,0.653277,0.174696,0.228788,0.015032,0.000000,0.000000,0.134183,0.001000
valid_low_friction_slip,5,4,1.0000,0,0,valid_low_friction_slip,0.018903,23.421957,0.000000,1.761271,0.024969,0.000000,0.000516,6581.894338,0.000000,0.540081,3.785919,0.451736,0.684837,0.278229,0.455353,0.013096,0.000000,0.000001,0.155021,0.001000
valid_low_friction_slip,5,5,1.0000,0,0,valid_low_friction_slip,0.022975,24.565794,0.000000,2.246697,0.025337,0.000000,0.000554,6350.075227,0.000000,0.656431,4.928485,0.343177,0.685263,0.223225,0.370848,0.015184,0.000000,0.000000,0.192777,0.001000
valid_low_friction_slip,5,6,1.0000,0,0,valid_low_friction_slip,0.016703,20.584258,0.000000,1.436396,0.016700,0.000000,0.000377,3989.520028,0.000000,0.477234,3.645983,0.377729,0.571207,0.190332,0.255249,0.015630,0.000000,0.000000,0.168919,0.001000
valid_low_friction_slip,5,7,1.0000,0,0,valid_low_friction_slip,0.018473,17.353576,0.000000,1.844457,0.021759,0.000000,0.000444,6377.689447,0.000000,0.527809,2.571542,0.280803,0.658346,0.133476,0.336016,0.018739,0.000000,0.000001,0.140111,0.001000
valid_low_friction_slip,5,8,1.0000,0,0,valid_low_friction_slip,0.016140,24.686868,0.000000,1.460089,0.014382,0.000000,0.000360,3996.702406,0.000000,0.461134,2.673932,0.225308,0.624043,0.113960,0.213045,0.017018,0.000000,0.000000,0.104097,0.001000
valid_low_friction_slip,5,9,1.0000,0,0,valid_low_friction_slip,0.018597,23.243793,0.011876,1.760277,0.029783,0.000000,0.000403,7882.360218,0.000000,0.531329,5.030298,0.280815,0.687486,0.164927,0.309938,0.018605,0.000000,0.000001,0.207488,0.001000
valid_low_friction_slip,5,10,1.0000,0,0,valid_low_friction_slip,0.019202,26.593213,0.007473,1.599867,0.023859,0.000000,0.000472,6717.829817,0.000000,0.548638,4.237632,0.242069,0.699557,0.154254,0.270811,0.013280,0.000000,0.000001,0.153575,0.001000
valid_low_friction_slip,5,11,1.0000,0,0,valid_low_friction_slip,0.016106,27.293472,0.012718,1.569865,0.019620,0.000000,0.000478,4418.011150,0.000000,0.460164,5.181812,0.341162,0.606231,0.215938,0.300322,0.017425,0.000000,0.000000,0.183145,0.001000
valid_low_friction_slip,5,12,1.0000,0,0,valid_low_friction_slip,0.017466,18.395054,0.012448,1.740963,0.022436,0.000000,0.000369,5495.161445,0.000000,0.499024,5.133229,0.363565,0.626519,0.203307,0.340110,0.015676,0.000000,0.000001,0.264667,0.001000
valid_low_friction_slip,5,13,1.0000,0,0,valid_low_friction_slip,0.018775,25.777469,0.000000,1.876340,0.023885,0.000000,0.000454,7871.219041,0.000000,0.536437,4.546127,0.179972,0.696600,0.130840,0.331350,0.018199,0.000000,0.000001,0.169774,0.001000
valid_low_friction_slip,6,0,1.0000,0,0,valid_low_friction_slip,0.017057,18.172334,0.000000,1.572825,0.024086,0.000000,0.000392,7007.781601,0.000000,0.487342,2.265633,0.170890,0.609455,0.088182,0.271178,0.015988,0.000000,0.000001,0.118172,0.001000
valid_low_friction_slip,6,1,1.0000,0,0,valid_low_friction_slip,0.021061,20.103830,0.016041,2.039892,0.028225,0.000000,0.000472,6616.135552,0.000000,0.601755,5.779954,0.563494,0.691562,0.339339,0.349723,0.016083,0.000000,0.000000,0.273882,0.001000
valid_low_friction_slip,6,2,1.0000,0,0,valid_low_friction_slip,0.019472,20.816318,0.000000,1.943961,0.031719,0.000000,0.000437,5674.424995,0.000000,0.556352,4.159069,0.466458,0.728368,0.272628,0.404851,0.014411,0.000000,0.000000,0.190640,0.001000
valid_low_friction_slip,6,3,1.0000,0,0,valid_low_friction_slip,0.023582,21.830688,0.014361,1.734371,0.031747,0.000000,0.000431,6693.838289,0.000000,0.673769,5.477552,0.352866,0.667866,0.232789,0.346131,0.016511,0.000000,0.000001,0.239921,0.001000
valid_low_friction_slip,6,4,1.0000,0,0,valid_low_friction_slip,0.019169,22.733783,0.000000,1.536778,0.031069,0.000000,0.000392,4674.995289,0.000000,0.547687,3.124748,0.309349,0.640338,0.184565,0.266276,0.016208,0.000000,0.000001,0.131658,0.001000
valid_low_friction_slip,6,5,1.0000,0,0,valid_low_friction_slip,0.017509,25.452354,0.009388,1.429197,0.017268,0.000000,0.000422,4519.917430,0.000000,0.500265,4.582315,0.275661,0.629350,0.183353,0.233847,0.014644,0.000000,0.000001,0.173229,0.001000
valid_low_friction_slip,6,6,1.0000,0,0,valid_low_friction_slip,0.014234,20.161839,0.016283,1.195560,0.018635,0.000000,0.000542,3724.159560,0.000000,0.406677,5.823418,0.547537,0.651978,0.331568,0.420375,0.017543,0.000000,0.000001,0.275185,0.001000
valid_low_friction_slip,6,7,1.0000,0,0,valid_low_friction_slip,0.018304,16.418759,0.000000,1.266595,0.034034,0.000000,0.000439,4555.682357,0.000000,0.522980,3.346086,0.438289,0.598461,0.227854,0.383816,0.015957,0.000000,0.000001,0.192097,0.001000
valid_low_friction_slip,6,8,1.0000,0,0,valid_low_friction_slip,0.016722,24.403753,0.007404,1.671554,0.014835,0.000000,0.000468,7230.029243,0.000000,0.477763,4.225268,0.237018,0.655554,0.155994,0.245785,0.014024,0.000000,0.000001,0.166325,0.001000
valid_low_friction_slip,6,9,1.0000,0,0,valid_low_friction_slip,0.018099,21.836671,0.000000,1.567232,0.019658,0.000000,0.000668,4376.617335,0.000000,0.517124,3.648974,0.312414,0.625088,0.132453,0.267092,0.018667,0.000000,0.000000,0.159786,0.001000
valid_low_friction_slip,6,10,1.0000,0,0,valid_low_friction_slip,0.019976,15.175977,0.000000,1.965224,0.025356,0.000000,0.000422,7956.055240,0.000000,0.570744,2.913310,0.322643,0.685250,0.175605,0.435017,0.014436,0.000000,0.000001,0.180101,0.001000
valid_low_friction_slip,6,11,1.0000,0,0,valid_low_friction_slip,0.018622,21.332269,0.000000,1.840599,0.015294,0.000000,0.000393,7207.175073,0.000000,0.532050,2.843671,0.176198,0.664120,0.102988,0.230827,0.013771,0.000000,0.000001,0.127335,0.001000
valid_low_friction_slip,6,12,1.0000,0,0,valid_low_friction_slip,0.019452,27.591507,0.000000,1.598075,0.043432,0.000000,0.000468,4155.870008,0.000000,0.555768,6.456428,0.561379,0.690289,0.286877,0.407369,0.014577,0.000000,0.000001,0.225816,0.001000
valid_low_friction_slip,6,13,1.0000,0,0,valid_low_friction_slip,0.017854,17.760834,0.000000,1.754910,0.018337,0.000000,0.000335,6126.177961,0.000000,0.510105,2.152021,0.294138,0.662049,0.157959,0.336333,0.013131,0.000000,0.000001,0.114708,0.001000
valid_low_friction_slip,7,0,1.0000,0,0,valid_low_friction_slip,0.021227,22.701949,0.015498,2.118503,0.031848,0.000000,0.000376,6536.900100,0.000000,0.606487,5.682099,0.384321,0.707917,0.235385,0.412582,0.018684,0.000000,0.000000,0.239731,0.001000
valid_low_friction_slip,7,1,1.0000,0,0,valid_low_friction_slip,0.021739,21.651197,0.012671,2.173420,0.034539,0.000000,0.000527,6106.117243,0.000000,0.621110,5.173254,0.464409,0.635147,0.260003,0.335532,0.014560,0.000000,0.000000,0.228388,0.001000
valid_low_friction_slip,7,2,1.0000,0,0,valid_low_friction_slip,0.018351,21.233708,0.000000,1.834988,0.026268,0.000000,0.000419,6650.772553,0.000000,0.524315,5.160912,0.358249,0.719624,0.242026,0.408138,0.016460,0.000000,0.000001,0.232121,0.001000
valid_low_friction_slip,7,3,1.0000,0,0,valid_low_friction_slip,0.019976,26.051513,0.000000,1.997270,0.026957,0.000000,0.000525,6582.790797,0.000000,0.570737,4.111865,0.207014,0.675361,0.133993,0.298504,0.013843,0.000000,0.000001,0.152001,0.001000
valid_low_friction_slip,7,4,1.0000,0,0,valid_low_friction_slip,0.023346,25.472343,0.015826,1.917821,0.038372,0.000000,0.000380,5385.262748,0.000000,0.667020,6.116004,0.518876,0.657591,0.318340,0.436707,0.016033,0.000000,0.000000,0.231034,0.001000
valid_low_friction_slip,7,5,1.0000,0,0,valid_low_friction_slip,0.018836,17.949626,0.000000,1.828264,0.024539,0.000000,0.000374,5145.731979,0.000000,0.538184,3.958199,0.501551,0.649930,0.258155,0.418140,0.018408,0.000000,0.000000,0.208880,0.001000
valid_low_friction_slip,7,6,1.0000,0,0,valid_low_friction_slip,0.015452,15.786023,0.000000,1.494679,0.020453,0.000000,0.000406,5078.672653,0.000000,0.441497,1.924751,0.258762,0.563879,0.123362,0.313712,0.016864,0.000000,0.000001,0.114664,0.001000
valid_low_friction_slip,7,7,1.0000,0,0,valid_low_friction_slip,0.016931,22.333506,0.000000,1.566977,0.023742,0.000000,0.000424,4051.305959,0.000000,0.483745,3.687019,0.357506,0.627245,0.166358,0.262761,0.014699,0.000000,0.000000,0.158014,0.001000
valid_low_friction_slip,7,8,1.0000,0,0,valid_low_friction_slip,0.014501,24.777997,0.000000,1.449271,0.013877,0.000000,0.000434,4695.028298,0.000000,0.414302,2.430263,0.249860,0.604371,0.128482,0.198849,0.014828,0.000000,0.000001,0.094277,0.001000
valid_low_friction_slip,7,9,1.0000,0,0,valid_low_friction_slip,0.018582,22.207676,0.015045,1.848488,0.023856,0.000000,0.000438,5635.593378,0.000000,0.530917,5.600597,0.494741,0.698341,0.272775,0.331223,0.016283,0.000000,0.000001,0.241325,0.001000
valid_low_friction_slip,7,10,1.0000,0,0,valid_low_friction_slip,0.021433,27.092361,0.010635,1.937892,0.020599,0.000000,0.000402,6750.512909,0.000000,0.612367,4.806909,0.233815,0.732814,0.161596,0.277138,0.014841,0.000000,0.000001,0.171111,0.001000
valid_low_friction_slip,7,11,1.0000,0,0,valid_low_friction_slip,0.016859,14.522978,0.000000,1.644585,0.022181,0.000000,0.000475,6263.817618,0.000000,0.481674,3.760521,0.294083,0.643306,0.125384,0.326737,0.013776,0.000000,0.000001,0.242255,0.001000
valid_low_friction_slip,7,12,1.0000,0,0,valid_low_friction_slip,0.015377,19.222087,0.009167,1.339268,0.014050,0.000000,0.000361,4117.304662,0.000000,0.439339,4.542673,0.290718,0.570067,0.143231,0.234683,0.013832,0.000000,0.000001,0.224639,0.001000
valid_low_friction_slip,7,13,1.0000,0,0,valid_low_friction_slip,0.020559,19.466470,0.000000,1.680105,0.036885,0.000000,0.000443,4576.326239,0.000000,0.587397,4.538847,0.545980,0.666385,0.283956,0.464507,0.017411,0.000000,0.000000,0.221770,0.001000
contact_corruption,0,0,1.0000,1,1,contact_corruption,0.007831,24.887813,2.489184,0.706359,0.007506,0.000000,0.010391,2116.401823,0.000000,0.223756,450.000000,39.430857,0.315883,0.083030,0.102055,0.005151,0.000000,0.000001,17.382697,0.001000
contact_corruption,0,1,1.0000,1,1,contact_corruption,0.008452,35.176721,2.489248,0.666498,0.019792,0.000000,0.010180,1083.663669,0.000000,0.241479,453.410608,40.121440,0.308797,0.221105,0.191154,0.004892,0.000000,0.001283,12.533215,0.001000
contact_corruption,0,2,1.0000,1,1,contact_corruption,0.011085,51.123385,2.516002,1.102556,0.039929,0.000000,0.010163,1608.005760,0.000000,0.316720,459.663342,40.761152,0.368947,0.330977,0.302716,0.005148,0.000000,0.000001,8.818755,0.001000
contact_corruption,0,3,1.0000,1,1,contact_corruption,0.009179,28.667478,2.496151,0.662958,0.019369,0.000000,0.010864,883.125773,0.000000,0.262245,452.673185,40.429583,0.331016,0.342342,0.219971,0.006288,0.000000,0.099518,15.258229,0.001000
contact_corruption,0,4,1.0000,1,1,contact_corruption,0.009384,26.755463,2.487937,0.736954,0.019856,0.000000,0.010000,747.940253,0.000000,0.268128,451.079406,40.692088,0.336188,0.477237,0.281886,0.009351,0.000000,0.365580,16.251915,0.001000
contact_corruption,0,5,1.0000,1,1,contact_corruption,0.010947,40.736332,2.465892,0.745036,0.028630,0.000000,0.010000,859.644289,0.000000,0.312771,457.032059,41.353137,0.312792,0.385990,0.263574,0.006635,0.000000,0.001149,10.950461,0.001000
contact_corruption,0,6,1.0000,1,1,contact_corruption,0.007348,33.033573,2.503315,0.667699,0.019597,0.000000,0.010159,748.321361,0.000000,0.209955,455.800748,40.695976,0.309505,0.427236,0.256826,0.005516,0.000000,0.418798,13.392680,0.001000
contact_corruption,0,7,1.0000,1,1,contact_corruption,0.007053,31.973820,2.494798,0.705280,0.017530,0.000000,0.010255,1466.705382,0.000000,0.201522,451.476020,40.141425,0.279416,0.235052,0.173227,0.005213,0.000000,0.093728,13.691954,0.001000
contact_corruption,0,8,1.0000,1,1,contact_corruption,0.009565,43.758213,2.473385,0.818410,0.016468,0.000000,0.010126,1862.194765,0.000000,0.273275,450.000000,40.181458,0.365647,0.349447,0.249226,0.005614,0.000000,0.000795,10.054021,0.001000
contact_corruption,0,9,1.0000,1,1,contact_corruption,0.007487,25.758289,2.495167,0.748657,0.011378,0.000000,0.010243,1813.378732,0.000000,0.213906,451.002000,39.558949,0.335397,0.133354,0.124503,0.005997,0.000000,0.000286,16.854665,0.001000
contact_corruption,0,10,1.0000,1,1,contact_corruption,0.007196,29.136740,2.484745,0.390078,0.009698,0.000000,0.010483,463.193381,0.000000,0.205589,453.457512,40.574287,0.301932,0.388306,0.131937,0.004794,0.000000,0.290138,15.046668,0.001000
contact_corruption,0,11,1.0000,1,1,contact_corruption,0.008284,37.330871,2.483917,0.564092,0.017713,0.000000,0.010000,583.877180,0.000000,0.236692,452.649260,40.549037,0.305334,0.373999,0.187532,0.005452,0.000000,0.260521,11.809000,0.001000
contact_corruption,0,12,1.0000,1,1,contact_corruption,0.008008,35.761751,2.505184,0.794614,0.021494,0.000000,0.010133,2088.978862,0.000000,0.228799,453.362272,39.753383,0.304848,0.153441,0.181317,0.005233,0.000000,0.000001,12.332445,0.001000
contact_corruption,0,13,1.0000,1,1,contact_corruption,0.008695,38.624275,2.482797,0.576335,0.017421,0.000000,0.010000,575.119470,0.000000,0.248440,451.777621,40.550298,0.318289,0.398968,0.254641,0.006031,0.000000,0.369764,11.401537,0.001000
contact_corruption,1,0,1.0000,1,1,contact_corruption,0.008038,25.314777,2.497474,0.679390,0.010011,0.000000,0.010087,1079.620472,0.000000,0.229652,451.739820,39.927833,0.299881,0.181063,0.126809,0.005458,0.000000,0.000560,17.166773,0.001000
contact_corruption,1,1,1.0000,1,1,contact_corruption,0.006854,23.618481,2.483635,0.650032,0.010969,0.000000,0.010382,1172.443886,0.000000,0.195836,451.689404,39.827245,0.285339,0.161008,0.125464,0.004950,0.000000,0.172030,18.347574,0.001000
contact_corruption,1,2,1.0000,1,1,contact_corruption,0.007806,31.718541,2.501705,0.437661,0.019017,0.000000,0.010315,501.124599,0.000000,0.223019,454.598952,40.860549,0.281948,0.417393,0.250427,0.004900,0.000000,0.317720,13.894230,0.001000
contact_corruption,1,3,1.0000,1,1,contact_corruption,0.008400,34.873422,2.504807,0.799152,0.014893,0.000000,0.010000,904.265667,0.000000,0.239988,453.021810,40.137794,0.332911,0.289132,0.189589,0.006092,0.000000,0.234177,12.628341,0.001000
contact_corruption,1,4,1.0000,1,1,contact_corruption,0.008869,44.978141,2.478630,0.837777,0.011698,0.000000,0.010131,1291.931927,0.000000,0.253389,450.000000,40.001015,0.355963,0.218670,0.210916,0.005533,0.000000,0.000937,9.787260,0.001000
contact_corruption,1,5,1.0000,1,1,contact_corruption,0.009916,41.165706,2.474681,0.755569,0.023608,0.000000,0.010084,959.967029,0.000000,0.283309,451.638978,40.690061,0.379095,0.514334,0.299211,0.005506,0.000000,0.163617,10.711050,0.001000
contact_corruption,1,6,1.0000,1,1,contact_corruption,0.009799,30.628253,2.494089,0.661349,0.011063,0.000000,0.010082,954.561164,0.000000,0.279966,458.218051,39.971505,0.336504,0.196918,0.152123,0.005024,0.000000,0.000004,14.487618,0.001000
contact_corruption,1,7,1.0000,1,1,contact_corruption,0.007428,25.426239,2.493341,0.740566,0.018335,0.000000,0.010389,1408.884771,0.000000,0.212232,453.277133,40.337350,0.326386,0.356408,0.223048,0.005793,0.000000,0.208635,17.152541,0.001000
contact_corruption,1,8,1.0000,1,1,contact_corruption,0.009289,34.608607,2.492746,0.570577,0.013559,0.000000,0.010000,598.952977,0.000000,0.265390,451.729935,40.360949,0.281348,0.234462,0.158241,0.007417,0.000000,0.190835,12.685976,0.001000
contact_corruption,1,9,1.0000,1,1,contact_corruption,0.011895,42.277318,2.498337,0.829717,0.030842,0.000000,0.010000,886.861945,0.000000,0.339865,451.861841,40.700603,0.327431,0.307910,0.293609,0.006009,0.000000,0.007653,10.441078,0.001000
contact_corruption,1,10,1.0000,1,1,contact_corruption,0.011668,45.186408,2.478334,1.100351,0.033112,0.000000,0.010000,1184.125495,0.000000,0.333381,454.053670,40.852439,0.353474,0.329969,0.334907,0.009145,0.000000,0.000915,9.830894,0.001000
contact_corruption,1,11,1.0000,1,1,contact_corruption,0.010066,44.318643,2.499209,0.550282,0.035605,0.000000,0.010000,566.268306,0.000000,0.287591,455.521167,40.538507,0.373363,0.472435,0.292137,0.010745,0.000000,0.334270,10.051518,0.001000
contact_corruption,1,12,1.0000,1,1,contact_corruption,0.007013,26.118374,2.485914,0.700882,0.007353,0.000000,0.010280,1705.659573,0.000000,0.200368,451.060199,39.506358,0.273228,0.086565,0.087977,0.005046,0.000000,0.000468,16.633010,0.001000
contact_corruption,1,13,1.0000,1,1,contact_corruption,0.007826,41.908505,2.479621,0.751191,0.009233,0.000000,0.010168,1243.931915,0.000000,0.223610,450.000000,39.722596,0.320992,0.146963,0.125586,0.004821,0.000000,0.166966,10.487431,0.001000
contact_corruption,2,0,1.0000,1,1,contact_corruption,0.008301,32.441992,2.504954,0.815530,0.013687,0.000000,0.010485,1196.122784,0.000000,0.237165,454.270581,40.258055,0.341224,0.227186,0.194267,0.005568,0.000000,0.000008,13.583838,0.001000
contact_corruption,2,1,1.0000,1,1,contact_corruption,0.011435,42.539558,2.494160,0.770540,0.023122,0.000000,0.010192,956.852285,0.000000,0.326716,456.331572,40.709881,0.360238,0.368198,0.294104,0.007995,0.000000,0.000311,10.480850,0.001000
contact_corruption,2,2,1.0000,1,1,contact_corruption,0.007946,40.394665,2.499846,0.653290,0.032816,0.000000,0.010336,690.921731,0.000000,0.227016,452.047680,41.248313,0.326674,0.636635,0.319550,0.005260,0.000000,0.388537,10.920433,0.001000
contact_corruption,2,3,1.0000,1,1,contact_corruption,0.007724,29.537856,2.490137,0.655053,0.010119,0.000000,0.010255,821.142929,0.000000,0.220672,452.180531,40.016649,0.308644,0.245502,0.121261,0.004985,0.000000,0.324021,14.807213,0.001000
contact_corruption,2,4,1.0000,1,1,contact_corruption,0.011907,59.076569,2.506779,0.766841,0.050847,0.000000,0.010695,981.512118,0.000000,0.340205,471.312639,40.998609,0.378804,0.454745,0.299693,0.006601,0.000000,0.000639,7.845199,0.001000
contact_corruption,2,5,1.0000,1,1,contact_corruption,0.011704,59.882620,2.542637,0.970214,0.038004,0.000000,0.010958,1146.897961,0.000000,0.334400,462.455657,41.615797,0.321531,0.291595,0.290008,0.010038,0.000000,0.000001,7.595857,0.001000
contact_corruption,2,6,1.0000,1,1,contact_corruption,0.007668,21.000308,2.505074,0.666614,0.013826,0.000000,0.010208,1214.504329,0.000000,0.219097,453.094765,40.089212,0.285562,0.223646,0.146082,0.005623,0.000000,0.144849,20.594928,0.001000
contact_corruption,2,7,1.0000,1,1,contact_corruption,0.009989,45.735471,2.466842,0.965645,0.018129,0.000000,0.010000,994.574786,0.000000,0.285389,450.915451,40.508257,0.358913,0.429947,0.233546,0.009787,0.000000,0.311435,9.648249,0.001000
contact_corruption,2,8,1.0000,1,1,contact_corruption,0.007464,36.614378,2.475303,0.727175,0.008025,0.000000,0.010320,1998.551386,0.000000,0.213248,450.000000,39.352858,0.326184,0.063443,0.111759,0.005298,0.000000,0.000001,11.963510,0.001000
contact_corruption,2,9,1.0000,1,1,contact_corruption,0.008631,34.178807,2.482306,0.710290,0.010059,0.000000,0.010000,1106.871613,0.000000,0.246600,450.627702,39.941959,0.372020,0.293430,0.153096,0.004920,0.000000,0.244393,12.809636,0.001000
contact_corruption,2,10,1.0000,1,1,contact_corruption,0.008073,31.622197,2.498800,0.549506,0.021900,0.000000,0.010000,590.519018,0.000000,0.230643,453.819980,40.415380,0.321894,0.363506,0.206833,0.009835,0.000000,0.404027,13.911386,0.001000
contact_corruption,2,11,1.0000,1,1,contact_corruption,0.011090,44.713248,2.478836,1.060889,0.018199,0.000000,0.010850,1335.046379,0.000000,0.316862,450.000000,40.749660,0.331717,0.211386,0.240150,0.006574,0.000000,0.000707,9.843974,0.001000
contact_corruption,2,12,1.0000,1,1,contact_corruption,0.009657,25.579446,2.477883,0.965650,0.021389,0.000000,0.010514,1321.307158,0.000000,0.275906,451.722169,40.951827,0.335928,0.391915,0.291263,0.005238,0.000000,0.012095,16.995169,0.001000
contact_corruption,2,13,1.0000,1,1,contact_corruption,0.008263,48.201585,2.494163,0.776320,0.025988,0.000000,0.010252,1185.222921,0.000000,0.236073,455.616073,40.187695,0.299454,0.275733,0.186890,0.005108,0.000000,0.210611,9.260191,0.001000
contact_corruption,3,0,1.0000,1,1,contact_corruption,0.008797,39.360818,2.487216,0.411705,0.013943,0.000000,0.010295,443.314805,0.000000,0.251342,454.861276,40.870080,0.284827,0.405493,0.245190,0.008131,0.000000,0.228521,11.269873,0.001000
contact_corruption,3,1,1.0000,1,1,contact_corruption,0.007093,26.314085,2.472125,0.623025,0.011961,0.000000,0.010003,683.882326,0.000000,0.202670,451.274021,40.265525,0.291449,0.287945,0.149435,0.005611,0.000000,0.316583,16.521660,0.001000
contact_corruption,3,2,1.0000,1,1,contact_corruption,0.010624,30.637375,2.492625,0.903993,0.020570,0.000000,0.010313,1368.155796,0.000000,0.303551,456.205212,40.288775,0.397339,0.295874,0.283056,0.005621,0.000000,0.000002,14.419819,0.001000
contact_corruption,3,3,1.0000,1,1,contact_corruption,0.007984,44.346881,2.502815,0.756406,0.034862,0.000000,0.010018,1300.284182,0.000000,0.228126,454.748079,40.209969,0.341330,0.322523,0.227654,0.005483,0.000000,0.032886,10.028211,0.001000
contact_corruption,3,4,1.0000,1,1,contact_corruption,0.007697,32.435776,2.484705,0.659723,0.010471,0.000000,0.010163,958.759439,0.000000,0.219912,450.451916,39.934588,0.293696,0.177155,0.127277,0.004751,0.000000,0.106290,13.472154,0.001000
contact_corruption,3,5,1.0000,1,1,contact_corruption,0.008255,51.299919,2.474262,0.551480,0.011442,0.000000,0.010375,770.286069,0.000000,0.235851,451.367036,40.181391,0.277352,0.191974,0.158277,0.005880,0.000000,0.081385,8.630358,0.001000
contact_corruption,3,6,1.0000,1,1,contact_corruption,0.008418,33.166331,2.484252,0.613659,0.018893,0.000000,0.010000,758.757722,0.000000,0.240525,451.426006,40.414711,0.333234,0.382420,0.223612,0.005206,0.000000,0.407011,13.212598,0.001000
contact_corruption,3,7,1.0000,1,1,contact_corruption,0.008058,32.266514,2.504029,0.674962,0.014195,0.000000,0.010224,1206.733133,0.000000,0.230220,452.081514,39.881685,0.319768,0.215507,0.152847,0.005704,0.000000,0.011695,13.589687,0.001000
contact_corruption,3,8,1.0000,1,1,contact_corruption,0.009355,49.177896,2.494684,0.706530,0.014399,0.000000,0.010542,886.268557,0.000000,0.267278,452.077440,40.323666,0.322051,0.307912,0.197448,0.005556,0.000000,0.242761,9.009494,0.001000
contact_corruption,3,9,1.0000,1,1,contact_corruption,0.007432,33.693550,2.497379,0.701783,0.013070,0.000000,0.010359,1534.109235,0.000000,0.212333,452.493916,39.955716,0.331338,0.249606,0.178665,0.005031,0.000000,0.000437,13.042595,0.001000
contact_corruption,3,10,1.0000,1,1,contact_corruption,0.008186,31.028199,2.472569,0.636133,0.012814,0.000000,0.010333,1022.455865,0.000000,0.233886,451.040904,40.205183,0.301986,0.239819,0.179757,0.005648,0.000000,0.001308,14.082618,0.001000
contact_corruption,3,11,1.0000,1,1,contact_corruption,0.008859,40.367328,2.493475,0.807055,0.022019,0.000000,0.010042,2082.350808,0.000000,0.253109,450.133406,39.731649,0.358252,0.180833,0.212819,0.005018,0.000000,0.000003,10.881375,0.001000
contact_corruption,3,12,1.0000,1,1,contact_corruption,0.010797,35.244268,2.541237,0.790636,0.015735,0.000000,0.010270,848.281735,0.000000,0.308480,461.372876,40.534565,0.294541,0.233749,0.160855,0.009944,0.000000,0.073774,12.729540,0.001000
contact_corruption,3,13,1.0000,1,1,contact_corruption,0.008661,27.971783,2.477786,0.746611,0.014030,0.000000,0.010211,960.418609,0.000000,0.247445,453.938232,40.163433,0.314455,0.248873,0.162143,0.005097,0.000000,0.111141,15.668288,0.001000
contact_corruption,4,0,1.0000,1,1,contact_corruption,0.008488,26.100112,2.489345,0.766721,0.007014,0.000000,0.010241,2253.703589,0.000000,0.242525,450.933084,39.424933,0.369716,0.100330,0.125697,0.005486,0.000000,0.000001,16.639529,0.001000
contact_corruption,4,1,1.0000,1,1,contact_corruption,0.006768,36.604337,2.503578,0.676634,0.019228,0.000000,0.010192,1572.512043,0.000000,0.193362,453.493209,39.955946,0.271304,0.190149,0.147666,0.004956,0.000000,0.000759,12.059598,0.001000
contact_corruption,4,2,1.0000,1,1,contact_corruption,0.010419,73.297503,2.539308,0.945758,0.073515,0.000000,0.010665,1390.621282,0.000000,0.297685,462.125325,40.926926,0.388757,0.318960,0.340230,0.006147,0.000000,0.000001,6.219931,0.001000
contact_corruption,4,3,1.0000,1,1,contact_corruption,0.008125,29.233467,2.493234,0.764488,0.022315,0.000000,0.010270,1019.430509,0.000000,0.232146,456.159081,40.709509,0.323922,0.348083,0.317757,0.005420,0.000000,0.051552,15.087885,0.001000
contact_corruption,4,4,1.0000,1,1,contact_corruption,0.009693,46.294511,2.481879,0.961819,0.030720,0.000000,0.010337,1080.481089,0.000000,0.276932,452.100833,40.695985,0.357837,0.450434,0.335710,0.005173,0.000000,0.279271,9.559267,0.001000
contact_corruption,4,5,1.0000,1,1,contact_corruption,0.008704,42.480085,2.488143,0.395672,0.015282,0.000000,0.010000,400.525989,0.000000,0.248673,453.590455,41.018113,0.280886,0.477183,0.251145,0.008348,0.000000,0.349408,10.432143,0.001000
contact_corruption,4,6,1.0000,1,1,contact_corruption,0.009411,40.687296,2.493626,0.585215,0.024486,0.000000,0.010000,629.161977,0.000000,0.268894,453.676384,40.825457,0.344372,0.519428,0.309113,0.010236,0.000000,0.344889,10.882845,0.001000
contact_corruption,4,7,1.0000,1,1,contact_corruption,0.007541,26.819207,2.485347,0.752092,0.011579,0.000000,0.010336,2118.279581,0.000000,0.215468,451.741624,39.616102,0.293620,0.122058,0.143180,0.005104,0.000000,0.000008,16.238479,0.001000
contact_corruption,4,8,1.0000,1,1,contact_corruption,0.008441,35.522786,2.501526,0.841970,0.007699,0.000000,0.010260,1629.462221,0.000000,0.241176,454.193132,39.985218,0.372696,0.300038,0.129686,0.005454,0.000000,0.109202,12.435884,0.001000
contact_corruption,4,9,1.0000,1,1,contact_corruption,0.010830,45.037453,2.493074,0.629655,0.029396,0.000000,0.010221,749.272418,0.000000,0.309420,457.276434,40.666904,0.300079,0.291950,0.205635,0.007237,0.000000,0.023622,9.932705,0.001000
contact_corruption,4,10,1.0000,1,1,contact_corruption,0.007916,35.354596,2.493093,0.789785,0.013406,0.000000,0.010371,1580.459099,0.000000,0.226161,452.836090,39.773663,0.373133,0.217655,0.163597,0.004332,0.000000,0.000002,12.456089,0.001000
contact_corruption,4,11,1.0000,1,1,contact_corruption,0.009383,34.743015,2.479901,0.806541,0.022809,0.000000,0.010216,1186.194016,0.000000,0.268097,454.401679,41.019903,0.361805,0.630472,0.317404,0.005221,0.000000,0.088113,12.713020,0.001000
contact_corruption,4,12,1.0000,1,1,contact_corruption,0.007919,32.533062,2.489894,0.791928,0.013315,0.000000,0.010225,2216.227523,0.000000,0.226269,450.734567,39.419425,0.344919,0.091570,0.124295,0.005393,0.000000,0.000001,13.441497,0.001000
contact_corruption,4,13,1.0000,1,1,contact_corruption,0.007267,39.719473,2.495839,0.725502,0.012587,0.000000,0.010229,1620.081826,0.000000,0.207615,450.000000,40.013894,0.289090,0.210791,0.193672,0.005208,0.000000,0.001112,11.051224,0.001000
contact_corruption,5,0,1.0000,1,1,contact_corruption,0.009594,52.381392,2.482266,0.786984,0.027722,0.000000,0.010345,817.993664,0.000000,0.274113,451.696726,40.672666,0.355780,0.418340,0.360848,0.010418,0.000000,0.253963,8.461689,0.001000
contact_corruption,5,1,1.0000,1,1,contact_corruption,0.008875,25.786365,2.476766,0.802031,0.011139,0.000000,0.010204,1338.197890,0.000000,0.253583,451.053186,39.886326,0.367913,0.233712,0.135399,0.005156,0.000000,0.000766,16.838910,0.001000
contact_corruption,5,2,1.0000,1,1,contact_corruption,0.008482,45.941025,2.488538,0.708592,0.020065,0.000000,0.010235,1122.231952,0.000000,0.242348,452.748895,39.901572,0.283810,0.161941,0.143949,0.005282,0.000000,0.061736,9.645058,0.001000
contact_corruption,5,3,1.0000,1,1,contact_corruption,0.012440,49.019137,2.505965,0.989952,0.019917,0.000000,0.010610,1402.624942,0.000000,0.355428,455.526378,40.436938,0.383557,0.325011,0.250772,0.007510,0.000000,0.000003,9.107042,0.001000
contact_corruption,5,4,1.0000,1,1,contact_corruption,0.008125,32.646765,2.487063,0.718899,0.015261,0.000000,0.010296,2067.335773,0.000000,0.232146,451.132862,39.592808,0.316748,0.126971,0.161580,0.004721,0.000000,0.000001,13.407912,0.001000
contact_corruption,5,5,1.0000,1,1,contact_corruption,0.008880,37.967840,2.490377,0.835571,0.017120,0.000000,0.010028,1264.021039,0.000000,0.253724,450.999280,39.993696,0.373343,0.254655,0.211928,0.004761,0.000000,0.059110,11.573628,0.001000
contact_corruption,5,6,1.0000,1,1,contact_corruption,0.008757,49.651954,2.484559,0.805193,0.014246,0.000000,0.010325,2039.805654,0.000000,0.250200,450.000000,39.622356,0.368224,0.155540,0.187503,0.005069,0.000000,0.000001,8.884159,0.001000
contact_corruption,5,7,1.0000,1,1,contact_corruption,0.008000,28.410608,2.484410,0.671001,0.015036,0.000000,0.010252,978.255341,0.000000,0.228561,456.999042,40.461345,0.282819,0.222973,0.178724,0.005545,0.000000,0.000660,15.538578,0.001000
contact_corruption,5,8,1.0000,1,1,contact_corruption,0.007965,34.520110,2.497067,0.790232,0.011321,0.000000,0.010235,1628.165638,0.000000,0.227571,452.292395,39.760923,0.358747,0.198129,0.138697,0.005151,0.000000,0.000008,12.733418,0.001000
contact_corruption,5,9,1.0000,1,1,contact_corruption,0.008382,41.795523,2.484460,0.750733,0.016869,0.000000,0.010268,1172.056802,0.000000,0.239488,451.185066,40.337086,0.298001,0.217701,0.221088,0.006248,0.000000,0.000689,10.542810,0.001000
contact_corruption,5,10,1.0000,1,1,contact_corruption,0.007259,18.681424,2.499125,0.583706,0.007954,0.000000,0.010190,1204.525040,0.000000,0.207401,451.508471,39.609991,0.277438,0.115900,0.090698,0.005467,0.000000,0.092076,22.940843,0.001000
contact_corruption,5,11,1.0000,1,1,contact_corruption,0.007068,30.187308,2.474909,0.705433,0.013419,0.000000,0.010156,1500.779622,0.000000,0.201954,453.151977,40.069703,0.322604,0.272572,0.171443,0.005424,0.000000,0.013275,14.530013,0.001000
contact_corruption,5,12,1.0000,1,1,contact_corruption,0.006961,27.116860,2.479600,0.659842,0.009980,0.000000,0.010225,1632.243539,0.000000,0.198874,450.658440,39.600993,0.289220,0.117117,0.125075,0.004971,0.000000,0.000004,16.028050,0.001000
contact_corruption,5,13,1.0000,1,1,contact_corruption,0.007741,33.169304,2.491405,0.439070,0.020473,0.000000,0.010000,665.001698,0.000000,0.221181,452.096481,40.745737,0.271546,0.327838,0.233275,0.007976,0.000000,0.246451,13.231071,0.001000
contact_corruption,6,0,1.0000,1,1,contact_corruption,0.009128,32.897011,2.485876,0.738398,0.013523,0.000000,0.010383,839.250339,0.000000,0.260802,453.474430,40.320835,0.303950,0.254218,0.179822,0.006734,0.000000,0.007351,13.378006,0.001000
contact_corruption,6,1,1.0000,1,1,contact_corruption,0.007942,33.407020,2.472107,0.617965,0.013301,0.000000,0.010082,766.259448,0.000000,0.226926,451.330943,41.014927,0.281638,0.444529,0.229614,0.006119,0.000000,0.384989,13.117409,0.001000
contact_corruption,6,2,1.0000,1,1,contact_corruption,0.008714,31.454329,2.463163,0.654538,0.019786,0.000000,0.010000,638.836914,0.000000,0.248961,453.245743,40.485112,0.315505,0.355517,0.208476,0.008201,0.000000,0.351123,13.965648,0.001000
contact_corruption,6,3,1.0000,1,1,contact_corruption,0.007749,40.234176,2.497528,0.653236,0.011874,0.000000,0.010817,927.249325,0.000000,0.221399,451.149649,39.998202,0.292434,0.213982,0.123242,0.005314,0.000000,0.145265,10.941158,0.001000
contact_corruption,6,4,1.0000,1,1,contact_corruption,0.007529,39.304612,2.488889,0.666582,0.018811,0.000000,0.010095,954.882021,0.000000,0.215104,453.595903,40.072068,0.304998,0.227015,0.184196,0.005361,0.000000,0.166826,11.254194,0.001000
contact_corruption,6,5,1.0000,1,1,contact_corruption,0.008546,47.956666,2.510451,0.771475,0.024229,0.000000,0.010385,1303.578111,0.000000,0.244174,454.344643,39.791645,0.372417,0.206381,0.168653,0.005092,0.000000,0.000001,9.280547,0.001000
contact_corruption,6,6,1.0000,1,1,contact_corruption,0.007500,24.548093,2.487392,0.715028,0.008605,0.000000,0.010576,1270.965126,0.000000,0.214290,452.178595,39.701447,0.338932,0.170306,0.108610,0.005496,0.000000,0.000497,17.699114,0.001000
contact_corruption,6,7,1.0000,1,1,contact_corruption,0.007243,21.639389,2.488693,0.657253,0.008358,0.000000,0.010293,1248.379591,0.000000,0.206929,450.400034,39.709247,0.293915,0.153604,0.107076,0.005573,0.000000,0.016132,19.894532,0.001000
contact_corruption,6,8,1.0000,1,1,contact_corruption,0.008328,34.983232,2.534148,0.651632,0.022282,0.000000,0.010432,847.688017,0.000000,0.237951,460.560447,40.607320,0.304360,0.375539,0.268525,0.004872,0.000000,0.245141,12.799307,0.001000
contact_corruption,6,9,1.0000,1,1,contact_corruption,0.011271,65.982636,2.497753,0.974304,0.038572,0.000000,0.010000,1062.951647,0.000000,0.322042,450.000000,41.034394,0.358349,0.550086,0.383331,0.008756,0.000000,0.302746,6.718159,0.001000
contact_corruption,6,10,1.0000,1,1,contact_corruption,0.008921,34.096551,2.477968,0.776883,0.019362,0.000000,0.010257,1518.449065,0.000000,0.254889,451.332735,39.981200,0.349504,0.259588,0.206616,0.005780,0.000000,0.001146,12.859746,0.001000
contact_corruption,6,11,1.0000,1,1,contact_corruption,0.009402,48.996824,2.497810,0.837502,0.020915,0.000000,0.010510,1158.389775,0.000000,0.268640,450.000000,40.195804,0.370087,0.297952,0.236504,0.006116,0.000000,0.243930,9.000572,0.001000
contact_corruption,6,12,1.0000,1,1,contact_corruption,0.008006,42.223853,2.491243,0.795045,0.014323,0.000000,0.010153,1734.966790,0.000000,0.228739,450.340139,39.757073,0.342715,0.173846,0.152090,0.005101,0.000000,0.000690,10.418787,0.001000
contact_corruption,6,13,1.0000,1,1,contact_corruption,0.008826,46.314815,2.481955,0.879458,0.023626,0.000000,0.010000,883.788888,0.000000,0.252177,454.180316,40.589417,0.318183,0.413023,0.286921,0.010839,0.000000,0.371682,9.599114,0.001000
contact_corruption,7,0,1.0000,1,1,contact_corruption,0.008689,48.075816,2.491743,0.864402,0.039624,0.000000,0.010174,1612.603084,0.000000,0.248245,452.841790,40.166843,0.374754,0.316212,0.255645,0.005416,0.000000,0.000001,9.227392,0.001000
contact_corruption,7,1,1.0000,1,1,contact_corruption,0.008189,43.539758,2.489261,0.758578,0.015271,0.000000,0.010000,1132.905403,0.000000,0.233970,451.446325,40.437793,0.336980,0.424135,0.235812,0.004901,0.000000,0.350500,10.135805,0.001000
contact_corruption,7,2,1.0000,1,1,contact_corruption,0.007859,32.833204,2.502385,0.661272,0.011690,0.000000,0.010329,1289.783832,0.000000,0.224537,451.537516,39.738361,0.307634,0.167214,0.141109,0.005115,0.000000,0.208196,13.345988,0.001000
contact_corruption,7,3,1.0000,1,1,contact_corruption,0.008343,43.112791,2.499471,0.833176,0.030227,0.000000,0.010522,1282.542916,0.000000,0.238374,451.871707,40.237990,0.371889,0.352723,0.294627,0.004789,0.000000,0.113542,10.243553,0.001000
contact_corruption,7,4,1.0000,1,1,contact_corruption,0.008402,33.873025,2.481175,0.825276,0.020771,0.000000,0.010277,1759.799554,0.000000,0.240066,452.509438,40.071674,0.360874,0.294477,0.236449,0.004941,0.000000,0.000679,12.975916,0.001000
contact_corruption,7,5,1.0000,1,1,contact_corruption,0.007585,43.051636,2.492103,0.722402,0.026425,0.000000,0.010209,1363.903374,0.000000,0.216719,453.024927,40.151795,0.319414,0.271204,0.198070,0.005734,0.000000,0.001036,10.283952,0.001000
contact_corruption,7,6,1.0000,1,1,contact_corruption,0.009392,45.983973,2.505577,0.887428,0.045135,0.000000,0.010000,928.283128,0.000000,0.268340,456.851191,40.906651,0.360701,0.523486,0.331725,0.006426,0.000000,0.255414,9.723554,0.001000
contact_corruption,7,7,1.0000,1,1,contact_corruption,0.008338,48.802242,2.524907,0.772731,0.026294,0.000000,0.010357,919.477314,0.000000,0.238237,457.609585,40.445381,0.360704,0.398705,0.254649,0.005503,0.000000,0.156947,9.188534,0.001000
contact_corruption,7,8,1.0000,1,1,contact_corruption,0.007491,36.214639,2.479948,0.749070,0.009408,0.000000,0.010342,1775.049552,0.000000,0.214036,450.000000,39.746077,0.337930,0.184363,0.151186,0.005023,0.000000,0.000695,12.092016,0.001000
contact_corruption,7,9,1.0000,1,1,contact_corruption,0.007362,24.392905,2.485096,0.632033,0.009119,0.000000,0.010144,785.211259,0.000000,0.210350,453.193703,40.284734,0.293390,0.295871,0.126500,0.005859,0.000000,0.246046,17.847257,0.001000
contact_corruption,7,10,1.0000,1,1,contact_corruption,0.007353,25.362583,2.474963,0.709296,0.010530,0.000000,0.010408,1388.283656,0.000000,0.210090,450.983949,39.722476,0.299901,0.165741,0.116949,0.005159,0.000000,0.000892,17.106971,0.001000
contact_corruption,7,11,1.0000,1,1,contact_corruption,0.006780,22.396924,2.493928,0.673002,0.011924,0.000000,0.010191,1283.991463,0.000000,0.193726,452.195959,40.006437,0.290301,0.217175,0.142850,0.004750,0.000000,0.043193,19.327155,0.001000
contact_corruption,7,12,1.0000,1,1,contact_corruption,0.008062,42.935238,2.483770,0.644043,0.017175,0.000000,0.010381,1065.725187,0.000000,0.230335,450.000000,40.302678,0.305207,0.302581,0.198813,0.005412,0.000000,0.146874,10.242348,0.001000
contact_corruption,7,13,1.0000,1,1,contact_corruption,0.012768,90.350613,2.482221,1.051190,0.059489,0.000000,0.010412,1375.027294,0.000000,0.364792,450.000000,41.695237,0.413324,0.506698,0.525998,0.006273,0.000000,0.000008,4.926075,0.001000
energy_work_corruption,0,0,1.0000,1,1,energy_work_corruption,0.036820,175.672068,0.008201,3.678511,0.301039,0.000000,0.000394,11021.607148,0.000000,1.051991,2.457366,0.300422,0.365679,0.073558,0.437421,0.004677,0.000000,0.000001,0.013909,0.001000
energy_work_corruption,0,1,1.0000,1,1,energy_work_corruption,0.038541,193.503201,0.026440,0.675925,0.393081,0.000000,0.000546,1098.990903,0.000000,1.101174,8.507455,0.991005,0.357080,0.196062,0.624379,0.005569,0.000000,0.047610,0.043739,0.001000
energy_work_corruption,0,2,1.0000,1,1,energy_work_corruption,0.039706,184.132302,0.018069,3.968426,0.359434,0.000000,0.001008,5787.691356,0.000000,1.134443,12.778291,1.630717,0.424966,0.260281,0.808549,0.005227,0.000000,0.000001,0.069022,0.001000
energy_work_corruption,0,3,1.0000,1,1,energy_work_corruption,0.035298,191.745426,0.013440,0.663755,0.405603,0.000000,0.000864,884.187567,0.000000,1.008516,6.334707,1.299148,0.382465,0.290394,0.784487,0.005013,0.000000,0.080063,0.032866,0.001000
energy_work_corruption,0,4,1.0000,1,1,energy_work_corruption,0.038282,181.161112,0.000000,0.500254,0.448049,0.000000,0.000370,507.711023,0.000000,1.093771,6.408388,1.561653,0.383835,0.398723,0.825481,0.008358,0.000000,0.335335,0.035180,0.001000
energy_work_corruption,0,5,1.0000,1,1,energy_work_corruption,0.033576,177.861496,0.052472,3.357603,0.342927,0.000000,0.000943,3874.100841,0.000000,0.959319,15.657473,2.222703,0.364124,0.290123,0.948687,0.006261,0.000000,0.000001,0.087540,0.001000
energy_work_corruption,0,6,1.0000,1,1,energy_work_corruption,0.036719,180.961159,0.006677,0.773669,0.437205,0.000000,0.000505,1021.584217,0.000000,1.049109,5.976279,1.565541,0.355701,0.365702,0.822018,0.004828,0.000000,0.405821,0.032844,0.001000
energy_work_corruption,0,7,1.0000,1,1,energy_work_corruption,0.037809,184.892951,0.010846,3.779712,0.470599,0.000000,0.000382,7860.313305,0.000000,1.080250,5.162837,1.010990,0.326711,0.217726,0.740152,0.004259,0.000000,0.269545,0.027773,0.001000
energy_work_corruption,0,8,1.0000,1,1,energy_work_corruption,0.041659,175.184829,0.000000,4.165480,0.586720,0.000000,0.000394,9478.052670,0.000000,1.190269,10.329766,1.051023,0.412761,0.340845,0.844690,0.004376,0.000000,0.000001,0.058630,0.001000
energy_work_corruption,0,9,1.0000,1,1,energy_work_corruption,0.037383,180.044048,0.000000,3.725524,0.276058,0.000000,0.000371,9023.870877,0.000000,1.068072,3.124967,0.428515,0.385370,0.116355,0.478295,0.004722,0.000000,0.000001,0.017261,0.001000
energy_work_corruption,0,10,1.0000,1,1,energy_work_corruption,0.036657,184.541334,0.006500,0.538939,0.276995,0.000000,0.000483,569.701280,0.000000,1.047345,11.257142,1.443852,0.352642,0.333189,0.541480,0.005588,0.000000,0.321495,0.060672,0.001000
energy_work_corruption,0,11,1.0000,1,1,energy_work_corruption,0.037700,195.251099,0.006407,0.460253,0.342476,0.000000,0.000368,905.490680,0.000000,1.077132,6.283169,1.418602,0.357757,0.340227,0.725915,0.005653,0.000000,0.294188,0.032016,0.001000
energy_work_corruption,0,12,1.0000,1,1,energy_work_corruption,0.037965,181.871189,0.005761,3.783823,0.428761,0.000000,0.000508,9947.373369,0.000000,1.084721,3.702242,0.622948,0.352405,0.118845,0.745046,0.004949,0.000000,0.000001,0.020245,0.001000
energy_work_corruption,0,13,1.0000,1,1,energy_work_corruption,0.039848,185.068274,0.007835,0.450425,0.410174,0.000000,0.000639,449.475425,0.000000,1.138512,7.589738,1.419863,0.364711,0.333187,0.755672,0.005991,0.000000,0.394920,0.040790,0.001000
energy_work_corruption,1,0,1.0000,1,1,energy_work_corruption,0.038704,175.418960,0.007906,3.870307,0.301126,0.000000,0.000486,6150.312180,0.000000,1.105836,6.324873,0.797398,0.356205,0.161693,0.509892,0.004429,0.000000,0.000002,0.035851,0.001000
energy_work_corruption,1,1,1.0000,1,1,energy_work_corruption,0.038027,179.626891,0.014055,3.802043,0.318720,0.000000,0.000477,6857.639813,0.000000,1.086494,3.040391,0.696810,0.336472,0.136811,0.501341,0.004708,0.000000,0.313808,0.016832,0.001000
energy_work_corruption,1,2,1.0000,1,1,energy_work_corruption,0.034343,174.730221,0.011485,0.547342,0.429175,0.000000,0.000599,626.710282,0.000000,0.981235,5.996330,1.730115,0.331209,0.360012,0.876357,0.005327,0.000000,0.362973,0.034122,0.001000
energy_work_corruption,1,3,1.0000,1,1,energy_work_corruption,0.036732,181.022895,0.011925,0.863401,0.316177,0.000000,0.000753,976.965177,0.000000,1.049496,6.266159,1.007359,0.383162,0.225372,0.607077,0.005842,0.000000,0.316038,0.034425,0.001000
energy_work_corruption,1,4,1.0000,1,1,energy_work_corruption,0.036811,189.162757,0.003769,3.678654,0.283650,0.000000,0.000629,5672.832556,0.000000,1.051755,5.139287,0.870580,0.406067,0.185827,0.664610,0.004914,0.000000,0.000002,0.027026,0.001000
energy_work_corruption,1,5,1.0000,1,1,energy_work_corruption,0.039908,170.301144,0.016015,0.738707,0.467223,0.000000,0.000683,2253.840948,0.000000,1.140218,13.599983,1.559626,0.424948,0.448223,0.906441,0.004747,0.000000,0.159403,0.079392,0.001000
energy_work_corruption,1,6,1.0000,1,1,energy_work_corruption,0.041302,194.014600,0.009920,0.808435,0.336361,0.000000,0.000479,1166.858056,0.000000,1.180069,8.218051,0.841070,0.390469,0.171517,0.514797,0.004690,0.000000,0.000001,0.042141,0.001000
energy_work_corruption,1,7,1.0000,1,1,energy_work_corruption,0.038821,185.488371,0.009783,3.882026,0.563463,0.000000,0.000573,7385.337289,0.000000,1.109169,6.880473,1.206915,0.376235,0.320355,0.841564,0.004692,0.000000,0.212130,0.036895,0.001000
energy_work_corruption,1,8,1.0000,1,1,energy_work_corruption,0.036821,179.148524,0.011426,0.681198,0.224521,0.000000,0.000695,1653.962705,0.000000,1.052043,7.778075,1.230514,0.326450,0.178103,0.541441,0.006889,0.000000,0.329050,0.043176,0.001000
energy_work_corruption,1,9,1.0000,1,1,energy_work_corruption,0.038976,195.711462,0.029061,0.868762,0.466511,0.000000,0.000674,928.595446,0.000000,1.113586,10.091845,1.570169,0.385697,0.273110,0.827228,0.005879,0.000000,0.040019,0.051303,0.001000
energy_work_corruption,1,10,1.0000,1,1,energy_work_corruption,0.035775,181.085032,0.019700,3.575508,0.367690,0.000000,0.000658,3847.726819,0.000000,1.022135,11.176765,1.722005,0.412606,0.256744,1.001499,0.009111,0.000000,0.015244,0.061382,0.001000
energy_work_corruption,1,11,1.0000,1,1,energy_work_corruption,0.037799,198.710203,0.013170,0.695477,0.430659,0.000000,0.000299,884.458493,0.000000,1.079966,6.876081,1.408072,0.417727,0.431601,0.875205,0.009634,0.000000,0.396004,0.034430,0.001000
energy_work_corruption,1,12,1.0000,1,1,energy_work_corruption,0.038099,180.468528,0.000000,3.809073,0.258446,0.000000,0.000434,9269.724518,0.000000,1.088544,2.387176,0.375923,0.326742,0.069873,0.364244,0.004550,0.000000,0.000013,0.013155,0.001000
energy_work_corruption,1,13,1.0000,1,1,energy_work_corruption,0.036232,184.467723,0.005477,3.612367,0.244759,0.000000,0.000528,5981.888836,0.000000,1.035193,5.232870,0.592161,0.373905,0.117557,0.439092,0.004378,0.000000,0.084070,0.028214,0.001000
energy_work_corruption,2,0,1.0000,1,1,energy_work_corruption,0.039616,187.661900,0.009996,0.788117,0.331357,0.000000,0.000899,1986.022820,0.000000,1.131892,7.682522,1.127620,0.398245,0.215467,0.533984,0.005174,0.000000,0.000001,0.040721,0.001000
energy_work_corruption,2,1,1.0000,1,1,energy_work_corruption,0.040335,202.571786,0.029137,4.018672,0.365451,0.000000,0.000890,4990.362186,0.000000,1.152431,10.668988,1.579446,0.419730,0.288204,0.906691,0.005529,0.000000,0.000001,0.052409,0.001000
energy_work_corruption,2,2,1.0000,1,1,energy_work_corruption,0.037009,206.215613,0.008538,0.608585,0.485175,0.000000,0.000381,643.641330,0.000000,1.057391,9.188248,2.117878,0.374350,0.524441,1.037785,0.005288,0.000000,0.411014,0.044341,0.001000
energy_work_corruption,2,3,1.0000,1,1,energy_work_corruption,0.037240,176.609125,0.005753,0.521531,0.274402,0.000000,0.000438,2111.055644,0.000000,1.064012,6.341199,0.886215,0.356976,0.203965,0.485173,0.004792,0.000000,0.363732,0.035703,0.001000
energy_work_corruption,2,4,1.0000,1,1,energy_work_corruption,0.036412,186.270290,0.031518,3.641144,0.371807,0.000000,0.001100,4660.455895,0.000000,1.040329,21.312639,1.868174,0.434554,0.413160,0.891129,0.005243,0.000000,0.000001,0.113807,0.001000
energy_work_corruption,2,5,1.0000,1,1,energy_work_corruption,0.039005,182.542785,0.040540,3.891718,0.399188,0.000000,0.001267,4600.429243,0.000000,1.114442,16.504119,2.485362,0.374026,0.291595,0.698394,0.009436,0.000000,0.000001,0.089920,0.001000
energy_work_corruption,2,6,1.0000,1,1,energy_work_corruption,0.039772,182.887749,0.004913,3.975394,0.378782,0.000000,0.000477,7242.767808,0.000000,1.136345,7.542629,0.958778,0.339781,0.165349,0.654434,0.004265,0.000000,0.214084,0.041018,0.001000
energy_work_corruption,2,7,1.0000,1,1,energy_work_corruption,0.035454,180.529952,0.013914,0.810471,0.271750,0.000000,0.000379,834.751957,0.000000,1.012972,12.534420,1.377822,0.410623,0.367487,0.695329,0.008952,0.000000,0.441216,0.069049,0.001000
energy_work_corruption,2,8,1.0000,1,1,energy_work_corruption,0.034518,182.268165,0.000000,0.724636,0.297706,0.000000,0.000357,2857.253108,0.000000,0.986231,1.515442,0.222423,0.374570,0.049773,0.438252,0.004536,0.000000,0.000001,0.008269,0.001000
energy_work_corruption,2,9,1.0000,1,1,energy_work_corruption,0.034492,190.234008,0.002840,3.448193,0.296046,0.000000,0.000510,5373.450187,0.000000,0.985486,4.613354,0.811524,0.418977,0.264699,0.485193,0.004746,0.000000,0.237086,0.024124,0.001000
energy_work_corruption,2,10,1.0000,1,1,energy_work_corruption,0.036853,183.957668,0.011859,0.382579,0.363443,0.000000,0.000174,673.200805,0.000000,1.052952,6.937966,1.284946,0.366537,0.313230,0.751110,0.009454,0.000000,0.435622,0.037511,0.001000
energy_work_corruption,2,11,1.0000,1,1,energy_work_corruption,0.036886,196.172801,0.011056,0.854408,0.349309,0.000000,0.001339,1334.851124,0.000000,1.053882,11.944452,1.619226,0.389989,0.193181,0.614772,0.005827,0.000000,0.000001,0.060579,0.001000
energy_work_corruption,2,12,1.0000,1,1,energy_work_corruption,0.039892,191.343232,0.028698,0.880757,0.611865,0.000000,0.000593,1205.147840,0.000000,1.139767,12.081509,1.821392,0.392817,0.358615,0.927818,0.004617,0.000000,0.035677,0.062812,0.001000
energy_work_corruption,2,13,1.0000,1,1,energy_work_corruption,0.038115,186.296478,0.001236,3.806117,0.401263,0.000000,0.000629,5810.876440,0.000000,1.089003,5.616073,1.057260,0.350834,0.252963,0.677138,0.004887,0.000000,0.268865,0.029985,0.001000
energy_work_corruption,3,0,1.0000,1,1,energy_work_corruption,0.038475,180.944994,0.014729,0.528330,0.521140,0.000000,0.000592,735.345349,0.000000,1.099297,8.030919,1.739645,0.333830,0.370073,0.900329,0.007190,0.000000,0.295034,0.044139,0.001000
energy_work_corruption,3,1,1.0000,1,1,energy_work_corruption,0.036599,180.718044,0.006165,0.583842,0.254276,0.000000,0.000515,762.155352,0.000000,1.045673,4.831865,1.135091,0.341292,0.259648,0.543044,0.005309,0.000000,0.356767,0.026590,0.001000
energy_work_corruption,3,2,1.0000,1,1,energy_work_corruption,0.038475,184.188854,0.015370,3.846693,0.330799,0.000000,0.001072,5821.808250,0.000000,1.099283,9.977628,1.158340,0.447545,0.260961,0.722412,0.004058,0.000000,0.000001,0.053878,0.001000
energy_work_corruption,3,3,1.0000,1,1,energy_work_corruption,0.034112,182.832055,0.012766,3.407066,0.403429,0.000000,0.000505,5856.842498,0.000000,0.974634,8.721692,1.079534,0.387653,0.266565,0.767641,0.005677,0.000000,0.179603,0.047444,0.001000
energy_work_corruption,3,4,1.0000,1,1,energy_work_corruption,0.036478,182.218668,0.000000,3.647601,0.259182,0.000000,0.000443,5300.973727,0.000000,1.042227,4.440260,0.804154,0.342206,0.158774,0.465111,0.004667,0.000000,0.151873,0.024235,0.001000
energy_work_corruption,3,5,1.0000,1,1,energy_work_corruption,0.040399,184.107433,0.000000,0.742556,0.344879,0.000000,0.000962,1037.174173,0.000000,1.154270,7.838801,1.050956,0.330165,0.174324,0.567273,0.005376,0.000000,0.079652,0.042347,0.001000
energy_work_corruption,3,6,1.0000,1,1,energy_work_corruption,0.040012,184.193671,0.002626,0.574465,0.454981,0.000000,0.000315,852.149237,0.000000,1.143196,6.487901,1.284276,0.382759,0.320170,0.795301,0.004805,0.000000,0.465060,0.035033,0.001000
energy_work_corruption,3,7,1.0000,1,1,energy_work_corruption,0.038298,181.124384,0.002308,0.701499,0.387522,0.000000,0.000505,1254.177807,0.000000,1.094237,3.307912,0.751250,0.374327,0.192884,0.578723,0.004233,0.000000,0.059163,0.018163,0.001000
energy_work_corruption,3,8,1.0000,1,1,energy_work_corruption,0.037323,180.820028,0.007481,0.838356,0.360676,0.000000,0.000574,1051.630221,0.000000,1.066367,6.441956,1.193231,0.371439,0.272278,0.631259,0.005075,0.000000,0.264926,0.035430,0.001000
energy_work_corruption,3,9,1.0000,1,1,energy_work_corruption,0.039199,178.058766,0.000000,0.737629,0.472557,0.000000,0.000453,2512.445272,0.000000,1.119964,7.326667,0.825282,0.379480,0.234162,0.686929,0.005079,0.000000,0.000004,0.040918,0.001000
energy_work_corruption,3,10,1.0000,1,1,energy_work_corruption,0.040010,186.916799,0.015640,0.628520,0.436591,0.000000,0.000387,2086.832046,0.000000,1.143141,5.175805,1.074748,0.351352,0.202957,0.726778,0.005215,0.000000,0.041261,0.027543,0.001000
energy_work_corruption,3,11,1.0000,1,1,energy_work_corruption,0.036660,182.931578,0.000000,3.665242,0.486459,0.000000,0.000415,9457.003246,0.000000,1.047428,3.158547,0.601214,0.404575,0.146270,0.812374,0.004585,0.000000,0.000001,0.017172,0.001000
energy_work_corruption,3,12,1.0000,1,1,energy_work_corruption,0.037629,182.866856,0.037936,3.762019,0.269953,0.000000,0.000694,4036.310984,0.000000,1.075107,11.372876,1.404131,0.350169,0.197653,0.557923,0.010568,0.000000,0.143026,0.061854,0.001000
energy_work_corruption,3,13,1.0000,1,1,energy_work_corruption,0.036184,193.357383,0.010603,0.608001,0.313183,0.000000,0.000380,1017.231175,0.000000,1.033825,5.475587,1.032998,0.363492,0.210565,0.552340,0.004960,0.000000,0.234836,0.028173,0.001000
energy_work_corruption,4,0,1.0000,1,1,energy_work_corruption,0.037705,181.454143,0.000000,3.769827,0.288246,0.000000,0.000521,11081.048941,0.000000,1.077287,2.604812,0.294498,0.416383,0.078402,0.481744,0.004662,0.000000,0.000001,0.014277,0.001000
energy_work_corruption,4,1,1.0000,1,1,energy_work_corruption,0.037938,181.990016,0.005094,3.793100,0.413989,0.000000,0.000423,8815.240746,0.000000,1.083939,3.825937,0.825511,0.323472,0.166249,0.642502,0.004822,0.000000,0.108855,0.020908,0.001000
energy_work_corruption,4,2,1.0000,1,1,energy_work_corruption,0.034819,202.572784,0.033795,3.478471,0.352423,0.000000,0.000851,5114.668294,0.000000,0.994830,18.749554,1.796492,0.436925,0.241043,0.927793,0.005550,0.000000,0.000001,0.092102,0.001000
energy_work_corruption,4,3,1.0000,1,1,energy_work_corruption,0.038351,174.943167,0.005641,3.827941,0.523486,0.000000,0.000548,5104.484706,0.000000,1.095740,8.753931,1.579074,0.379920,0.294622,0.974420,0.004433,0.000000,0.065634,0.049754,0.001000
energy_work_corruption,4,4,1.0000,1,1,energy_work_corruption,0.040519,186.760304,0.011219,0.717636,0.546862,0.000000,0.000729,806.172843,0.000000,1.157683,11.969184,1.565551,0.409780,0.398989,0.992988,0.006526,0.000000,0.337248,0.063747,0.001000
energy_work_corruption,4,5,1.0000,1,1,energy_work_corruption,0.038220,176.857685,0.012815,0.363713,0.419318,0.000000,0.000715,1041.227564,0.000000,1.091995,4.844666,1.887678,0.327017,0.412816,0.787701,0.007541,0.000000,0.364459,0.027239,0.001000
energy_work_corruption,4,6,1.0000,1,1,energy_work_corruption,0.037593,200.227208,0.016641,0.573105,0.516330,0.000000,0.000217,616.142419,0.000000,1.074074,9.062791,1.695022,0.390096,0.419305,0.966544,0.009761,0.000000,0.419733,0.045038,0.001000
energy_work_corruption,4,7,1.0000,1,1,energy_work_corruption,0.036306,183.602055,0.000000,3.623628,0.364694,0.000000,0.000413,10206.003119,0.000000,1.037317,3.875471,0.485667,0.343721,0.094883,0.608589,0.004602,0.000000,0.000001,0.020994,0.001000
energy_work_corruption,4,8,1.0000,1,1,energy_work_corruption,0.039379,179.219906,0.000000,3.935736,0.298679,0.000000,0.000645,7616.820191,0.000000,1.125113,5.370469,0.854784,0.419950,0.270520,0.495159,0.004349,0.000000,0.131894,0.029800,0.001000
energy_work_corruption,4,9,1.0000,1,1,energy_work_corruption,0.038472,178.388299,0.029647,3.847198,0.367887,0.000000,0.001228,4578.059097,0.000000,1.099201,11.524709,1.536469,0.361335,0.284268,0.594329,0.005028,0.000000,0.037301,0.064244,0.001000
energy_work_corruption,4,10,1.0000,1,1,energy_work_corruption,0.034981,185.529733,0.000000,3.498088,0.343762,0.000000,0.000382,7000.112101,0.000000,0.999459,4.603358,0.643229,0.420941,0.194326,0.577947,0.005133,0.000000,0.000001,0.024679,0.001000
energy_work_corruption,4,11,1.0000,1,1,energy_work_corruption,0.036972,186.286825,0.003851,3.695313,0.390866,0.000000,0.000652,5434.758617,0.000000,1.056351,13.504324,1.889468,0.410620,0.536447,0.846125,0.004916,0.000000,0.159573,0.072105,0.001000
energy_work_corruption,4,12,1.0000,1,1,energy_work_corruption,0.039959,178.823182,0.000000,0.777877,0.323521,0.000000,0.000413,3135.553643,0.000000,1.141688,3.110180,0.288990,0.395164,0.084718,0.452036,0.004795,0.000000,0.000001,0.017296,0.001000
energy_work_corruption,4,13,1.0000,1,1,energy_work_corruption,0.039856,176.344996,0.012798,3.983256,0.442505,0.000000,0.000456,8894.803634,0.000000,1.138741,7.410856,0.883459,0.341298,0.177631,0.739370,0.004579,0.000000,0.000001,0.041788,0.001000
energy_work_corruption,5,0,1.0000,1,1,energy_work_corruption,0.036144,180.641049,0.000000,3.611808,0.438044,0.000000,0.000682,3754.122778,0.000000,1.032691,7.854478,1.542231,0.410157,0.363761,0.868807,0.008334,0.000000,0.262174,0.043242,0.001000
energy_work_corruption,5,1,1.0000,1,1,energy_work_corruption,0.039098,172.434521,0.000000,3.908913,0.243149,0.000000,0.000485,6522.062036,0.000000,1.117088,7.909426,0.755891,0.416912,0.223844,0.451392,0.004663,0.000000,0.067238,0.045605,0.001000
energy_work_corruption,5,2,1.0000,1,1,energy_work_corruption,0.035516,184.559513,0.004642,3.551188,0.270797,0.000000,0.000628,5624.188358,0.000000,1.014745,7.263018,0.771137,0.336880,0.122919,0.452469,0.004668,0.000000,0.097413,0.039141,0.001000
energy_work_corruption,5,3,1.0000,1,1,energy_work_corruption,0.037046,184.835013,0.018823,3.703437,0.268537,0.000000,0.001822,4444.104760,0.000000,1.058447,12.853277,1.306503,0.439810,0.284411,0.607426,0.005224,0.000000,0.000001,0.069165,0.001000
energy_work_corruption,5,4,1.0000,1,1,energy_work_corruption,0.038045,189.199239,0.007685,0.754794,0.458449,0.000000,0.000432,2170.560078,0.000000,1.086999,4.742937,0.462373,0.362839,0.111192,0.647545,0.004984,0.000000,0.000001,0.024937,0.001000
energy_work_corruption,5,5,1.0000,1,1,energy_work_corruption,0.038029,192.846144,0.012240,0.783537,0.399854,0.000000,0.000499,1918.066213,0.000000,1.086540,6.525791,0.863261,0.422673,0.230150,0.711923,0.004535,0.000000,0.115389,0.033665,0.001000
energy_work_corruption,5,6,1.0000,1,1,energy_work_corruption,0.042022,175.105592,0.000000,4.202185,0.476082,0.000000,0.000391,10645.449316,0.000000,1.200625,5.619259,0.491921,0.416615,0.151023,0.677457,0.004452,0.000000,0.000001,0.031908,0.001000
energy_work_corruption,5,7,1.0000,1,1,energy_work_corruption,0.039967,180.463950,0.021638,3.994965,0.353593,0.000000,0.000734,5824.278892,0.000000,1.141921,8.607426,1.330911,0.337521,0.184464,0.740509,0.005397,0.000000,0.000013,0.047433,0.001000
energy_work_corruption,5,8,1.0000,1,1,energy_work_corruption,0.035957,191.999120,0.000000,3.587509,0.259371,0.000000,0.000399,7391.578346,0.000000,1.027340,5.664929,0.630488,0.404464,0.163957,0.495772,0.004883,0.000000,0.000001,0.029352,0.001000
energy_work_corruption,5,9,1.0000,1,1,energy_work_corruption,0.035499,179.122417,0.032023,3.548282,0.313710,0.000000,0.000779,5539.637548,0.000000,1.014269,8.652408,1.206651,0.357674,0.182987,0.728564,0.005176,0.000000,0.000001,0.048036,0.001000
energy_work_corruption,5,10,1.0000,1,1,energy_work_corruption,0.037101,178.200411,0.006967,0.597400,0.272851,0.000000,0.000387,4278.914518,0.000000,1.060023,3.478458,0.479556,0.332027,0.098752,0.382193,0.004513,0.000000,0.144321,0.019411,0.001000
energy_work_corruption,5,11,1.0000,1,1,energy_work_corruption,0.037285,188.155319,0.000000,3.727627,0.384142,0.000000,0.000615,7930.377650,0.000000,1.065276,6.929315,0.939268,0.371001,0.234863,0.610716,0.005322,0.000000,0.088930,0.036633,0.001000
energy_work_corruption,5,12,1.0000,1,1,energy_work_corruption,0.037711,186.612006,0.007703,3.770671,0.349108,0.000000,0.000455,9327.472292,0.000000,1.077456,2.590969,0.470559,0.337661,0.094550,0.527826,0.004837,0.000000,0.000001,0.013810,0.001000
energy_work_corruption,5,13,1.0000,1,1,energy_work_corruption,0.038545,181.886039,0.008468,3.853939,0.385377,0.000000,0.000452,4146.578288,0.000000,1.101281,7.129121,1.615302,0.326623,0.283378,0.774806,0.007665,0.000000,0.302631,0.038981,0.001000
energy_work_corruption,6,0,1.0000,1,1,energy_work_corruption,0.039983,182.936202,0.004968,0.825354,0.269437,0.000000,0.000626,938.082950,0.000000,1.142382,12.159353,1.190401,0.351922,0.214598,0.531924,0.006155,0.000000,0.053759,0.066106,0.001000
energy_work_corruption,6,1,1.0000,1,1,energy_work_corruption,0.037721,186.018684,0.013635,0.466747,0.443607,0.000000,0.000541,972.291506,0.000000,1.077740,8.838679,1.884492,0.335578,0.363746,0.810394,0.004721,0.000000,0.443450,0.047261,0.001000
energy_work_corruption,6,2,1.0000,1,1,energy_work_corruption,0.036347,186.880041,0.009795,0.831872,0.395169,0.000000,0.000735,811.916311,0.000000,1.038488,6.448183,1.354678,0.360177,0.310538,0.717604,0.008228,0.000000,0.393651,0.034321,0.001000
energy_work_corruption,6,3,1.0000,1,1,energy_work_corruption,0.037666,179.322279,0.000000,0.712036,0.272393,0.000000,0.000817,1010.713574,0.000000,1.076177,5.458614,0.867767,0.340448,0.193095,0.461460,0.004668,0.000000,0.181620,0.030271,0.001000
energy_work_corruption,6,4,1.0000,1,1,energy_work_corruption,0.035032,184.081477,0.005946,0.648444,0.313437,0.000000,0.000442,928.899686,0.000000,1.000905,5.185302,0.941634,0.356101,0.190703,0.613044,0.004573,0.000000,0.236737,0.028016,0.001000
energy_work_corruption,6,5,1.0000,1,1,energy_work_corruption,0.039031,190.631230,0.001500,0.799745,0.313879,0.000000,0.000524,1351.345215,0.000000,1.115159,4.837494,0.661210,0.422476,0.175007,0.554580,0.004924,0.000000,0.000001,0.025244,0.001000
energy_work_corruption,6,6,1.0000,1,1,energy_work_corruption,0.036657,176.095853,0.018955,3.664843,0.265191,0.000000,0.000576,6514.270934,0.000000,1.047354,3.919306,0.571012,0.386841,0.133341,0.440083,0.005259,0.000000,0.070615,0.022131,0.001000
energy_work_corruption,6,7,1.0000,1,1,energy_work_corruption,0.038152,175.792178,0.015338,0.637897,0.273095,0.000000,0.000486,2351.383448,0.000000,1.090059,3.376139,0.578812,0.344916,0.108369,0.426048,0.004631,0.000000,0.137410,0.019097,0.001000
energy_work_corruption,6,8,1.0000,1,1,energy_work_corruption,0.038035,191.644231,0.025747,0.632414,0.553980,0.000000,0.000667,822.688096,0.000000,1.086725,10.560447,1.476885,0.355626,0.332487,0.969994,0.005360,0.000000,0.304810,0.054818,0.001000
energy_work_corruption,6,9,1.0000,1,1,energy_work_corruption,0.034958,182.818974,0.042037,1.034168,0.378778,0.000000,0.001106,1128.262665,0.000000,0.998802,14.143834,1.903959,0.406649,0.435768,1.038786,0.009047,0.000000,0.224930,0.076944,0.001000
energy_work_corruption,6,10,1.0000,1,1,energy_work_corruption,0.039159,176.714949,0.003339,0.807320,0.466697,0.000000,0.000568,4565.089556,0.000000,1.118819,4.417211,0.850765,0.400957,0.233992,0.746321,0.004454,0.000000,0.000001,0.024856,0.001000
energy_work_corruption,6,11,1.0000,1,1,energy_work_corruption,0.038836,178.016789,0.014983,0.896240,0.398202,0.000000,0.000749,1239.632493,0.000000,1.109592,7.769209,1.065369,0.420066,0.255762,0.733896,0.005388,0.000000,0.228051,0.043399,0.001000
energy_work_corruption,6,12,1.0000,1,1,energy_work_corruption,0.041571,188.048883,0.000000,0.752748,0.343527,0.000000,0.000454,2380.636017,0.000000,1.187731,6.229042,0.626638,0.394206,0.150342,0.520992,0.004471,0.000000,0.000002,0.032949,0.001000
energy_work_corruption,6,13,1.0000,1,1,energy_work_corruption,0.039681,184.929403,0.017597,0.561403,0.409566,0.000000,0.000170,1194.285283,0.000000,1.133730,6.150211,1.458982,0.366256,0.355365,0.851445,0.009500,0.000000,0.419949,0.033078,0.001000
energy_work_corruption,7,0,1.0000,1,1,energy_work_corruption,0.038120,187.669999,0.005722,3.811880,0.382619,0.000000,0.000379,7111.329612,0.000000,1.089130,8.219071,1.036409,0.424506,0.278472,0.846388,0.004680,0.000000,0.000001,0.043563,0.001000
energy_work_corruption,7,1,1.0000,1,1,energy_work_corruption,0.039034,184.768511,0.010007,0.608966,0.460061,0.000000,0.000378,909.465105,0.000000,1.115248,5.360469,1.307358,0.383451,0.391685,0.753337,0.004392,0.000000,0.383865,0.028856,0.001000
energy_work_corruption,7,2,1.0000,1,1,energy_work_corruption,0.035410,179.275348,0.007910,0.695963,0.328081,0.000000,0.000372,1357.447205,0.000000,1.011728,2.734092,0.607926,0.360272,0.144636,0.550303,0.004682,0.000000,0.183392,0.015166,0.001000
energy_work_corruption,7,3,1.0000,1,1,energy_work_corruption,0.039286,177.988738,0.005154,3.920562,0.548625,0.000000,0.000522,6035.085888,0.000000,1.122458,5.379553,1.107555,0.419141,0.291104,0.992526,0.005100,0.000000,0.261713,0.030055,0.001000
energy_work_corruption,7,4,1.0000,1,1,energy_work_corruption,0.035500,180.013787,0.001110,3.549316,0.444937,0.000000,0.000589,7568.479764,0.000000,1.014291,4.786292,0.941239,0.409312,0.246157,0.849532,0.004488,0.000000,0.120355,0.026442,0.001000
energy_work_corruption,7,5,1.0000,1,1,energy_work_corruption,0.040623,174.049450,0.008098,0.605214,0.469123,0.000000,0.000446,1142.651280,0.000000,1.160667,8.789930,1.021360,0.368224,0.216105,0.724446,0.004814,0.000000,0.040675,0.050214,0.001000
energy_work_corruption,7,6,1.0000,1,1,energy_work_corruption,0.040764,177.718061,0.013027,0.693954,0.550872,0.000000,0.000545,725.901461,0.000000,1.164698,8.987772,1.776216,0.412030,0.446309,1.130276,0.006329,0.000000,0.358303,0.050290,0.001000
energy_work_corruption,7,7,1.0000,1,1,energy_work_corruption,0.035739,191.772597,0.012535,3.570970,0.320431,0.000000,0.000475,4249.121456,0.000000,1.021124,7.609585,1.314946,0.401261,0.310785,0.706736,0.005374,0.000000,0.220607,0.039474,0.001000
energy_work_corruption,7,8,1.0000,1,1,energy_work_corruption,0.038077,182.303048,0.000000,0.789416,0.387335,0.000000,0.000408,1870.656993,0.000000,1.087918,2.926456,0.615642,0.386680,0.162845,0.561403,0.004833,0.000000,0.000001,0.015965,0.001000
energy_work_corruption,7,9,1.0000,1,1,energy_work_corruption,0.039336,181.093396,0.006003,0.708366,0.263120,0.000000,0.000614,880.045000,0.000000,1.123872,6.193497,1.154299,0.341574,0.256390,0.469573,0.004815,0.000000,0.343965,0.034013,0.001000
energy_work_corruption,7,10,1.0000,1,1,energy_work_corruption,0.037323,187.167577,0.007189,3.731333,0.290128,0.000000,0.000478,7303.226349,0.000000,1.066364,4.028106,0.592041,0.351462,0.144789,0.484313,0.004684,0.000000,0.140544,0.021407,0.001000
energy_work_corruption,7,11,1.0000,1,1,energy_work_corruption,0.037416,184.310903,0.003374,0.666883,0.374660,0.000000,0.000412,1272.317137,0.000000,1.069024,4.007341,0.876002,0.342250,0.182469,0.568995,0.004812,0.000000,0.104912,0.021625,0.001000
energy_work_corruption,7,12,1.0000,1,1,energy_work_corruption,0.040124,177.591901,0.007836,0.674321,0.462441,0.000000,0.000613,1115.826868,0.000000,1.146410,6.287470,1.172243,0.354598,0.279375,0.773301,0.004903,0.000000,0.091782,0.035206,0.001000
energy_work_corruption,7,13,1.0000,1,1,energy_work_corruption,0.040203,190.775549,0.031891,1.036676,0.695757,0.000000,0.000975,1356.041884,0.000000,1.148663,24.270222,2.564802,0.465080,0.480713,1.281936,0.005980,0.000000,0.000001,0.126555,0.001000
support_levitation,0,0,1.0000,1,1,support_levitation,0.086343,13.300731,0.000000,0.699022,0.115449,0.173913,0.000394,2094.420307,0.000000,2.466940,2.457366,0.268972,0.328760,0.083030,0.221807,0.089012,0.000000,0.000001,0.171835,0.001000
support_levitation,0,1,1.0000,1,1,support_levitation,0.086989,17.144127,0.005316,0.662488,0.147863,0.173913,0.000546,1172.625454,0.000000,2.485388,8.507455,0.851020,0.320276,0.221105,0.320726,0.090883,0.000000,0.000001,0.468882,0.001000
support_levitation,0,2,1.0000,1,1,support_levitation,0.087196,37.026628,0.026326,0.949984,0.155111,0.173913,0.001008,1443.707384,0.000000,2.491306,11.018839,1.340758,0.377556,0.330977,0.458136,0.090309,0.000000,0.000001,0.289766,0.001000
support_levitation,0,3,1.0000,1,1,support_levitation,0.086431,28.365479,0.013653,0.746671,0.140149,0.173913,0.000864,994.640224,0.000000,2.469461,6.334707,1.034224,0.345213,0.342342,0.358500,0.089759,0.000000,0.000001,0.215720,0.001000
support_levitation,0,4,1.0000,1,1,support_levitation,0.087057,27.016542,0.000000,0.476742,0.164693,0.173913,0.000370,561.557903,0.000000,2.487341,6.408388,1.320947,0.349054,0.477237,0.441914,0.092164,0.000000,0.291452,0.228736,0.001000
support_levitation,0,5,1.0000,1,1,support_levitation,0.084772,33.440680,0.035630,0.846270,0.178434,0.173913,0.000943,1013.332153,0.000000,2.422061,15.657473,1.997456,0.326335,0.385990,0.450251,0.090293,0.000000,0.000001,0.454621,0.001000
support_levitation,0,6,1.0000,1,1,support_levitation,0.086458,21.366407,0.003025,0.647123,0.181408,0.173913,0.000505,725.261906,0.000000,2.470237,5.976279,1.299444,0.319678,0.427236,0.408847,0.089502,0.000000,0.305319,0.267199,0.001000
support_levitation,0,7,1.0000,1,1,support_levitation,0.084721,16.010723,0.000000,0.665543,0.182321,0.173913,0.000382,1384.066612,0.000000,2.420600,5.162837,0.779586,0.292196,0.235052,0.356384,0.088889,0.000000,0.000001,0.303505,0.001000
support_levitation,0,8,1.0000,1,1,support_levitation,0.086043,17.735632,0.000000,0.865520,0.191341,0.173913,0.000394,1969.387399,0.000000,2.458382,10.329766,0.806999,0.377674,0.349447,0.408538,0.089557,0.000000,0.000001,0.551343,0.001000
support_levitation,0,9,1.0000,1,1,support_levitation,0.085764,16.852067,0.003148,0.690383,0.127735,0.173913,0.000371,1672.228038,0.000000,2.450394,3.124967,0.353625,0.346755,0.133354,0.254872,0.088866,0.000000,0.000001,0.175048,0.001000
support_levitation,0,10,1.0000,1,1,support_levitation,0.086384,28.856850,0.024732,0.576609,0.117332,0.173913,0.000483,629.488930,0.000000,2.468118,11.257142,1.316532,0.314428,0.388306,0.260920,0.089788,0.000000,0.234884,0.377037,0.001000
support_levitation,0,11,1.0000,1,1,support_levitation,0.087242,37.261684,0.005394,0.533877,0.141285,0.173913,0.000368,653.214980,0.000000,2.492626,6.283169,1.303881,0.317042,0.373999,0.339930,0.090785,0.000000,0.188014,0.164216,0.001000
support_levitation,0,12,1.0000,1,1,support_levitation,0.084713,13.090387,0.000000,0.718725,0.186104,0.173913,0.000508,1889.471145,0.000000,2.420365,3.702242,0.497829,0.316505,0.153441,0.357557,0.088976,0.000000,0.000001,0.262750,0.001000
support_levitation,0,13,1.0000,1,1,support_levitation,0.086737,38.556102,0.003927,0.489597,0.158666,0.173913,0.000639,585.048887,0.000000,2.478210,7.589738,1.186020,0.326447,0.398968,0.388037,0.089281,0.000000,0.253100,0.191873,0.001000
support_levitation,1,0,1.0000,1,1,support_levitation,0.087016,19.886996,0.000000,0.640567,0.105596,0.173913,0.000486,1017.926645,0.000000,2.486169,6.324873,0.708901,0.309596,0.181063,0.237848,0.089852,0.000000,0.000000,0.302814,0.001000
support_levitation,1,1,1.0000,1,1,support_levitation,0.085716,16.981010,0.003880,0.645111,0.127627,0.173913,0.000477,1163.569596,0.000000,2.449025,3.040391,0.597014,0.296277,0.161008,0.255558,0.089402,0.000000,0.072287,0.169089,0.001000
support_levitation,1,2,1.0000,1,1,support_levitation,0.087248,31.257625,0.000000,0.751501,0.203029,0.173913,0.000599,860.474734,0.000000,2.492800,5.996330,1.521367,0.293729,0.417393,0.433177,0.089801,0.000000,0.267993,0.185889,0.001000
support_levitation,1,3,1.0000,1,1,support_levitation,0.086187,25.330895,0.000000,0.793193,0.128244,0.173913,0.000753,897.523356,0.000000,2.462478,5.363201,0.748462,0.342617,0.289132,0.319177,0.091174,0.000000,0.201069,0.203685,0.001000
support_levitation,1,4,1.0000,1,1,support_levitation,0.084910,23.126993,0.002587,0.742187,0.137453,0.173913,0.000629,1204.194051,0.000000,2.425993,5.139287,0.732707,0.367606,0.218670,0.349094,0.089856,0.000000,0.000001,0.213010,0.001000
support_levitation,1,5,1.0000,1,1,support_levitation,0.085275,23.668849,0.000000,0.733852,0.140117,0.173913,0.000683,969.052989,0.000000,2.436429,13.599983,1.194508,0.388582,0.514334,0.472214,0.089507,0.000000,0.072204,0.551302,0.001000
support_levitation,1,6,1.0000,1,1,support_levitation,0.085533,27.202548,0.000000,0.713656,0.107939,0.173913,0.000479,1138.024998,0.000000,2.443804,5.136177,0.610319,0.350793,0.196918,0.269747,0.089384,0.000000,0.000001,0.182117,0.001000
support_levitation,1,7,1.0000,1,1,support_levitation,0.085320,16.623054,0.003391,0.709827,0.195844,0.173913,0.000573,1350.405785,0.000000,2.437724,6.880473,0.979009,0.337260,0.356408,0.421796,0.089446,0.000000,0.049665,0.390425,0.001000
support_levitation,1,8,1.0000,1,1,support_levitation,0.087866,35.635188,0.017345,0.869115,0.106138,0.173913,0.000695,912.337879,0.000000,2.510470,7.778075,1.064479,0.292353,0.234462,0.268481,0.090965,0.000000,0.081107,0.212312,0.001000
support_levitation,1,9,1.0000,1,1,support_levitation,0.086772,34.538939,0.027173,0.858489,0.136875,0.173913,0.000674,1040.651835,0.000000,2.479214,10.091845,1.271937,0.345656,0.307910,0.437793,0.090238,0.000000,0.014820,0.283966,0.001000
support_levitation,1,10,1.0000,1,1,support_levitation,0.082624,46.840656,0.026590,0.990320,0.160310,0.173913,0.000658,1065.717195,0.000000,2.360691,11.176765,1.172308,0.371710,0.329969,0.476827,0.093480,0.000000,0.000001,0.233625,0.001000
support_levitation,1,11,1.0000,1,1,support_levitation,0.086719,43.146568,0.002594,0.589266,0.155560,0.173913,0.000299,606.385177,0.000000,2.477699,6.876081,1.129654,0.383792,0.472435,0.439523,0.090425,0.000000,0.249562,0.155756,0.001000
support_levitation,1,12,1.0000,1,1,support_levitation,0.084367,13.892705,0.000000,0.619077,0.103440,0.173913,0.000434,1506.579411,0.000000,2.410486,2.387176,0.271999,0.287452,0.086565,0.186898,0.089048,0.000000,0.000001,0.160292,0.001000
support_levitation,1,13,1.0000,1,1,support_levitation,0.085039,22.858604,0.000000,0.669833,0.107232,0.173913,0.000528,1142.104224,0.000000,2.429696,5.232870,0.477277,0.334078,0.146963,0.234645,0.089536,0.000000,0.000003,0.219328,0.001000
support_levitation,2,0,1.0000,1,1,support_levitation,0.083649,32.229810,0.000000,0.734472,0.097369,0.173913,0.000899,1359.125113,0.000000,2.389968,7.682522,0.844388,0.357359,0.227186,0.304237,0.089301,0.000000,0.000000,0.231194,0.001000
support_levitation,2,1,1.0000,1,1,support_levitation,0.083766,41.623584,0.028481,0.986777,0.137545,0.173913,0.000890,1225.373756,0.000000,2.393312,10.668988,1.324512,0.376980,0.368198,0.483417,0.090345,0.000000,0.000000,0.250307,0.001000
support_levitation,2,2,1.0000,1,1,support_levitation,0.086333,38.826074,0.012052,0.565047,0.204324,0.173913,0.000381,686.102189,0.000000,2.466651,9.188248,1.681144,0.338214,0.636635,0.517580,0.090381,0.000000,0.357541,0.230709,0.001000
support_levitation,2,3,1.0000,1,1,support_levitation,0.084887,25.375275,0.000000,0.513366,0.105698,0.173913,0.000438,690.382641,0.000000,2.425343,6.341199,0.740374,0.318954,0.245502,0.234510,0.089892,0.000000,0.253004,0.240422,0.001000
support_levitation,2,4,1.0000,1,1,support_levitation,0.085568,43.110663,0.030666,0.936685,0.146475,0.173913,0.001100,1198.903228,0.000000,2.444814,21.312639,1.713953,0.394337,0.454745,0.533208,0.089305,0.000000,0.000001,0.483163,0.001000
support_levitation,2,5,1.0000,1,1,support_levitation,0.084379,39.594083,0.060291,1.020953,0.145361,0.173913,0.001267,1206.876803,0.000000,2.410842,16.504119,1.819799,0.333213,0.291595,0.439538,0.092268,0.000000,0.000001,0.406565,0.001000
support_levitation,2,6,1.0000,1,1,support_levitation,0.084592,17.237552,0.000294,0.626616,0.160812,0.173913,0.000477,1141.631297,0.000000,2.416916,7.542629,0.851618,0.301423,0.223646,0.340422,0.089295,0.000000,0.000002,0.413577,0.001000
support_levitation,2,7,1.0000,1,1,support_levitation,0.082194,48.260686,0.000314,0.876163,0.124573,0.173913,0.000379,902.412196,0.000000,2.348395,12.534420,1.243806,0.368843,0.429947,0.355531,0.094266,0.000000,0.172625,0.254451,0.001000
support_levitation,2,8,1.0000,1,1,support_levitation,0.087123,14.513430,0.000000,0.716416,0.114567,0.173913,0.000357,1968.979981,0.000000,2.489238,1.515442,0.201372,0.337831,0.063443,0.210041,0.088583,0.000000,0.000001,0.097686,0.001000
support_levitation,2,9,1.0000,1,1,support_levitation,0.086818,21.052930,0.003117,0.702133,0.113712,0.173913,0.000510,1094.160506,0.000000,2.480526,4.613354,0.635032,0.382888,0.293430,0.262287,0.090129,0.000000,0.137148,0.209195,0.001000
support_levitation,2,10,1.0000,1,1,support_levitation,0.085563,31.432778,0.007151,0.447301,0.149820,0.173913,0.000174,643.774387,0.000000,2.444648,6.937966,1.084117,0.333734,0.363506,0.355485,0.092719,0.000000,0.331773,0.213918,0.001000
support_levitation,2,11,1.0000,1,1,support_levitation,0.086945,41.567456,0.007740,0.809632,0.113699,0.173913,0.001339,1276.267311,0.000000,2.484140,11.944452,1.194028,0.346500,0.211386,0.362270,0.090709,0.000000,0.000001,0.280601,0.001000
support_levitation,2,12,1.0000,1,1,support_levitation,0.084497,24.813503,0.017625,0.757639,0.188243,0.173913,0.000593,1159.509258,0.000000,2.414186,12.081509,1.688488,0.350824,0.391915,0.502037,0.088750,0.000000,0.000001,0.468031,0.001000
support_levitation,2,13,1.0000,1,1,support_levitation,0.085638,20.798837,0.000000,0.641154,0.152583,0.173913,0.000629,978.862172,0.000000,2.446787,5.616073,0.938126,0.316381,0.275733,0.342495,0.090381,0.000000,0.105532,0.257632,0.001000
support_levitation,3,0,1.0000,1,1,support_levitation,0.085007,37.666082,0.000000,0.597946,0.186046,0.173913,0.000592,859.021063,0.000000,2.428778,8.030919,1.443454,0.297765,0.405493,0.447958,0.089627,0.000000,0.180345,0.207699,0.001000
support_levitation,3,1,1.0000,1,1,support_levitation,0.084268,26.832465,0.000000,0.615712,0.115303,0.173913,0.000515,675.854605,0.000000,2.407664,4.831865,0.933153,0.303417,0.287945,0.276514,0.089363,0.000000,0.210715,0.173605,0.001000
support_levitation,3,2,1.0000,1,1,support_levitation,0.087624,27.145593,0.023563,1.000089,0.135750,0.173913,0.001072,1513.592741,0.000000,2.503545,9.977628,0.891369,0.412754,0.295874,0.406221,0.089315,0.000000,0.000000,0.354501,0.001000
support_levitation,3,3,1.0000,1,1,support_levitation,0.085655,15.643708,0.001442,0.697002,0.182228,0.173913,0.000505,1259.329904,0.000000,2.447286,8.721692,0.944612,0.351945,0.322523,0.385535,0.090108,0.000000,0.000004,0.524023,0.001000
support_levitation,3,4,1.0000,1,1,support_levitation,0.086898,21.137820,0.000000,0.662909,0.114104,0.173913,0.000443,963.389767,0.000000,2.482790,4.440260,0.632661,0.303602,0.177155,0.257374,0.089304,0.000000,0.000001,0.200574,0.001000
support_levitation,3,5,1.0000,1,1,support_levitation,0.083941,20.855189,0.020733,0.580123,0.118745,0.173913,0.000962,1036.036265,0.000000,2.398302,4.871761,0.718221,0.291149,0.191974,0.274930,0.089656,0.000000,0.000001,0.222911,0.001000
support_levitation,3,6,1.0000,1,1,support_levitation,0.086144,21.088248,0.000000,0.594511,0.148604,0.173913,0.000315,819.946365,0.000000,2.461268,6.487901,1.024762,0.344102,0.382420,0.357103,0.090263,0.000000,0.291550,0.293726,0.001000
support_levitation,3,7,1.0000,1,1,support_levitation,0.088331,20.397480,0.012578,0.705392,0.139830,0.173913,0.000505,1261.137397,0.000000,2.523748,3.307912,0.660396,0.333091,0.215507,0.298400,0.089859,0.000000,0.000001,0.154594,0.001000
support_levitation,3,8,1.0000,1,1,support_levitation,0.084879,24.675820,0.000000,0.662964,0.122450,0.173913,0.000574,861.912672,0.000000,2.425120,6.441956,1.044567,0.333068,0.307912,0.309160,0.090593,0.000000,0.150431,0.250896,0.001000
support_levitation,3,9,1.0000,1,1,support_levitation,0.085974,16.801901,0.007790,0.701173,0.173220,0.173913,0.000453,1532.776067,0.000000,2.456386,7.326667,0.714670,0.343256,0.249606,0.344664,0.089274,0.000000,0.000001,0.411567,0.001000
support_levitation,3,10,1.0000,1,1,support_levitation,0.086950,20.533140,0.000000,0.644603,0.147742,0.173913,0.000387,1050.190381,0.000000,2.484299,4.569520,0.868041,0.315744,0.239819,0.333358,0.090010,0.000000,0.000001,0.212209,0.001000
support_levitation,3,11,1.0000,1,1,support_levitation,0.085940,17.169845,0.001610,0.809771,0.197194,0.173913,0.000415,2089.358387,0.000000,2.455442,3.158547,0.489205,0.367940,0.180833,0.404171,0.090384,0.000000,0.000001,0.173835,0.001000
support_levitation,3,12,1.0000,1,1,support_levitation,0.088604,34.495657,0.034123,0.895545,0.128696,0.173913,0.000694,960.839808,0.000000,2.531555,11.372876,1.245613,0.311913,0.233749,0.343124,0.095140,0.000000,0.015816,0.320402,0.001000
support_levitation,3,13,1.0000,1,1,support_levitation,0.086537,27.923128,0.004519,0.642660,0.120182,0.173913,0.000380,826.699097,0.000000,2.472499,5.475587,0.895891,0.326331,0.248873,0.296107,0.089331,0.000000,0.048517,0.189315,0.001000
support_levitation,4,0,1.0000,1,1,support_levitation,0.086185,14.589596,0.000000,0.771252,0.119610,0.173913,0.000521,2267.022885,0.000000,2.462425,2.604812,0.217736,0.380165,0.100330,0.239969,0.089754,0.000000,0.000001,0.167087,0.001000
support_levitation,4,1,1.0000,1,1,support_levitation,0.086397,14.723896,0.001799,0.654477,0.166552,0.173913,0.000423,1521.018652,0.000000,2.468475,3.825937,0.675454,0.286666,0.190149,0.319742,0.090236,0.000000,0.000001,0.243320,0.001000
support_levitation,4,2,1.0000,1,1,support_levitation,0.087227,35.498509,0.053040,0.900618,0.156717,0.173913,0.000851,1324.248797,0.000000,2.492188,18.749554,1.462652,0.399272,0.318960,0.514326,0.089221,0.000000,0.000000,0.513707,0.001000
support_levitation,4,3,1.0000,1,1,support_levitation,0.087758,26.080941,0.010804,0.738392,0.197050,0.173913,0.000548,984.631184,0.000000,2.507373,8.753931,1.438712,0.337466,0.348083,0.520891,0.088978,0.000000,0.000001,0.323251,0.001000
support_levitation,4,4,1.0000,1,1,support_levitation,0.084573,27.582740,0.015010,0.750988,0.179187,0.173913,0.000729,843.639744,0.000000,2.416366,11.969184,1.369153,0.371179,0.450434,0.472826,0.090812,0.000000,0.168827,0.418756,0.001000
support_levitation,4,5,1.0000,1,1,support_levitation,0.086914,40.752216,0.008540,0.566808,0.187630,0.173913,0.000715,573.760456,0.000000,2.483264,4.844666,1.481481,0.291848,0.477183,0.425443,0.092114,0.000000,0.333955,0.116034,0.001000
support_levitation,4,6,1.0000,1,1,support_levitation,0.084730,40.755338,0.005025,0.554021,0.175980,0.173913,0.000217,660.914131,0.000000,2.420854,9.062791,1.403986,0.354546,0.519428,0.498673,0.094516,0.000000,0.288284,0.217045,0.001000
support_levitation,4,7,1.0000,1,1,support_levitation,0.085538,12.729906,0.000000,0.682997,0.158262,0.173913,0.000413,1923.670439,0.000000,2.443939,3.875471,0.373540,0.306192,0.122058,0.317603,0.089177,0.000000,0.000001,0.282265,0.001000
support_levitation,4,8,1.0000,1,1,support_levitation,0.087680,17.291519,0.000000,0.705103,0.113518,0.173913,0.000645,1364.585151,0.000000,2.505150,5.370469,0.616943,0.384303,0.300038,0.228790,0.089417,0.000000,0.000001,0.293604,0.001000
support_levitation,4,9,1.0000,1,1,support_levitation,0.085372,44.246885,0.026838,0.514776,0.153432,0.173913,0.001228,1174.009700,0.000000,2.439195,11.524709,1.493773,0.318723,0.291950,0.351824,0.091261,0.000000,0.030780,0.254707,0.001000
support_levitation,4,10,1.0000,1,1,support_levitation,0.086393,20.029526,0.003090,0.779032,0.140363,0.173913,0.000382,1558.939993,0.000000,2.468359,3.532181,0.491737,0.383902,0.217655,0.301977,0.089628,0.000000,0.000001,0.167963,0.001000
support_levitation,4,11,1.0000,1,1,support_levitation,0.087589,27.098599,0.006537,0.770295,0.183282,0.173913,0.000652,1348.561137,0.000000,2.502529,13.504324,1.549669,0.373428,0.630472,0.484158,0.090729,0.000000,0.074900,0.480605,0.001000
support_levitation,4,12,1.0000,1,1,support_levitation,0.082956,16.268296,0.000000,0.748024,0.117214,0.173913,0.000413,2093.362592,0.000000,2.370179,3.110180,0.245778,0.356319,0.091570,0.227403,0.088626,0.000000,0.000001,0.180109,0.001000
support_levitation,4,13,1.0000,1,1,support_levitation,0.084766,13.705548,0.000000,0.664188,0.188357,0.173913,0.000456,1568.748519,0.000000,2.421899,7.410856,0.754871,0.303587,0.210791,0.370077,0.090302,0.000000,0.000001,0.503950,0.001000
support_levitation,5,0,1.0000,1,1,support_levitation,0.087748,33.669009,0.000330,0.687260,0.173615,0.173913,0.000682,890.107208,0.000000,2.507099,7.277522,1.197498,0.370782,0.418340,0.518078,0.090894,0.000000,0.164581,0.209914,0.001000
support_levitation,5,1,1.0000,1,1,support_levitation,0.085435,20.083154,0.000000,0.759007,0.102982,0.173913,0.000485,1266.411569,0.000000,2.440997,7.909426,0.692395,0.380572,0.233712,0.241253,0.089539,0.000000,0.000001,0.375154,0.001000
support_levitation,5,2,1.0000,1,1,support_levitation,0.084950,22.304358,0.000000,0.612423,0.114700,0.173913,0.000628,1080.608219,0.000000,2.427156,7.263018,0.695314,0.299760,0.161941,0.231182,0.089585,0.000000,0.037499,0.311659,0.001000
support_levitation,5,3,1.0000,1,1,support_levitation,0.084983,48.279120,0.007604,0.974072,0.110494,0.173913,0.001822,1275.090441,0.000000,2.428072,12.853277,1.161817,0.401901,0.325011,0.363707,0.089662,0.000000,0.000000,0.260826,0.001000
support_levitation,5,4,1.0000,1,1,support_levitation,0.086430,13.749548,0.000000,0.718764,0.169009,0.173913,0.000432,2066.947593,0.000000,2.469417,4.742937,0.382558,0.326632,0.126971,0.330885,0.090371,0.000000,0.000001,0.321565,0.001000
support_levitation,5,5,1.0000,1,1,support_levitation,0.086033,27.924459,0.000000,0.737236,0.145871,0.173913,0.000499,1242.949955,0.000000,2.458092,6.525791,0.783697,0.385877,0.254655,0.342275,0.091283,0.000000,0.000003,0.225615,0.001000
support_levitation,5,6,1.0000,1,1,support_levitation,0.085340,14.353171,0.000000,0.778573,0.164705,0.173913,0.000391,1972.370153,0.000000,2.438272,5.619259,0.381066,0.379710,0.155540,0.358818,0.089198,0.000000,0.000000,0.366000,0.001000
support_levitation,5,7,1.0000,1,1,support_levitation,0.091383,23.517090,0.002522,0.650330,0.165621,0.173913,0.000734,966.999916,0.000000,2.610951,8.607426,1.081741,0.291909,0.222973,0.351998,0.091256,0.000000,0.000000,0.351079,0.001000
support_levitation,5,8,1.0000,1,1,support_levitation,0.087180,16.980546,0.000000,0.771255,0.117782,0.173913,0.000399,1589.066046,0.000000,2.490855,5.664929,0.519120,0.370027,0.198129,0.254112,0.090222,0.000000,0.000001,0.315059,0.001000
support_levitation,5,9,1.0000,1,1,support_levitation,0.086977,24.319789,0.034085,0.704122,0.147357,0.173913,0.000779,1224.077029,0.000000,2.485062,8.652408,0.986212,0.317502,0.217701,0.371520,0.090416,0.000000,0.000000,0.341725,0.001000
support_levitation,5,10,1.0000,1,1,support_levitation,0.085004,14.229588,0.001103,0.634623,0.110412,0.173913,0.000387,1309.596555,0.000000,2.428691,3.478458,0.416742,0.289971,0.115900,0.194300,0.089460,0.000000,0.000004,0.228401,0.001000
support_levitation,5,11,1.0000,1,1,support_levitation,0.085410,18.378979,0.008731,0.680919,0.161503,0.173913,0.000615,1448.627454,0.000000,2.440288,6.929315,0.748420,0.334125,0.272572,0.343938,0.089306,0.000000,0.000001,0.357569,0.001000
support_levitation,5,12,1.0000,1,1,support_levitation,0.084126,14.001710,0.000000,0.658739,0.139899,0.173913,0.000455,1629.515704,0.000000,2.403596,2.590969,0.391920,0.300634,0.117117,0.257280,0.089917,0.000000,0.000001,0.172712,0.001000
support_levitation,5,13,1.0000,1,1,support_levitation,0.087486,32.085180,0.024110,0.658148,0.159925,0.173913,0.000452,708.122607,0.000000,2.499600,7.129121,1.442900,0.288356,0.327838,0.397353,0.092534,0.000000,0.168987,0.215478,0.001000
support_levitation,6,0,1.0000,1,1,support_levitation,0.086607,32.567543,0.000000,0.723082,0.103333,0.173913,0.000626,825.814671,0.000000,2.474482,12.159353,1.047782,0.308086,0.254218,0.278959,0.089072,0.000000,0.000001,0.362235,0.001000
support_levitation,6,1,1.0000,1,1,support_levitation,0.085747,24.042461,0.003287,0.632985,0.197556,0.173913,0.000541,784.884435,0.000000,2.449904,8.838679,1.441620,0.300286,0.444529,0.454056,0.089730,0.000000,0.252704,0.352948,0.001000
support_levitation,6,2,1.0000,1,1,support_levitation,0.087389,29.083116,0.003202,0.504337,0.142308,0.173913,0.000735,588.725307,0.000000,2.496817,6.448183,1.154853,0.326644,0.355517,0.356492,0.093580,0.000000,0.336859,0.214346,0.001000
support_levitation,6,3,1.0000,1,1,support_levitation,0.085615,18.519050,0.008777,0.666375,0.112046,0.173913,0.000817,945.898933,0.000000,2.446135,5.458614,0.737261,0.303250,0.213982,0.239303,0.089023,0.000000,0.062077,0.279656,0.001000
support_levitation,6,4,1.0000,1,1,support_levitation,0.085981,22.050910,0.000000,0.648006,0.132828,0.173913,0.000442,928.272623,0.000000,2.456591,5.185302,0.790582,0.316329,0.227015,0.329591,0.090041,0.000000,0.059067,0.224950,0.001000
support_levitation,6,5,1.0000,1,1,support_levitation,0.085888,21.824769,0.000000,0.779499,0.107814,0.173913,0.000524,1317.136468,0.000000,2.453940,4.344643,0.487431,0.384640,0.206381,0.264084,0.089515,0.000000,0.000000,0.190348,0.001000
support_levitation,6,6,1.0000,1,1,support_levitation,0.085053,19.828055,0.000608,0.710857,0.110850,0.173913,0.000576,1263.551076,0.000000,2.430079,3.919306,0.462546,0.349844,0.170306,0.221614,0.090085,0.000000,0.000001,0.188174,0.001000
support_levitation,6,7,1.0000,1,1,support_levitation,0.085112,18.384398,0.000964,0.619547,0.115947,0.173913,0.000486,1176.761069,0.000000,2.431785,3.376139,0.514834,0.305840,0.153604,0.220836,0.089727,0.000000,0.000004,0.174168,0.001000
support_levitation,6,8,1.0000,1,1,support_levitation,0.086538,26.570479,0.000000,0.663298,0.203311,0.173913,0.000667,862.863536,0.000000,2.472500,10.560447,1.315977,0.319064,0.375539,0.479622,0.089179,0.000000,0.192887,0.383035,0.001000
support_levitation,6,9,1.0000,1,1,support_levitation,0.083908,43.515079,0.029275,0.889595,0.171224,0.173913,0.001106,970.535249,0.000000,2.397358,14.143834,1.672845,0.371792,0.550086,0.565320,0.089190,0.000000,0.033830,0.317731,0.001000
support_levitation,6,10,1.0000,1,1,support_levitation,0.085099,21.065028,0.000000,0.794481,0.156344,0.173913,0.000568,1552.844808,0.000000,2.431413,4.417211,0.690860,0.363651,0.259588,0.360430,0.088874,0.000000,0.000000,0.200191,0.001000
support_levitation,6,11,1.0000,1,1,support_levitation,0.086860,25.892513,0.000000,0.851280,0.141614,0.173913,0.000749,1177.446043,0.000000,2.481701,7.769209,0.945341,0.381674,0.297952,0.396188,0.090427,0.000000,0.000004,0.288899,0.001000
support_levitation,6,12,1.0000,1,1,support_levitation,0.085680,15.425946,0.000000,0.706060,0.123022,0.173913,0.000454,1540.780901,0.000000,2.448007,6.229042,0.542702,0.355333,0.173846,0.269309,0.090495,0.000000,0.000001,0.379220,0.001000
support_levitation,6,13,1.0000,1,1,support_levitation,0.085221,28.759507,0.000000,0.669028,0.154712,0.173913,0.000170,672.321985,0.000000,2.434888,6.150211,1.219530,0.326824,0.413023,0.449199,0.090032,0.000000,0.346594,0.206664,0.001000
support_levitation,7,0,1.0000,1,1,support_levitation,0.085452,19.408905,0.000000,0.803105,0.185077,0.173913,0.000379,1515.781017,0.000000,2.441478,8.219071,0.802124,0.386723,0.316212,0.465513,0.090158,0.000000,0.000000,0.402720,0.001000
support_levitation,7,1,1.0000,1,1,support_levitation,0.085659,24.852105,0.000000,0.658801,0.174881,0.173913,0.000378,987.879998,0.000000,2.447386,5.360469,1.153809,0.344989,0.424135,0.403714,0.088944,0.000000,0.300172,0.207351,0.001000
support_levitation,7,2,1.0000,1,1,support_levitation,0.086693,16.585692,0.000000,0.688682,0.128460,0.173913,0.000372,1343.246243,0.000000,2.476945,2.734092,0.486458,0.321028,0.167214,0.272157,0.090060,0.000000,0.000007,0.155473,0.001000
support_levitation,7,3,1.0000,1,1,support_levitation,0.089705,26.585188,0.000000,0.806749,0.211702,0.173913,0.000522,1241.862809,0.000000,2.562990,5.377576,0.920351,0.382134,0.352723,0.484021,0.090210,0.000000,0.063495,0.194944,0.001000
support_levitation,7,4,1.0000,1,1,support_levitation,0.083852,19.893830,0.001909,0.782549,0.176245,0.173913,0.000589,1668.689517,0.000000,2.395784,4.786292,0.803156,0.372016,0.294477,0.399195,0.090028,0.000000,0.000001,0.229077,0.001000
support_levitation,7,5,1.0000,1,1,support_levitation,0.086722,16.917043,0.000000,0.750882,0.183598,0.173913,0.000446,1417.672459,0.000000,2.477781,8.789930,0.814215,0.330043,0.271204,0.402065,0.090645,0.000000,0.000001,0.490590,0.001000
support_levitation,7,6,1.0000,1,1,support_levitation,0.086488,44.463384,0.007923,0.880662,0.195473,0.173913,0.000545,921.205341,0.000000,2.471094,8.987772,1.517335,0.370182,0.523486,0.550745,0.089497,0.000000,0.183630,0.197693,0.001000
support_levitation,7,7,1.0000,1,1,support_levitation,0.086897,35.729079,0.000000,0.750874,0.139322,0.173913,0.000475,893.470546,0.000000,2.482777,7.609585,0.983698,0.367019,0.398705,0.368067,0.090596,0.000000,0.140043,0.207181,0.001000
support_levitation,7,8,1.0000,1,1,support_levitation,0.086206,16.331731,0.000386,0.732413,0.153558,0.173913,0.000408,1735.577808,0.000000,2.463030,2.926456,0.559679,0.349088,0.184363,0.292966,0.089163,0.000000,0.000001,0.168850,0.001000
support_levitation,7,9,1.0000,1,1,support_levitation,0.088092,23.011881,0.000000,0.581460,0.107602,0.173913,0.000614,722.382346,0.000000,2.516903,6.193497,0.922625,0.307097,0.295871,0.235650,0.089654,0.000000,0.196366,0.257935,0.001000
support_levitation,7,10,1.0000,1,1,support_levitation,0.085911,16.184753,0.000000,0.675729,0.123807,0.173913,0.000478,1322.584669,0.000000,2.454602,4.028106,0.520083,0.313713,0.165741,0.249760,0.089337,0.000000,0.000001,0.234400,0.001000
support_levitation,7,11,1.0000,1,1,support_levitation,0.086513,17.663537,0.000000,0.668714,0.148997,0.173913,0.000412,1275.810554,0.000000,2.471791,4.007341,0.702161,0.301507,0.217175,0.284371,0.089097,0.000000,0.000002,0.214715,0.001000
support_levitation,7,12,1.0000,1,1,support_levitation,0.088145,21.952687,0.000000,0.671267,0.178496,0.173913,0.000613,1110.773670,0.000000,2.518424,4.979981,0.963260,0.316751,0.302581,0.386787,0.089487,0.000000,0.000001,0.216967,0.001000
support_levitation,7,13,1.0000,1,1,support_levitation,0.085284,35.158619,0.034729,1.104549,0.161921,0.173913,0.000975,1444.824094,0.000000,2.436688,16.059234,1.820036,0.428557,0.506698,0.699435,0.090778,0.000000,0.000001,0.444133,0.001000
actuator_saturation,0,0,1.0000,1,1,actuator_saturation,0.045374,15.719930,0.000000,0.900669,0.006538,0.000000,0.000394,3039.027109,4.536245,1.296406,2.457366,0.300422,0.406662,0.083030,0.102566,0.005316,0.000000,0.000001,0.146972,0.001000
actuator_saturation,0,1,1.0000,1,1,actuator_saturation,0.046221,19.411771,0.000000,4.608191,0.015363,0.000000,0.000546,7492.484080,4.608191,1.320601,8.507455,0.991005,0.398704,0.221105,0.185443,0.005439,0.000000,0.060911,0.416792,0.001000
actuator_saturation,0,2,1.0000,1,1,actuator_saturation,0.043759,36.795242,0.016983,4.375549,0.027838,0.000000,0.001008,6381.454332,4.375549,1.250244,12.778291,1.630717,0.454920,0.330977,0.304924,0.006168,0.000000,0.000001,0.338093,0.001000
actuator_saturation,0,3,1.0000,1,1,actuator_saturation,0.046906,31.026041,0.006314,4.690395,0.014460,0.000000,0.000864,6248.075285,4.690395,1.340179,6.334707,1.299148,0.424457,0.342342,0.226378,0.005832,0.000000,0.101948,0.197799,0.001000
actuator_saturation,0,4,1.0000,1,1,actuator_saturation,0.044903,27.055472,0.000000,0.645312,0.017810,0.000000,0.000370,883.379023,4.488687,1.282929,6.408388,1.561653,0.425881,0.477237,0.270110,0.008178,0.000000,0.365762,0.228418,0.001000
actuator_saturation,0,5,1.0000,1,1,actuator_saturation,0.044552,33.630236,0.036213,0.800448,0.023509,0.000000,0.000943,923.581011,4.454018,1.272901,15.657473,2.222703,0.390676,0.385990,0.293260,0.006469,0.000000,0.000001,0.452133,0.001000
actuator_saturation,0,6,1.0000,1,1,actuator_saturation,0.046267,23.261016,0.000441,0.648708,0.016322,0.000000,0.000505,1286.116660,4.616634,1.321906,5.976279,1.565541,0.403086,0.427236,0.242694,0.005634,0.000000,0.437635,0.246333,0.001000
actuator_saturation,0,7,1.0000,1,1,actuator_saturation,0.046967,15.014639,0.000000,4.688040,0.010565,0.000000,0.000382,9749.277597,4.688040,1.341901,5.162837,1.010990,0.374067,0.235052,0.178997,0.005443,0.000000,0.221687,0.322382,0.001000
actuator_saturation,0,8,1.0000,1,1,actuator_saturation,0.046988,15.444379,0.000000,4.698686,0.018174,0.000000,0.000394,10691.298047,4.698686,1.342505,10.329766,1.051023,0.458147,0.349447,0.233956,0.004918,0.000000,0.000001,0.628164,0.001000
actuator_saturation,0,9,1.0000,1,1,actuator_saturation,0.043415,15.499892,0.000000,4.334738,0.011397,0.000000,0.000371,10499.494184,4.334738,1.240437,3.124967,0.428515,0.426053,0.133354,0.121916,0.005166,0.000000,0.000001,0.189393,0.001000
actuator_saturation,0,10,1.0000,1,1,actuator_saturation,0.045467,29.429781,0.007066,0.552749,0.010513,0.000000,0.000483,911.224737,4.546195,1.299062,11.257142,1.443852,0.392357,0.388306,0.160928,0.006275,0.000000,0.333785,0.369938,0.001000
actuator_saturation,0,11,1.0000,1,1,actuator_saturation,0.046297,39.827009,0.010483,0.595824,0.015795,0.000000,0.000368,616.722033,4.629057,1.322774,6.283169,1.418602,0.397312,0.373999,0.204943,0.005207,0.000000,0.365814,0.153897,0.001000
actuator_saturation,0,12,1.0000,1,1,actuator_saturation,0.043692,15.039094,0.004787,4.362451,0.010291,0.000000,0.000508,11468.540807,4.362451,1.248347,3.702242,0.622948,0.393062,0.153441,0.175784,0.004994,0.000000,0.000001,0.230826,0.001000
actuator_saturation,0,13,1.0000,1,1,actuator_saturation,0.046941,37.633916,0.000000,0.654568,0.016080,0.000000,0.000639,653.187679,4.679195,1.341179,7.589738,1.419863,0.411367,0.398968,0.247908,0.005704,0.000000,0.442580,0.196453,0.001000
actuator_saturation,1,0,1.0000,1,1,actuator_saturation,0.046535,19.441853,0.001238,0.728370,0.008184,0.000000,0.000486,1157.454303,4.653046,1.329560,6.324873,0.797398,0.392815,0.181063,0.127732,0.005469,0.000000,0.000001,0.309408,0.001000
actuator_saturation,1,1,1.0000,1,1,actuator_saturation,0.045242,15.700291,0.000000,0.777534,0.009166,0.000000,0.000477,1402.417276,4.519775,1.292622,3.040391,0.696810,0.378482,0.161008,0.131805,0.005025,0.000000,0.300925,0.182056,0.001000
actuator_saturation,1,2,1.0000,1,1,actuator_saturation,0.046131,29.841966,0.000000,0.559421,0.022257,0.000000,0.000599,640.541366,4.612860,1.318031,5.996330,1.730115,0.378688,0.417393,0.246418,0.005388,0.000000,0.377044,0.194421,0.001000
actuator_saturation,1,3,1.0000,1,1,actuator_saturation,0.044104,23.575996,0.000000,4.410280,0.010286,0.000000,0.000753,4990.370961,4.410280,1.260119,6.266159,1.007359,0.420603,0.289132,0.203130,0.005334,0.000000,0.321816,0.254971,0.001000
actuator_saturation,1,4,1.0000,1,1,actuator_saturation,0.045669,22.452249,0.000000,4.561390,0.015344,0.000000,0.000629,7034.095342,4.561390,1.304831,5.139287,0.870580,0.445356,0.218670,0.222015,0.005543,0.000000,0.000001,0.219138,0.001000
actuator_saturation,1,5,1.0000,1,1,actuator_saturation,0.048418,27.370634,0.000000,0.954433,0.021622,0.000000,0.000683,1212.629339,4.840300,1.383362,13.599983,1.559626,0.476349,0.514334,0.322630,0.004836,0.000000,0.236127,0.479368,0.001000
actuator_saturation,1,6,1.0000,1,1,actuator_saturation,0.046755,24.948159,0.000000,0.824366,0.011695,0.000000,0.000479,1189.852964,4.667657,1.335843,8.218051,0.841070,0.428757,0.196918,0.151387,0.005562,0.000000,0.000001,0.316710,0.001000
actuator_saturation,1,7,1.0000,1,1,actuator_saturation,0.046232,18.635223,0.000000,0.812481,0.015309,0.000000,0.000573,1641.077047,4.622539,1.320927,6.880473,1.206915,0.422471,0.356408,0.213925,0.005790,0.000000,0.230319,0.350415,0.001000
actuator_saturation,1,8,1.0000,1,1,actuator_saturation,0.049871,34.491857,0.000000,0.723338,0.011821,0.000000,0.000695,759.311296,4.983681,1.424874,7.778075,1.230514,0.378105,0.234462,0.159693,0.007014,0.000000,0.416438,0.219151,0.001000
actuator_saturation,1,9,1.0000,1,1,actuator_saturation,0.044992,33.669840,0.037979,0.747586,0.033676,0.000000,0.000674,1128.731769,4.498863,1.285499,10.091845,1.570169,0.424751,0.307910,0.286434,0.006144,0.000000,0.056367,0.291084,0.001000
actuator_saturation,1,10,1.0000,1,1,actuator_saturation,0.048030,45.202226,0.031017,4.800142,0.028753,0.000000,0.000658,5165.597366,4.800142,1.372283,11.176765,1.722005,0.450490,0.329969,0.357757,0.011021,0.000000,0.023112,0.241910,0.001000
actuator_saturation,1,11,1.0000,1,1,actuator_saturation,0.045928,43.657620,0.000000,0.647905,0.034726,0.000000,0.000299,666.727358,4.590786,1.312216,6.876081,1.408072,0.466432,0.472435,0.320936,0.009487,0.000000,0.386827,0.153973,0.001000
actuator_saturation,1,12,1.0000,1,1,actuator_saturation,0.044496,12.457699,0.000000,0.724614,0.005781,0.000000,0.000434,3243.198755,4.448310,1.271305,2.387176,0.375923,0.367152,0.086565,0.087708,0.005537,0.000000,0.000003,0.177384,0.001000
actuator_saturation,1,13,1.0000,1,1,actuator_saturation,0.045855,20.681124,0.000000,0.913125,0.010436,0.000000,0.000528,1512.086563,4.584106,1.310140,5.232870,0.592161,0.415396,0.146963,0.127214,0.005283,0.000000,0.165991,0.241356,0.001000
actuator_saturation,2,0,1.0000,1,1,actuator_saturation,0.047738,32.561544,0.022775,1.080076,0.014406,0.000000,0.000899,1584.126686,4.765756,1.363931,7.682522,1.127620,0.434725,0.227186,0.192330,0.005505,0.000000,0.000001,0.228908,0.001000
actuator_saturation,2,1,1.0000,1,1,actuator_saturation,0.046607,41.816396,0.022182,4.660101,0.023848,0.000000,0.000890,5786.885059,4.660101,1.331637,10.668988,1.579446,0.452974,0.368198,0.340109,0.006910,0.000000,0.000001,0.249180,0.001000
actuator_saturation,2,2,1.0000,1,1,actuator_saturation,0.044944,39.525858,0.009262,0.579664,0.031376,0.000000,0.000381,755.783859,4.491316,1.284108,9.188248,2.117878,0.417955,0.636635,0.347542,0.005274,0.000000,0.391802,0.226726,0.001000
actuator_saturation,2,3,1.0000,1,1,actuator_saturation,0.046046,23.172374,0.000000,0.645922,0.008530,0.000000,0.000438,1962.438939,4.604345,1.315595,6.341199,0.886215,0.397888,0.245502,0.132358,0.005063,0.000000,0.376344,0.262332,0.001000
actuator_saturation,2,4,1.0000,1,1,actuator_saturation,0.047599,43.232330,0.017259,4.751694,0.031357,0.000000,0.001100,6081.896968,4.751694,1.359974,21.312639,1.868174,0.475714,0.454745,0.355979,0.005698,0.000000,0.000001,0.481834,0.001000
actuator_saturation,2,5,1.0000,1,1,actuator_saturation,0.047167,40.436878,0.085945,1.114037,0.036103,0.000000,0.001267,1316.911813,4.714910,1.347628,16.504119,2.485362,0.405401,0.291595,0.292224,0.011751,0.000000,0.000001,0.398295,0.001000
actuator_saturation,2,6,1.0000,1,1,actuator_saturation,0.044088,16.266437,0.000000,4.408841,0.011570,0.000000,0.000477,8032.465426,4.408841,1.259669,7.542629,0.958778,0.377459,0.223646,0.177882,0.005418,0.000000,0.215272,0.436838,0.001000
actuator_saturation,2,7,1.0000,1,1,actuator_saturation,0.045239,46.942801,0.000000,1.015890,0.019429,0.000000,0.000379,1226.115792,4.523388,1.292550,12.534420,1.377822,0.453622,0.429947,0.251867,0.009298,0.000000,0.419817,0.261445,0.001000
actuator_saturation,2,8,1.0000,1,1,actuator_saturation,0.043667,12.833237,0.000000,4.366229,0.008084,0.000000,0.000357,12000.040648,4.366229,1.247615,1.515442,0.222423,0.417100,0.063443,0.111599,0.005073,0.000000,0.000001,0.109551,0.001000
actuator_saturation,2,9,1.0000,1,1,actuator_saturation,0.045451,20.944121,0.002245,1.066057,0.013277,0.000000,0.000510,2072.050419,4.545057,1.298606,4.613354,0.811524,0.467748,0.293430,0.142833,0.005934,0.000000,0.290714,0.210232,0.001000
actuator_saturation,2,10,1.0000,1,1,actuator_saturation,0.044286,30.215458,0.004547,0.459720,0.020147,0.000000,0.000174,986.181934,4.427743,1.265312,6.937966,1.284946,0.414233,0.363506,0.240101,0.008604,0.000000,0.459491,0.222261,0.001000
actuator_saturation,2,11,1.0000,1,1,actuator_saturation,0.046382,40.915634,0.026696,4.628546,0.017363,0.000000,0.001339,5824.667882,4.628546,1.325193,11.944452,1.619226,0.423433,0.211386,0.244315,0.005957,0.000000,0.000001,0.284964,0.001000
actuator_saturation,2,12,1.0000,1,1,actuator_saturation,0.046595,24.457834,0.011647,4.657416,0.022902,0.000000,0.000593,6372.784812,4.657416,1.331295,12.081509,1.821392,0.431532,0.391915,0.329071,0.005690,0.000000,0.045718,0.474569,0.001000
actuator_saturation,2,13,1.0000,1,1,actuator_saturation,0.046877,19.382147,0.000000,0.683443,0.013548,0.000000,0.000629,1166.921780,4.685864,1.339336,5.616073,1.057260,0.392302,0.275733,0.186479,0.005273,0.000000,0.290614,0.275539,0.001000
actuator_saturation,3,0,1.0000,1,1,actuator_saturation,0.045131,37.516778,0.000000,0.646090,0.014656,0.000000,0.000592,695.694692,4.512537,1.289443,8.030919,1.739645,0.376002,0.405493,0.256763,0.006945,0.000000,0.285177,0.208504,0.001000
actuator_saturation,3,1,1.0000,1,1,actuator_saturation,0.044167,26.749504,0.008323,0.866002,0.010541,0.000000,0.000515,950.592957,4.409975,1.261923,4.831865,1.135091,0.380125,0.287945,0.158470,0.005395,0.000000,0.375381,0.174124,0.001000
actuator_saturation,3,2,1.0000,1,1,actuator_saturation,0.042128,28.111681,0.022080,4.210603,0.019019,0.000000,0.001072,6372.570197,4.210603,1.203671,9.977628,1.158340,0.480813,0.295874,0.271517,0.005488,0.000000,0.000001,0.342736,0.001000
actuator_saturation,3,3,1.0000,1,1,actuator_saturation,0.043012,17.266147,0.003220,0.912369,0.014381,0.000000,0.000505,1568.387564,4.300082,1.228914,8.721692,1.079534,0.431099,0.322523,0.230433,0.005865,0.000000,0.159164,0.477478,0.001000
actuator_saturation,3,4,1.0000,1,1,actuator_saturation,0.047034,23.488447,0.000000,0.706837,0.008760,0.000000,0.000443,1027.230111,4.701356,1.343818,4.440260,0.804154,0.386058,0.177155,0.136529,0.005066,0.000000,0.111523,0.181321,0.001000
actuator_saturation,3,5,1.0000,1,1,actuator_saturation,0.048942,23.290621,0.016812,0.857797,0.012590,0.000000,0.000962,1198.138105,4.894170,1.398338,7.838801,1.050956,0.377915,0.191974,0.155335,0.005697,0.000000,0.113078,0.322709,0.001000
actuator_saturation,3,6,1.0000,1,1,actuator_saturation,0.047004,20.260602,0.000000,4.700449,0.016836,0.000000,0.000315,5247.010380,4.700449,1.342985,6.487901,1.284276,0.422432,0.382420,0.223534,0.005888,0.000000,0.479961,0.305161,0.001000
actuator_saturation,3,7,1.0000,1,1,actuator_saturation,0.046294,18.282148,0.000000,0.961437,0.012364,0.000000,0.000505,2010.657476,4.624211,1.322683,3.307912,0.751250,0.417398,0.215507,0.154670,0.005953,0.000000,0.099100,0.171553,0.001000
actuator_saturation,3,8,1.0000,1,1,actuator_saturation,0.042345,25.455088,0.004353,0.738199,0.017204,0.000000,0.000574,1299.749215,4.230382,1.209846,6.441956,1.193231,0.409545,0.307912,0.192074,0.005708,0.000000,0.231794,0.243505,0.001000
actuator_saturation,3,9,1.0000,1,1,actuator_saturation,0.044989,15.542695,0.000000,4.498911,0.014194,0.000000,0.000453,9834.690901,4.498911,1.285404,7.326667,0.825282,0.423616,0.249606,0.172431,0.005307,0.000000,0.000003,0.442894,0.001000
actuator_saturation,3,10,1.0000,1,1,actuator_saturation,0.047318,20.432432,0.000000,1.059582,0.010668,0.000000,0.000387,1703.065830,4.731274,1.351940,5.175805,1.074748,0.403471,0.239819,0.186299,0.005130,0.000000,0.081636,0.241494,0.001000
actuator_saturation,3,11,1.0000,1,1,actuator_saturation,0.047078,15.535912,0.000000,4.702602,0.019374,0.000000,0.000415,12133.582099,4.702602,1.345083,3.158547,0.601214,0.452727,0.180833,0.225328,0.004746,0.000000,0.000001,0.191011,0.001000
actuator_saturation,3,12,1.0000,1,1,actuator_saturation,0.048149,35.273828,0.031134,4.812679,0.027018,0.000000,0.000694,5163.574757,4.812679,1.375689,11.372876,1.404131,0.384939,0.233749,0.204010,0.009561,0.000000,0.211320,0.313528,0.001000
actuator_saturation,3,13,1.0000,1,1,actuator_saturation,0.048039,26.287962,0.000000,0.834738,0.012521,0.000000,0.000380,3455.180755,4.803797,1.372534,5.475587,1.032998,0.414444,0.248873,0.180532,0.006014,0.000000,0.268493,0.200659,0.001000
actuator_saturation,4,0,1.0000,1,1,actuator_saturation,0.044230,13.362973,0.000000,0.971088,0.011457,0.000000,0.000521,6133.157073,4.414715,1.263707,2.604812,0.294498,0.462524,0.100330,0.116960,0.005253,0.000000,0.000001,0.181356,0.001000
actuator_saturation,4,1,1.0000,1,1,actuator_saturation,0.046058,16.175201,0.000000,0.769259,0.009110,0.000000,0.000423,2115.518537,4.593606,1.315937,3.825937,0.825511,0.370204,0.190149,0.154128,0.005299,0.000000,0.148826,0.222759,0.001000
actuator_saturation,4,2,1.0000,1,1,actuator_saturation,0.045098,37.330001,0.019907,4.509735,0.039210,0.000000,0.000851,6631.016505,4.509735,1.288500,18.749554,1.796492,0.480711,0.318960,0.338598,0.005957,0.000000,0.000001,0.489161,0.001000
actuator_saturation,4,3,1.0000,1,1,actuator_saturation,0.045511,25.969579,0.005580,4.539425,0.021972,0.000000,0.000548,6053.234106,4.539425,1.300324,8.753931,1.579074,0.416861,0.348083,0.324849,0.005935,0.000000,0.131586,0.324585,0.001000
actuator_saturation,4,4,1.0000,1,1,actuator_saturation,0.043947,26.511582,0.008632,0.871578,0.028964,0.000000,0.000729,979.106707,4.393223,1.255627,11.969184,1.565551,0.451113,0.450434,0.332875,0.005601,0.000000,0.338940,0.435060,0.001000
actuator_saturation,4,5,1.0000,1,1,actuator_saturation,0.045784,40.460055,0.015937,0.316853,0.014169,0.000000,0.000715,766.705094,4.570851,1.308116,4.844666,1.887678,0.376914,0.477183,0.218803,0.007998,0.000000,0.364189,0.116851,0.001000
actuator_saturation,4,6,1.0000,1,1,actuator_saturation,0.043835,40.196436,0.001761,0.555618,0.022867,0.000000,0.000217,877.426339,4.380846,1.252417,9.062791,1.695022,0.436744,0.519428,0.322910,0.010675,0.000000,0.396091,0.219990,0.001000
actuator_saturation,4,7,1.0000,1,1,actuator_saturation,0.043079,14.615156,0.000000,0.813814,0.009090,0.000000,0.000413,2292.119077,4.307449,1.230841,3.875471,0.485667,0.382719,0.122058,0.132871,0.004814,0.000000,0.000001,0.248187,0.001000
actuator_saturation,4,8,1.0000,1,1,actuator_saturation,0.045755,15.340555,0.000000,0.762303,0.011437,0.000000,0.000645,1475.282877,4.569650,1.307296,5.370469,0.854784,0.466085,0.300038,0.127633,0.005363,0.000000,0.138772,0.328659,0.001000
actuator_saturation,4,9,1.0000,1,1,actuator_saturation,0.044359,41.326014,0.020983,0.898601,0.029431,0.000000,0.001228,1069.309847,4.425367,1.267402,11.524709,1.536469,0.392696,0.291950,0.221479,0.005748,0.000000,0.059357,0.272284,0.001000
actuator_saturation,4,10,1.0000,1,1,actuator_saturation,0.044859,18.224929,0.000000,0.971611,0.014190,0.000000,0.000382,1990.815675,4.479162,1.281695,4.603358,0.643229,0.465833,0.217655,0.171472,0.005268,0.000000,0.000001,0.239447,0.001000
actuator_saturation,4,11,1.0000,1,1,actuator_saturation,0.043795,28.581685,0.008745,0.883795,0.018995,0.000000,0.000652,1299.812052,4.378096,1.251272,13.504324,1.889468,0.452961,0.630472,0.320446,0.004960,0.000000,0.198885,0.456510,0.001000
actuator_saturation,4,12,1.0000,1,1,actuator_saturation,0.045230,14.752509,0.000000,4.521424,0.011380,0.000000,0.000413,12653.304729,4.521424,1.292275,3.110180,0.288990,0.439907,0.091570,0.107011,0.005085,0.000000,0.000001,0.197440,0.001000
actuator_saturation,4,13,1.0000,1,1,actuator_saturation,0.043864,14.986028,0.000000,4.384128,0.010742,0.000000,0.000456,9789.968848,4.384128,1.253249,7.410856,0.883459,0.380311,0.210791,0.179559,0.004977,0.000000,0.000001,0.463583,0.001000
actuator_saturation,5,0,1.0000,1,1,actuator_saturation,0.046733,33.678888,0.001253,0.846857,0.023970,0.000000,0.000682,1240.921500,4.672415,1.335231,7.854478,1.542231,0.460959,0.418340,0.356562,0.009573,0.000000,0.279875,0.226492,0.001000
actuator_saturation,5,1,1.0000,1,1,actuator_saturation,0.043988,22.944488,0.000000,0.805135,0.010727,0.000000,0.000485,2419.918761,4.398473,1.256795,7.909426,0.755891,0.454746,0.233712,0.137586,0.005242,0.000000,0.097922,0.330323,0.001000
actuator_saturation,5,2,1.0000,1,1,actuator_saturation,0.047216,22.292590,0.000000,0.789824,0.008368,0.000000,0.000628,1659.722991,4.721439,1.349016,7.263018,0.771137,0.376008,0.161941,0.127905,0.005106,0.000000,0.158592,0.311817,0.001000
actuator_saturation,5,3,1.0000,1,1,actuator_saturation,0.045821,48.499164,0.000000,4.578065,0.019602,0.000000,0.001822,5493.653890,4.578065,1.309160,12.853277,1.306503,0.479244,0.325011,0.249230,0.006311,0.000000,0.000001,0.259667,0.001000
actuator_saturation,5,4,1.0000,1,1,actuator_saturation,0.043909,15.848712,0.000000,4.390820,0.009783,0.000000,0.000432,12626.672146,4.390820,1.254537,4.742937,0.462373,0.404308,0.126971,0.147071,0.005251,0.000000,0.000001,0.281501,0.001000
actuator_saturation,5,5,1.0000,1,1,actuator_saturation,0.043802,26.004273,0.001462,0.860208,0.016209,0.000000,0.000499,1347.412472,4.379014,1.251474,6.525791,0.863261,0.464698,0.254655,0.204453,0.005914,0.000000,0.120229,0.241658,0.001000
actuator_saturation,5,6,1.0000,1,1,actuator_saturation,0.045401,13.068037,0.000000,4.539544,0.015294,0.000000,0.000391,11500.085141,4.539544,1.297183,5.619259,0.491921,0.460107,0.155540,0.171967,0.005546,0.000000,0.000001,0.399435,0.001000
actuator_saturation,5,7,1.0000,1,1,actuator_saturation,0.042364,26.546820,0.000000,4.235240,0.017480,0.000000,0.000734,6174.578112,4.235240,1.210411,8.607426,1.330911,0.366327,0.222973,0.195990,0.005568,0.000000,0.000001,0.312465,0.001000
actuator_saturation,5,8,1.0000,1,1,actuator_saturation,0.044038,15.555484,0.000000,0.871949,0.012246,0.000000,0.000399,4271.004516,4.398465,1.258231,5.664929,0.630488,0.447716,0.198129,0.126520,0.005094,0.000000,0.000002,0.342178,0.001000
actuator_saturation,5,9,1.0000,1,1,actuator_saturation,0.044345,22.743178,0.010612,0.904621,0.018362,0.000000,0.000779,1412.310105,4.430696,1.267010,8.652408,1.206651,0.392923,0.217701,0.225483,0.005011,0.000000,0.000001,0.364417,0.001000
actuator_saturation,5,10,1.0000,1,1,actuator_saturation,0.047542,17.202536,0.000000,4.752216,0.006151,0.000000,0.000387,9806.590096,4.752216,1.358340,3.478458,0.479556,0.371631,0.115900,0.092615,0.004927,0.000000,0.144805,0.191097,0.001000
actuator_saturation,5,11,1.0000,1,1,actuator_saturation,0.044841,16.950910,0.000000,4.482024,0.013396,0.000000,0.000615,9535.328035,4.482024,1.281164,6.929315,0.939268,0.416599,0.272572,0.170962,0.005064,0.000000,0.058057,0.386015,0.001000
actuator_saturation,5,12,1.0000,1,1,actuator_saturation,0.048077,15.495359,0.000000,4.804898,0.007875,0.000000,0.000455,11885.828611,4.804898,1.373616,2.590969,0.470559,0.388286,0.117117,0.123053,0.005224,0.000000,0.000001,0.157073,0.001000
actuator_saturation,5,13,1.0000,1,1,actuator_saturation,0.048538,34.764916,0.001646,0.589423,0.022399,0.000000,0.000452,651.008429,4.835019,1.386801,7.129121,1.615302,0.374322,0.327838,0.249920,0.007147,0.000000,0.290460,0.199333,0.001000
actuator_saturation,6,0,1.0000,1,1,actuator_saturation,0.043477,36.069321,0.027998,4.340402,0.012406,0.000000,0.000626,4933.224369,4.340402,1.242212,12.159353,1.190401,0.387826,0.254218,0.180919,0.005934,0.000000,0.067661,0.328017,0.001000
actuator_saturation,6,1,1.0000,1,1,actuator_saturation,0.047802,23.081446,0.019990,0.575413,0.015274,0.000000,0.000541,713.495928,4.777139,1.365762,8.838679,1.884492,0.386270,0.444529,0.253401,0.005977,0.000000,0.419846,0.367033,0.001000
actuator_saturation,6,2,1.0000,1,1,actuator_saturation,0.046782,30.159256,0.003526,0.629343,0.018028,0.000000,0.000735,996.954935,4.673285,1.336625,6.448183,1.354678,0.413723,0.355517,0.228138,0.008381,0.000000,0.377793,0.206943,0.001000
actuator_saturation,6,3,1.0000,1,1,actuator_saturation,0.045357,17.947865,0.000000,0.682725,0.010212,0.000000,0.000817,2095.156028,4.529370,1.295918,5.458614,0.867767,0.382707,0.213982,0.143143,0.005445,0.000000,0.209578,0.288086,0.001000
actuator_saturation,6,4,1.0000,1,1,actuator_saturation,0.046221,22.117517,0.000000,0.750355,0.012003,0.000000,0.000442,2770.500768,4.622133,1.320610,5.185302,0.941634,0.396482,0.227015,0.169573,0.005299,0.000000,0.267769,0.224302,0.001000
actuator_saturation,6,5,1.0000,1,1,actuator_saturation,0.044925,19.853481,0.000000,0.872920,0.012497,0.000000,0.000524,2133.005365,4.492445,1.283571,4.837494,0.661210,0.464699,0.206381,0.159600,0.005449,0.000000,0.000001,0.231975,0.001000
actuator_saturation,6,6,1.0000,1,1,actuator_saturation,0.047136,22.474588,0.000000,1.025497,0.008586,0.000000,0.000576,2528.308301,4.711977,1.346747,3.919306,0.571012,0.435050,0.170306,0.118627,0.005253,0.000000,0.072869,0.166960,0.001000
actuator_saturation,6,7,1.0000,1,1,actuator_saturation,0.046503,20.737019,0.003724,0.666018,0.007230,0.000000,0.000486,3300.258820,4.645224,1.328643,3.376139,0.578812,0.386246,0.153604,0.102710,0.005464,0.000000,0.213301,0.155317,0.001000
actuator_saturation,6,8,1.0000,1,1,actuator_saturation,0.046087,26.496368,0.000000,0.578216,0.016872,0.000000,0.000667,752.183393,4.606212,1.316783,10.560447,1.476885,0.397705,0.375539,0.292983,0.005413,0.000000,0.328063,0.384067,0.001000
actuator_saturation,6,9,1.0000,1,1,actuator_saturation,0.045082,47.251685,0.013500,0.890801,0.042847,0.000000,0.001106,971.851496,4.500046,1.288068,14.143834,1.903959,0.456950,0.550086,0.380219,0.008299,0.000000,0.342846,0.293126,0.001000
actuator_saturation,6,10,1.0000,1,1,actuator_saturation,0.047172,19.057812,0.000000,0.898681,0.017330,0.000000,0.000568,1756.507609,4.713363,1.347778,4.417211,0.850765,0.449645,0.259588,0.197239,0.005199,0.000000,0.000002,0.220224,0.001000
actuator_saturation,6,11,1.0000,1,1,actuator_saturation,0.046909,25.672029,0.000777,4.680114,0.018973,0.000000,0.000749,6473.291352,4.680114,1.340269,7.769209,1.065369,0.462979,0.297952,0.211363,0.005034,0.000000,0.227432,0.291287,0.001000
actuator_saturation,6,12,1.0000,1,1,actuator_saturation,0.045701,16.406116,0.000000,0.867886,0.010738,0.000000,0.000454,3903.422722,4.569069,1.305732,6.229042,0.626638,0.439947,0.173846,0.145378,0.005601,0.000000,0.000001,0.357865,0.001000
actuator_saturation,6,13,1.0000,1,1,actuator_saturation,0.046838,28.166416,0.000000,0.788526,0.022166,0.000000,0.000170,792.409028,4.682051,1.338217,6.150211,1.458982,0.412141,0.413023,0.289781,0.009477,0.000000,0.444476,0.210866,0.001000
actuator_saturation,7,0,1.0000,1,1,actuator_saturation,0.047471,18.103656,0.009867,4.746580,0.018991,0.000000,0.000379,8855.078473,4.746580,1.356301,8.219071,1.036409,0.479072,0.316212,0.259492,0.004979,0.000000,0.000001,0.430236,0.001000
actuator_saturation,7,1,1.0000,1,1,actuator_saturation,0.046193,26.582228,0.000000,0.733224,0.013155,0.000000,0.000378,2106.482677,4.617810,1.319809,5.360469,1.307358,0.432716,0.424135,0.192272,0.004825,0.000000,0.412906,0.194345,0.001000
actuator_saturation,7,2,1.0000,1,1,actuator_saturation,0.044604,18.836050,0.003505,4.458426,0.009675,0.000000,0.000372,8695.971932,4.458426,1.274388,2.734092,0.607926,0.400490,0.167214,0.126623,0.005137,0.000000,0.232111,0.137834,0.001000
actuator_saturation,7,3,1.0000,1,1,actuator_saturation,0.044957,28.130371,0.000000,0.878987,0.023633,0.000000,0.000522,1353.061200,4.492588,1.284488,5.379553,1.107555,0.464898,0.352723,0.302677,0.005490,0.000000,0.269025,0.184672,0.001000
actuator_saturation,7,4,1.0000,1,1,actuator_saturation,0.044189,18.066712,0.000000,0.735259,0.018120,0.000000,0.000589,4951.246537,4.418496,1.262547,4.786292,0.941239,0.453757,0.294477,0.232330,0.005948,0.000000,0.154171,0.251029,0.001000
actuator_saturation,7,5,1.0000,1,1,actuator_saturation,0.044814,15.143055,0.000000,0.774268,0.015034,0.000000,0.000446,5113.696979,4.480496,1.280401,8.789930,1.021360,0.413938,0.271204,0.207714,0.005147,0.000000,0.130871,0.544502,0.001000
actuator_saturation,7,6,1.0000,1,1,actuator_saturation,0.042505,45.142905,0.007761,0.795611,0.043754,0.000000,0.000545,832.239309,4.250009,1.214429,8.987772,1.776216,0.448040,0.523486,0.328334,0.005770,0.000000,0.410943,0.194781,0.001000
actuator_saturation,7,7,1.0000,1,1,actuator_saturation,0.047312,34.584369,0.012222,1.077292,0.025244,0.000000,0.000475,1281.877276,4.730035,1.351784,7.609585,1.314946,0.454916,0.398705,0.229440,0.005109,0.000000,0.217703,0.213846,0.001000
actuator_saturation,7,8,1.0000,1,1,actuator_saturation,0.046589,15.518173,0.000000,0.969351,0.010866,0.000000,0.000408,3146.504227,4.657231,1.331114,2.926456,0.615642,0.435213,0.184363,0.155198,0.005641,0.000000,0.000001,0.177166,0.001000
actuator_saturation,7,9,1.0000,1,1,actuator_saturation,0.046480,23.255442,0.000000,0.704117,0.007730,0.000000,0.000614,874.765734,4.643429,1.327994,6.193497,1.154299,0.386911,0.295871,0.135832,0.005592,0.000000,0.340384,0.255345,0.001000
actuator_saturation,7,10,1.0000,1,1,actuator_saturation,0.044054,17.789281,0.000000,0.790887,0.008738,0.000000,0.000478,1573.756886,4.400178,1.258697,4.028106,0.592041,0.391625,0.165741,0.123283,0.005199,0.000000,0.143901,0.214383,0.001000
actuator_saturation,7,11,1.0000,1,1,actuator_saturation,0.047493,20.299487,0.001453,4.743401,0.010088,0.000000,0.000412,9049.735207,4.743401,1.356946,4.007341,0.876002,0.384542,0.217175,0.138690,0.005208,0.000000,0.085425,0.188143,0.001000
actuator_saturation,7,12,1.0000,1,1,actuator_saturation,0.044807,24.604643,0.009907,4.480081,0.014828,0.000000,0.000613,7413.378925,4.480081,1.280191,6.287470,1.172243,0.393112,0.302581,0.211593,0.005396,0.000000,0.161406,0.245560,0.001000
actuator_saturation,7,13,1.0000,1,1,actuator_saturation,0.041310,37.146241,0.031311,4.128624,0.055039,0.000000,0.000975,5400.516128,4.128624,1.180298,24.270222,2.564802,0.500493,0.506698,0.555750,0.006501,0.000000,0.000001,0.636241,0.001000
noncausal_teleport,0,0,1.0000,1,1,noncausal_teleport,0.073519,35.122224,0.000000,7.351762,0.009247,0.000000,0.000394,22027.454325,0.000000,2.100530,2.457366,0.235547,0.401355,0.083030,0.104083,0.004519,0.000000,0.000001,0.068029,0.001000
noncausal_teleport,0,1,1.0000,1,1,noncausal_teleport,0.077843,45.833365,0.004347,7.783044,0.015506,0.000000,0.000546,12654.495740,0.000000,2.224081,8.507455,0.991005,0.398485,0.221105,0.186093,0.005022,0.000000,0.085690,0.181654,0.001000
noncausal_teleport,0,2,1.0000,1,1,noncausal_teleport,0.079551,35.754939,0.034472,7.954634,0.030397,0.000000,0.001008,11601.317537,0.000000,2.272875,12.778291,1.630717,0.463191,0.330977,0.297619,0.004850,0.000000,0.000001,0.347662,0.001000
noncausal_teleport,0,3,1.0000,1,1,noncausal_teleport,0.077848,43.293996,0.008763,7.780108,0.014935,0.000000,0.000864,10363.881504,0.000000,2.224218,6.334707,1.229024,0.414508,0.342342,0.217592,0.005076,0.000000,0.051380,0.143015,0.001000
noncausal_teleport,0,4,1.0000,1,1,noncausal_teleport,0.076055,41.813534,0.001483,7.605477,0.019862,0.000000,0.000370,7718.854892,0.000000,2.173001,6.408388,1.481237,0.419248,0.477237,0.297518,0.008569,0.000000,0.336750,0.149681,0.001000
noncausal_teleport,0,5,1.0000,1,1,noncausal_teleport,0.078818,84.127822,0.023834,7.879680,0.043382,0.000000,0.000943,9091.806786,0.000000,2.251949,15.657473,2.201098,0.402054,0.385990,0.327578,0.006229,0.000000,0.000001,0.183929,0.001000
noncausal_teleport,0,6,1.0000,1,1,noncausal_teleport,0.072749,37.779123,0.001547,7.274036,0.015979,0.000000,0.000505,8152.356965,0.000000,2.078539,5.976279,1.519025,0.398326,0.427236,0.241551,0.004834,0.000000,0.358039,0.154111,0.001000
noncausal_teleport,0,7,1.0000,1,1,noncausal_teleport,0.069547,36.486892,0.000000,6.950379,0.012546,0.000000,0.000382,14454.051034,0.000000,1.987060,5.162837,0.955141,0.361079,0.235052,0.181427,0.004937,0.000000,0.169885,0.137724,0.001000
noncausal_teleport,0,8,1.0000,1,1,noncausal_teleport,0.082145,62.624719,0.014905,8.213476,0.040306,0.000000,0.000394,18688.782939,0.000000,2.346996,10.329766,0.897670,0.453209,0.349447,0.239146,0.004326,0.000000,0.000001,0.162355,0.001000
noncausal_teleport,0,9,1.0000,1,1,noncausal_teleport,0.070949,41.372824,0.000000,7.091531,0.009470,0.000000,0.000371,17176.930983,0.000000,2.027112,3.124967,0.412426,0.416678,0.133354,0.123123,0.004550,0.000000,0.000001,0.073749,0.001000
noncausal_teleport,0,10,1.0000,1,1,noncausal_teleport,0.078236,33.041429,0.000000,7.821830,0.009213,0.000000,0.000483,8268.291689,0.000000,2.235309,11.257142,1.311768,0.393517,0.388306,0.172245,0.004846,0.000000,0.314433,0.330689,0.001000
noncausal_teleport,0,11,1.0000,1,1,noncausal_teleport,0.078225,38.008958,0.004539,7.822100,0.014235,0.000000,0.000368,8096.450141,0.000000,2.234997,6.283169,1.394710,0.394101,0.373999,0.208149,0.005325,0.000000,0.292196,0.161070,0.001000
noncausal_teleport,0,12,1.0000,1,1,noncausal_teleport,0.080839,20.839929,0.000000,8.083805,0.010900,0.000000,0.000508,21251.687689,0.000000,2.309694,3.702242,0.622948,0.396849,0.153441,0.172379,0.004338,0.000000,0.000001,0.169517,0.001000
noncausal_teleport,0,13,1.0000,1,1,noncausal_teleport,0.075876,37.489705,0.000000,7.587487,0.017256,0.000000,0.000639,7571.490322,0.000000,2.167873,7.589738,1.344109,0.406677,0.398968,0.252716,0.006209,0.000000,0.389640,0.197189,0.001000
noncausal_teleport,1,0,1.0000,1,1,noncausal_teleport,0.080931,44.962666,0.000284,8.092981,0.013178,0.000000,0.000486,12860.572401,0.000000,2.312315,6.324873,0.725076,0.393590,0.181063,0.144381,0.004839,0.000000,0.000001,0.137609,0.001000
noncausal_teleport,1,1,1.0000,1,1,noncausal_teleport,0.078792,48.378826,0.002480,7.877552,0.008527,0.000000,0.000477,14208.522494,0.000000,2.251202,3.040391,0.696810,0.376018,0.161008,0.140751,0.005270,0.000000,0.266206,0.061573,0.001000
noncausal_teleport,1,2,1.0000,1,1,noncausal_teleport,0.083156,36.668543,0.015015,8.315254,0.022908,0.000000,0.000599,9521.028052,0.000000,2.375883,5.996330,1.650041,0.376908,0.417393,0.269031,0.005006,0.000000,0.359119,0.159187,0.001000
noncausal_teleport,1,3,1.0000,1,1,noncausal_teleport,0.076755,49.746335,0.000000,7.672889,0.017525,0.000000,0.000753,8682.116232,0.000000,2.193014,6.266159,0.907391,0.421739,0.289132,0.206705,0.006432,0.000000,0.279142,0.123480,0.001000
noncausal_teleport,1,4,1.0000,1,1,noncausal_teleport,0.081849,56.723550,0.001246,8.183838,0.023265,0.000000,0.000629,12620.253220,0.000000,2.338538,5.139287,0.858226,0.438229,0.218670,0.223753,0.004669,0.000000,0.000001,0.089033,0.001000
noncausal_teleport,1,5,1.0000,1,1,noncausal_teleport,0.080257,55.935838,0.000000,8.016878,0.023896,0.000000,0.000683,10185.624957,0.000000,2.293046,13.599983,1.545083,0.461769,0.514334,0.340290,0.004803,0.000000,0.230579,0.238865,0.001000
noncausal_teleport,1,6,1.0000,1,1,noncausal_teleport,0.076383,42.329904,0.000000,7.635518,0.010344,0.000000,0.000479,11020.758076,0.000000,2.182367,8.218051,0.841070,0.419549,0.196918,0.163450,0.005882,0.000000,0.000001,0.189662,0.001000
noncausal_teleport,1,7,1.0000,1,1,noncausal_teleport,0.078689,36.474283,0.000000,7.857456,0.015107,0.000000,0.000573,14948.371332,0.000000,2.248271,6.880473,1.151291,0.409247,0.356408,0.231690,0.004705,0.000000,0.149396,0.183605,0.001000
noncausal_teleport,1,8,1.0000,1,1,noncausal_teleport,0.072831,35.664015,0.012567,7.280866,0.011937,0.000000,0.000695,7642.960136,0.000000,2.080887,7.778075,1.197390,0.363016,0.234462,0.164424,0.006692,0.000000,0.404976,0.212145,0.001000
noncausal_teleport,1,9,1.0000,1,1,noncausal_teleport,0.069377,34.267468,0.045078,6.933704,0.031076,0.000000,0.000674,7411.244984,0.000000,1.982198,10.091845,1.526156,0.418705,0.307910,0.284963,0.005525,0.000000,0.035096,0.286152,0.001000
noncausal_teleport,1,10,1.0000,1,1,noncausal_teleport,0.077863,94.621231,0.038095,7.786069,0.035914,0.000000,0.000658,8378.856128,0.000000,2.224648,11.176765,1.722005,0.455995,0.329969,0.354383,0.008976,0.000000,0.017848,0.116886,0.001000
noncausal_teleport,1,11,1.0000,1,1,noncausal_teleport,0.081450,48.982559,0.000000,8.144019,0.037131,0.000000,0.000299,8380.616629,0.000000,2.327155,6.876081,1.379149,0.464041,0.472435,0.313334,0.010357,0.000000,0.352928,0.137570,0.001000
noncausal_teleport,1,12,1.0000,1,1,noncausal_teleport,0.075345,32.456959,0.000000,7.534393,0.006049,0.000000,0.000434,18335.630572,0.000000,2.152724,2.387176,0.375923,0.361280,0.086565,0.095812,0.004728,0.000000,0.000002,0.071351,0.001000
noncausal_teleport,1,13,1.0000,1,1,noncausal_teleport,0.081916,30.179936,0.000000,8.190962,0.007784,0.000000,0.000528,13563.799919,0.000000,2.340466,5.232870,0.574662,0.413907,0.146963,0.130214,0.004884,0.000000,0.000002,0.167828,0.001000
noncausal_teleport,2,0,1.0000,1,1,noncausal_teleport,0.075193,33.374662,0.029981,7.515443,0.014738,0.000000,0.000899,11022.757570,0.000000,2.148359,7.682522,1.090402,0.435089,0.227186,0.193610,0.004846,0.000000,0.000000,0.223494,0.001000
noncausal_teleport,2,1,1.0000,1,1,noncausal_teleport,0.075624,52.046517,0.032224,7.561907,0.026997,0.000000,0.000890,9390.330557,0.000000,2.160679,10.668988,1.579446,0.453848,0.368198,0.341607,0.006374,0.000000,0.000001,0.201125,0.001000
noncausal_teleport,2,2,1.0000,1,1,noncausal_teleport,0.076678,41.595939,0.021556,7.666647,0.033660,0.000000,0.000381,8108.273462,0.000000,2.190787,9.188248,1.952976,0.414540,0.636635,0.317746,0.005047,0.000000,0.399395,0.215707,0.001000
noncausal_teleport,2,3,1.0000,1,1,noncausal_teleport,0.078404,33.633139,0.000955,7.839527,0.007150,0.000000,0.000438,9827.249404,0.000000,2.240109,6.341199,0.821894,0.396875,0.245502,0.138138,0.004799,0.000000,0.364857,0.183096,0.001000
noncausal_teleport,2,4,1.0000,1,1,noncausal_teleport,0.084084,43.378718,0.026024,8.398906,0.030066,0.000000,0.001100,10750.119912,0.000000,2.402412,21.312639,1.785916,0.478133,0.454745,0.365262,0.005989,0.000000,0.000001,0.480245,0.001000
noncausal_teleport,2,5,1.0000,1,1,noncausal_teleport,0.081785,42.012635,0.027701,8.177727,0.039830,0.000000,0.001267,9666.954475,0.000000,2.336716,16.504119,2.485362,0.417555,0.291595,0.301730,0.009777,0.000000,0.000001,0.383704,0.001000
noncausal_teleport,2,6,1.0000,1,1,noncausal_teleport,0.071245,35.779964,0.000000,7.124401,0.013797,0.000000,0.000477,12979.943753,0.000000,2.035559,7.542629,0.851835,0.373413,0.223646,0.163100,0.004329,0.000000,0.158642,0.205074,0.001000
noncausal_teleport,2,7,1.0000,1,1,noncausal_teleport,0.074405,56.172181,0.000000,7.437586,0.021649,0.000000,0.000379,7660.406297,0.000000,2.125858,12.534420,1.260609,0.441106,0.429947,0.245531,0.009101,0.000000,0.351843,0.219240,0.001000
noncausal_teleport,2,8,1.0000,1,1,noncausal_teleport,0.075200,41.159056,0.000000,7.518841,0.015730,0.000000,0.000357,20664.605287,0.000000,2.148568,1.515442,0.209865,0.413346,0.063443,0.111342,0.004380,0.000000,0.000001,0.035946,0.001000
noncausal_teleport,2,9,1.0000,1,1,noncausal_teleport,0.075567,31.505298,0.006362,7.551232,0.010451,0.000000,0.000510,11767.373587,0.000000,2.159066,4.613354,0.805201,0.456939,0.293430,0.141790,0.004459,0.000000,0.229169,0.141926,0.001000
noncausal_teleport,2,10,1.0000,1,1,noncausal_teleport,0.077215,38.089350,0.000000,7.716741,0.018103,0.000000,0.000174,7583.341959,0.000000,2.206148,6.937966,1.188739,0.405782,0.363506,0.245174,0.008688,0.000000,0.387714,0.177490,0.001000
noncausal_teleport,2,11,1.0000,1,1,noncausal_teleport,0.083916,71.341670,0.022507,8.390735,0.040596,0.000000,0.001339,10559.091581,0.000000,2.397596,11.944452,1.576869,0.431881,0.211386,0.261560,0.006405,0.000000,0.000001,0.165112,0.001000
noncausal_teleport,2,12,1.0000,1,1,noncausal_teleport,0.079987,51.298568,0.017243,7.997860,0.032137,0.000000,0.000593,10943.545226,0.000000,2.285340,12.081509,1.821392,0.433465,0.391915,0.321179,0.005072,0.000000,0.045162,0.231010,0.001000
noncausal_teleport,2,13,1.0000,1,1,noncausal_teleport,0.079353,53.998497,0.003243,7.933028,0.014188,0.000000,0.000629,12111.514316,0.000000,2.267218,5.616073,1.031493,0.387872,0.275733,0.188724,0.004607,0.000000,0.254464,0.102113,0.001000
noncausal_teleport,3,0,1.0000,1,1,noncausal_teleport,0.073329,43.703266,0.018153,7.330050,0.017214,0.000000,0.000592,7892.828927,0.000000,2.095107,8.030919,1.727074,0.372981,0.405493,0.254563,0.007428,0.000000,0.284528,0.179649,0.001000
noncausal_teleport,3,1,1.0000,1,1,noncausal_teleport,0.074891,28.215701,0.000000,7.488249,0.011481,0.000000,0.000515,8219.703351,0.000000,2.139744,4.831865,1.057639,0.381819,0.287945,0.164188,0.005713,0.000000,0.323015,0.165386,0.001000
noncausal_teleport,3,2,1.0000,1,1,noncausal_teleport,0.073255,51.242688,0.000000,7.325411,0.022671,0.000000,0.001072,11086.700557,0.000000,2.092992,9.977628,1.158340,0.479925,0.295874,0.293143,0.005665,0.000000,0.000001,0.190986,0.001000
noncausal_teleport,3,3,1.0000,1,1,noncausal_teleport,0.075697,34.698018,0.004135,7.569527,0.014252,0.000000,0.000505,13012.231760,0.000000,2.162772,8.721692,1.023627,0.427175,0.322523,0.228902,0.004795,0.000000,0.110839,0.244319,0.001000
noncausal_teleport,3,4,1.0000,1,1,noncausal_teleport,0.070687,33.493782,0.000000,7.068666,0.007008,0.000000,0.000443,10272.727493,0.000000,2.019643,4.440260,0.790998,0.381884,0.177155,0.139393,0.005117,0.000000,0.130070,0.128726,0.001000
noncausal_teleport,3,5,1.0000,1,1,noncausal_teleport,0.077551,61.691852,0.001598,7.753748,0.026269,0.000000,0.000962,10830.143450,0.000000,2.215744,7.055132,0.890764,0.363383,0.191974,0.168615,0.004973,0.000000,0.052320,0.112537,0.001000
noncausal_teleport,3,6,1.0000,1,1,noncausal_teleport,0.076741,47.425701,0.000000,7.673043,0.019251,0.000000,0.000315,8565.253784,0.000000,2.192611,6.487901,1.195037,0.415746,0.382420,0.246279,0.005654,0.000000,0.394068,0.133976,0.001000
noncausal_teleport,3,7,1.0000,1,1,noncausal_teleport,0.074924,29.704925,0.000000,7.486330,0.009433,0.000000,0.000505,13384.462240,0.000000,2.140673,3.307912,0.751250,0.407028,0.215507,0.148616,0.004590,0.000000,0.138702,0.107732,0.001000
noncausal_teleport,3,8,1.0000,1,1,noncausal_teleport,0.082599,39.580844,0.000000,8.259888,0.015907,0.000000,0.000574,10361.172817,0.000000,2.359968,6.441956,1.129525,0.416785,0.307912,0.206699,0.004817,0.000000,0.198018,0.158744,0.001000
noncausal_teleport,3,9,1.0000,1,1,noncausal_teleport,0.076844,37.558381,0.000000,7.679367,0.019875,0.000000,0.000453,16787.216884,0.000000,2.195543,7.326667,0.777522,0.415751,0.249606,0.187310,0.004820,0.000000,0.000002,0.190015,0.001000
noncausal_teleport,3,10,1.0000,1,1,noncausal_teleport,0.082402,54.365464,0.003301,8.239961,0.027476,0.000000,0.000387,13244.083638,0.000000,2.354342,5.175805,1.012242,0.395650,0.239819,0.197464,0.005268,0.000000,0.000001,0.093484,0.001000
noncausal_teleport,3,11,1.0000,1,1,noncausal_teleport,0.079655,56.927947,0.000000,7.965329,0.035260,0.000000,0.000415,20552.022598,0.000000,2.275849,3.158547,0.584171,0.442081,0.180833,0.257575,0.004994,0.000000,0.000001,0.054525,0.001000
noncausal_teleport,3,12,1.0000,1,1,noncausal_teleport,0.073043,54.551734,0.039257,7.303217,0.025826,0.000000,0.000694,7835.699838,0.000000,2.086952,11.372876,1.368732,0.388624,0.233749,0.228351,0.009225,0.000000,0.114734,0.204726,0.001000
noncausal_teleport,3,13,1.0000,1,1,noncausal_teleport,0.073141,34.896469,0.008317,7.313892,0.012622,0.000000,0.000380,9408.374022,0.000000,2.089729,5.475587,0.975749,0.397317,0.248873,0.172000,0.004404,0.000000,0.145128,0.152538,0.001000
noncausal_teleport,4,0,1.0000,1,1,noncausal_teleport,0.076542,50.117038,0.000000,7.652304,0.018422,0.000000,0.000521,22493.221672,0.000000,2.186900,2.604812,0.287295,0.451079,0.100330,0.129004,0.005045,0.000000,0.000001,0.050958,0.001000
noncausal_teleport,4,1,1.0000,1,1,noncausal_teleport,0.073798,31.245940,0.000000,7.378173,0.011574,0.000000,0.000423,17147.021505,0.000000,2.108510,3.825937,0.748890,0.359236,0.190149,0.158102,0.004533,0.000000,0.156068,0.118649,0.001000
noncausal_teleport,4,2,1.0000,1,1,noncausal_teleport,0.077451,36.670623,0.018972,7.744871,0.033232,0.000000,0.000851,11387.889723,0.000000,2.212890,18.749554,1.796492,0.476831,0.318960,0.347389,0.005273,0.000000,0.000001,0.497724,0.001000
noncausal_teleport,4,3,1.0000,1,1,noncausal_teleport,0.073232,50.568109,0.002528,7.318814,0.026712,0.000000,0.000548,9759.495445,0.000000,2.092335,8.753931,1.332049,0.417998,0.348083,0.313630,0.004888,0.000000,0.000002,0.169755,0.001000
noncausal_teleport,4,4,1.0000,1,1,noncausal_teleport,0.074235,60.700009,0.008455,7.422209,0.038687,0.000000,0.000729,8337.906739,0.000000,2.121007,11.969184,1.434018,0.442729,0.450434,0.323592,0.005619,0.000000,0.300830,0.193990,0.001000
noncausal_teleport,4,5,1.0000,1,1,noncausal_teleport,0.075716,41.317023,0.012382,7.571311,0.016496,0.000000,0.000715,7664.187272,0.000000,2.163305,4.844666,1.807809,0.368338,0.477183,0.234389,0.007260,0.000000,0.344477,0.114485,0.001000
noncausal_teleport,4,6,1.0000,1,1,noncausal_teleport,0.075023,50.608491,0.000000,7.502335,0.027496,0.000000,0.000217,8065.725720,0.000000,2.143526,9.062791,1.626573,0.431290,0.519428,0.367274,0.009157,0.000000,0.376326,0.175607,0.001000
noncausal_teleport,4,7,1.0000,1,1,noncausal_teleport,0.076469,41.787808,0.000000,7.643972,0.010438,0.000000,0.000413,21529.365773,0.000000,2.184820,3.875471,0.454757,0.379850,0.122058,0.151313,0.004830,0.000000,0.000001,0.090574,0.001000
noncausal_teleport,4,8,1.0000,1,1,noncausal_teleport,0.082022,47.289331,0.000000,8.201558,0.009029,0.000000,0.000645,15872.457817,0.000000,2.343494,5.370469,0.846303,0.461725,0.300038,0.130564,0.004639,0.000000,0.098217,0.111214,0.001000
noncausal_teleport,4,9,1.0000,1,1,noncausal_teleport,0.071183,40.296071,0.028726,7.117071,0.028335,0.000000,0.001228,8469.117266,0.000000,2.033806,11.524709,1.536469,0.395544,0.291950,0.221920,0.005497,0.000000,0.057855,0.279075,0.001000
noncausal_teleport,4,10,1.0000,1,1,noncausal_teleport,0.083100,49.772925,0.000000,8.309996,0.016410,0.000000,0.000382,16629.343637,0.000000,2.374293,4.603358,0.639717,0.463330,0.217655,0.181227,0.004870,0.000000,0.000001,0.090666,0.001000
noncausal_teleport,4,11,1.0000,1,1,noncausal_teleport,0.074469,55.259377,0.000000,7.446573,0.019062,0.000000,0.000652,10951.798400,0.000000,2.127690,13.504324,1.889468,0.446803,0.630472,0.324435,0.004946,0.000000,0.203286,0.240037,0.001000
noncausal_teleport,4,12,1.0000,1,1,noncausal_teleport,0.072658,37.915400,0.000000,7.263631,0.012288,0.000000,0.000413,20327.430300,0.000000,2.075933,3.110180,0.273209,0.429080,0.091570,0.119045,0.004499,0.000000,0.000001,0.079922,0.001000
noncausal_teleport,4,13,1.0000,1,1,noncausal_teleport,0.073144,38.774574,0.000000,7.313490,0.022003,0.000000,0.000456,16331.375029,0.000000,2.089826,7.410856,0.745037,0.379317,0.210791,0.173937,0.004967,0.000000,0.000001,0.186321,0.001000
noncausal_teleport,5,0,1.0000,1,1,noncausal_teleport,0.083733,49.997078,0.000000,8.373196,0.031438,0.000000,0.000682,8703.121224,0.000000,2.392359,7.854478,1.491043,0.455419,0.418340,0.348383,0.009420,0.000000,0.232286,0.154018,0.001000
noncausal_teleport,5,1,1.0000,1,1,noncausal_teleport,0.072841,46.861654,0.000000,7.283099,0.013327,0.000000,0.000485,12151.926657,0.000000,2.081170,7.909426,0.684632,0.448467,0.233712,0.137709,0.005546,0.000000,0.000001,0.165256,0.001000
noncausal_teleport,5,2,1.0000,1,1,noncausal_teleport,0.076356,46.553741,0.000000,7.635562,0.012227,0.000000,0.000628,12092.811166,0.000000,2.181591,7.263018,0.642640,0.376044,0.161941,0.138658,0.004890,0.000000,0.100326,0.152733,0.001000
noncausal_teleport,5,3,1.0000,1,1,noncausal_teleport,0.070995,47.727976,0.024576,7.098488,0.019547,0.000000,0.001822,8518.148745,0.000000,2.028435,12.853277,1.228103,0.478051,0.325011,0.250002,0.006562,0.000000,0.000001,0.263776,0.001000
noncausal_teleport,5,4,1.0000,1,1,noncausal_teleport,0.083381,44.876579,0.000000,8.335168,0.018183,0.000000,0.000432,23969.426054,0.000000,2.382301,4.742937,0.418497,0.405760,0.126971,0.169850,0.004929,0.000000,0.000001,0.103385,0.001000
noncausal_teleport,5,5,1.0000,1,1,noncausal_teleport,0.077639,48.934139,0.007067,7.762098,0.014600,0.000000,0.000499,11742.214496,0.000000,2.218262,6.525791,0.851439,0.459014,0.254655,0.226522,0.004637,0.000000,0.076827,0.130688,0.001000
noncausal_teleport,5,6,1.0000,1,1,noncausal_teleport,0.075535,34.308733,0.000000,7.552730,0.011979,0.000000,0.000391,19133.428465,0.000000,2.158142,5.619259,0.484032,0.449676,0.155540,0.190589,0.004796,0.000000,0.000001,0.159146,0.001000
noncausal_teleport,5,7,1.0000,1,1,noncausal_teleport,0.075224,26.286382,0.015984,7.516122,0.015767,0.000000,0.000734,10957.791802,0.000000,2.149248,8.607426,1.253577,0.373804,0.222973,0.194329,0.005302,0.000000,0.000001,0.315448,0.001000
noncausal_teleport,5,8,1.0000,1,1,noncausal_teleport,0.080333,33.312958,0.000000,8.032191,0.009825,0.000000,0.000399,16549.244909,0.000000,2.295221,5.664929,0.514382,0.446453,0.198129,0.127589,0.004575,0.000000,0.000001,0.165096,0.001000
noncausal_teleport,5,9,1.0000,1,1,noncausal_teleport,0.079220,22.619690,0.009861,7.919248,0.019546,0.000000,0.000779,12363.663876,0.000000,2.263441,8.652408,1.089323,0.397970,0.217701,0.221651,0.004656,0.000000,0.000001,0.366322,0.001000
noncausal_teleport,5,10,1.0000,1,1,noncausal_teleport,0.071289,15.842683,0.000000,7.128853,0.005903,0.000000,0.000387,14710.975650,0.000000,2.036828,3.478458,0.472444,0.361797,0.115900,0.093379,0.004456,0.000000,0.170906,0.206526,0.001000
noncausal_teleport,5,11,1.0000,1,1,noncausal_teleport,0.073328,31.321256,0.005373,7.331729,0.009739,0.000000,0.000615,15597.962015,0.000000,2.095079,6.929315,0.939268,0.407784,0.272572,0.165130,0.004532,0.000000,0.041991,0.214389,0.001000
noncausal_teleport,5,12,1.0000,1,1,noncausal_teleport,0.074662,24.876887,0.000197,7.465029,0.008942,0.000000,0.000455,18466.167807,0.000000,2.133191,2.590969,0.442936,0.373804,0.117117,0.123172,0.004367,0.000000,0.000001,0.100127,0.001000
noncausal_teleport,5,13,1.0000,1,1,noncausal_teleport,0.083606,32.961269,0.016231,8.359895,0.025105,0.000000,0.000452,8994.682549,0.000000,2.388732,7.129121,1.582986,0.372019,0.327838,0.254511,0.007572,0.000000,0.274104,0.209919,0.001000
noncausal_teleport,6,0,1.0000,1,1,noncausal_teleport,0.075855,45.044433,0.000000,7.585481,0.011275,0.000000,0.000626,8621.523303,0.000000,2.167281,12.159353,1.137539,0.392339,0.254218,0.174210,0.006633,0.000000,0.038036,0.264079,0.001000
noncausal_teleport,6,1,1.0000,1,1,noncausal_teleport,0.077608,33.441296,0.028247,7.758628,0.015793,0.000000,0.000541,9620.487300,0.000000,2.217363,8.838679,1.692730,0.375215,0.444529,0.253495,0.004574,0.000000,0.316271,0.256630,0.001000
noncausal_teleport,6,2,1.0000,1,1,noncausal_teleport,0.081222,45.089657,0.000000,8.121647,0.017351,0.000000,0.000735,7926.821015,0.000000,2.320642,6.448183,1.323624,0.412057,0.355517,0.223731,0.007810,0.000000,0.361162,0.139905,0.001000
noncausal_teleport,6,3,1.0000,1,1,noncausal_teleport,0.076147,33.375272,0.000000,7.611110,0.008330,0.000000,0.000817,10803.743108,0.000000,2.175627,5.458614,0.786093,0.381384,0.213982,0.124079,0.004851,0.000000,0.183919,0.158795,0.001000
noncausal_teleport,6,4,1.0000,1,1,noncausal_teleport,0.079555,34.610358,0.000000,7.955472,0.013034,0.000000,0.000442,11396.254136,0.000000,2.272998,5.185302,0.902772,0.398984,0.227015,0.186359,0.004744,0.000000,0.266827,0.145612,0.001000
noncausal_teleport,6,5,1.0000,1,1,noncausal_teleport,0.075983,37.456533,0.000000,7.598246,0.010505,0.000000,0.000524,12838.914901,0.000000,2.170929,4.837494,0.606112,0.459948,0.206381,0.159282,0.004870,0.000000,0.000000,0.125791,0.001000
noncausal_teleport,6,6,1.0000,1,1,noncausal_teleport,0.076099,37.877183,0.000000,7.605500,0.010136,0.000000,0.000576,13518.803299,0.000000,2.174251,3.919306,0.508138,0.426419,0.170306,0.124667,0.004635,0.000000,0.000002,0.100812,0.001000
noncausal_teleport,6,7,1.0000,1,1,noncausal_teleport,0.075511,27.134769,0.000000,7.551048,0.008382,0.000000,0.000486,14342.376555,0.000000,2.157470,3.376139,0.570242,0.380017,0.153604,0.117987,0.005108,0.000000,0.118929,0.119999,0.001000
noncausal_teleport,6,8,1.0000,1,1,noncausal_teleport,0.071891,45.386839,0.023165,7.184919,0.016832,0.000000,0.000667,9346.641780,0.000000,2.054025,10.560447,1.443901,0.388148,0.375539,0.276583,0.004941,0.000000,0.242152,0.227660,0.001000
noncausal_teleport,6,9,1.0000,1,1,noncausal_teleport,0.075520,45.102488,0.044044,7.551705,0.038787,0.000000,0.001106,8238.800890,0.000000,2.157727,14.143834,1.903959,0.453779,0.550086,0.394491,0.008144,0.000000,0.346111,0.306791,0.001000
noncausal_teleport,6,10,1.0000,1,1,noncausal_teleport,0.074176,41.137813,0.000000,7.417272,0.013776,0.000000,0.000568,14497.351880,0.000000,2.119320,4.417211,0.850765,0.437067,0.259588,0.203121,0.004816,0.000000,0.000003,0.104828,0.001000
noncausal_teleport,6,11,1.0000,1,1,noncausal_teleport,0.068561,36.079912,0.000000,6.856092,0.016151,0.000000,0.000749,9482.991276,0.000000,1.958885,5.529191,0.864795,0.451017,0.297952,0.252261,0.005268,0.000000,0.157977,0.149116,0.001000
noncausal_teleport,6,12,1.0000,1,1,noncausal_teleport,0.072541,37.792642,0.002806,7.251151,0.010512,0.000000,0.000454,15823.634162,0.000000,2.072614,6.229042,0.626638,0.430254,0.173846,0.146925,0.004440,0.000000,0.000001,0.160573,0.001000
noncausal_teleport,6,13,1.0000,1,1,noncausal_teleport,0.071988,38.615692,0.031005,7.198417,0.023512,0.000000,0.000170,7233.861656,0.000000,2.056794,6.150211,1.350451,0.402663,0.413023,0.268866,0.009984,0.000000,0.398051,0.155247,0.001000
noncausal_teleport,7,0,1.0000,1,1,noncausal_teleport,0.076811,35.156870,0.004256,7.680912,0.025627,0.000000,0.000379,14329.282122,0.000000,2.194599,8.219071,1.036409,0.458577,0.316212,0.274114,0.005013,0.000000,0.000001,0.227317,0.001000
noncausal_teleport,7,1,1.0000,1,1,noncausal_teleport,0.085751,40.069091,0.015357,8.574460,0.023345,0.000000,0.000378,12805.601352,0.000000,2.450018,5.360469,1.234846,0.429621,0.424135,0.248318,0.005143,0.000000,0.345410,0.130523,0.001000
noncausal_teleport,7,2,1.0000,1,1,noncausal_teleport,0.078731,46.578156,0.000000,7.872980,0.009009,0.000000,0.000372,15355.917164,0.000000,2.249462,2.734092,0.586720,0.396216,0.167214,0.152113,0.004853,0.000000,0.176970,0.057465,0.001000
noncausal_teleport,7,3,1.0000,1,1,noncausal_teleport,0.076346,29.689331,0.000000,7.633528,0.020736,0.000000,0.000522,11750.610702,0.000000,2.181307,5.379553,0.977500,0.460462,0.352723,0.280571,0.005014,0.000000,0.199502,0.175291,0.001000
noncausal_teleport,7,4,1.0000,1,1,noncausal_teleport,0.076974,41.102193,0.000000,7.696397,0.014611,0.000000,0.000589,16411.618334,0.000000,2.199250,4.786292,0.941239,0.447754,0.294477,0.242910,0.004859,0.000000,0.147497,0.113683,0.001000
noncausal_teleport,7,5,1.0000,1,1,noncausal_teleport,0.075416,46.266272,0.011890,7.538515,0.012177,0.000000,0.000446,14232.797631,0.000000,2.154748,8.789930,1.021360,0.402440,0.271204,0.211919,0.005454,0.000000,0.086923,0.185966,0.001000
noncausal_teleport,7,6,1.0000,1,1,noncausal_teleport,0.072623,65.868189,0.000000,7.258562,0.046568,0.000000,0.000545,7592.728081,0.000000,2.074946,8.987772,1.776216,0.441395,0.523486,0.358588,0.005846,0.000000,0.390852,0.134410,0.001000
noncausal_teleport,7,7,1.0000,1,1,noncausal_teleport,0.073612,53.529942,0.001863,7.359784,0.029127,0.000000,0.000475,8757.455963,0.000000,2.103207,7.609585,1.212956,0.445246,0.398705,0.249950,0.004838,0.000000,0.162852,0.139549,0.001000
noncausal_teleport,7,8,1.0000,1,1,noncausal_teleport,0.072373,38.317311,0.000000,7.235148,0.014809,0.000000,0.000408,17144.924861,0.000000,2.067795,2.926456,0.571284,0.421799,0.184363,0.153535,0.004730,0.000000,0.000001,0.074432,0.001000
noncausal_teleport,7,9,1.0000,1,1,noncausal_teleport,0.073841,35.625188,0.004413,7.383939,0.008612,0.000000,0.000614,9173.498635,0.000000,2.109751,6.193497,1.051042,0.381207,0.295871,0.139670,0.004616,0.000000,0.270157,0.169105,0.001000
noncausal_teleport,7,10,1.0000,1,1,noncausal_teleport,0.075553,35.958860,0.000000,7.551924,0.007671,0.000000,0.000478,14781.156274,0.000000,2.158646,4.028106,0.568667,0.388145,0.165741,0.132789,0.004597,0.000000,0.129994,0.108989,0.001000
noncausal_teleport,7,11,1.0000,1,1,noncausal_teleport,0.080939,43.492066,0.005734,8.090682,0.011852,0.000000,0.000412,15435.871365,0.000000,2.312537,4.007341,0.846318,0.382560,0.217175,0.150586,0.004905,0.000000,0.079769,0.090069,0.001000
noncausal_teleport,7,12,1.0000,1,1,noncausal_teleport,0.082995,28.614564,0.004231,8.298277,0.017262,0.000000,0.000613,13731.509505,0.000000,2.371278,6.287470,1.096137,0.396055,0.302581,0.215696,0.004244,0.000000,0.097408,0.212310,0.001000
noncausal_teleport,7,13,1.0000,1,1,noncausal_teleport,0.077029,63.934829,0.036409,7.698590,0.052287,0.000000,0.000975,10070.270652,0.000000,2.200815,24.270222,2.320779,0.504114,0.506698,0.564355,0.006621,0.000000,0.000001,0.373763,0.001000
combined_violation_shift,0,0,1.0000,1,1,combined_violation_shift,0.136141,182.070356,0.000000,10.668644,0.229254,0.173913,0.010391,31965.544434,4.785513,3.889741,2.457366,0.219372,0.513889,0.066109,0.552954,0.089350,0.000000,0.000001,0.013423,0.001000
combined_violation_shift,0,1,1.0000,1,1,combined_violation_shift,0.139120,188.949564,0.000000,10.945916,0.326638,0.173913,0.010027,17797.027943,4.524269,3.974860,8.507455,0.870449,0.502844,0.209424,0.706886,0.089357,0.000000,0.000002,0.044788,0.001000
combined_violation_shift,0,2,1.0000,1,1,combined_violation_shift,0.134640,186.577590,0.042986,10.534446,0.319475,0.173913,0.010319,15363.805238,4.204230,3.846852,12.778291,1.253810,0.549065,0.260456,0.923110,0.089577,0.000000,0.000001,0.068123,0.001000
combined_violation_shift,0,3,1.0000,1,1,combined_violation_shift,0.132786,189.481858,0.000000,10.182988,0.307046,0.173913,0.010000,13564.758231,4.881276,3.793882,6.334707,1.073598,0.522583,0.315106,0.714073,0.090117,0.000000,0.000002,0.033256,0.001000
combined_violation_shift,0,4,1.0000,1,1,combined_violation_shift,0.138578,188.748539,0.000000,10.948375,0.361521,0.173913,0.010000,11111.587198,4.741404,3.959381,6.408388,1.338959,0.535779,0.427896,0.972603,0.093562,0.000000,0.242004,0.033773,0.001000
combined_violation_shift,0,5,1.0000,1,1,combined_violation_shift,0.133204,195.550266,0.030217,10.327270,0.315554,0.173913,0.010647,11915.908138,4.687020,3.805823,13.580806,1.553366,0.508722,0.259085,1.049232,0.090084,0.000000,0.000001,0.069096,0.001000
combined_violation_shift,0,6,1.0000,1,1,combined_violation_shift,0.146853,184.193012,0.000000,12.021758,0.360235,0.173913,0.010505,13473.353746,4.673929,4.195787,5.976279,1.311686,0.522011,0.372979,0.887393,0.088989,0.000000,0.322968,0.032271,0.001000
combined_violation_shift,0,7,1.0000,1,1,combined_violation_shift,0.139356,183.634167,0.002739,11.109937,0.365408,0.173913,0.010180,23104.293956,4.414222,3.981605,5.162837,0.790740,0.487267,0.185388,0.834749,0.089407,0.000000,0.000002,0.027963,0.001000
combined_violation_shift,0,8,1.0000,1,1,combined_violation_shift,0.148572,189.465969,0.000000,12.032203,0.422718,0.173913,0.010092,27377.840951,4.782462,4.244901,10.329766,0.874514,0.571525,0.307687,1.004788,0.088924,0.000000,0.000001,0.054234,0.001000
combined_violation_shift,0,9,1.0000,1,1,combined_violation_shift,0.142222,184.372773,0.000000,11.362703,0.265193,0.173913,0.010166,27522.456685,4.711826,4.063485,3.124967,0.333473,0.548179,0.110534,0.591658,0.088973,0.000000,0.000001,0.016858,0.001000
combined_violation_shift,0,10,1.0000,1,1,combined_violation_shift,0.136558,185.855170,0.000000,10.675486,0.237432,0.173913,0.010387,11284.831555,4.734359,3.901647,11.257142,1.248211,0.499445,0.352222,0.630558,0.089146,0.000000,0.306738,0.060245,0.001000
combined_violation_shift,0,11,1.0000,1,1,combined_violation_shift,0.133566,186.073629,0.003028,10.341635,0.275063,0.173913,0.010000,10704.354872,4.413239,3.816162,6.283169,1.089737,0.494777,0.298384,0.703496,0.089217,0.000000,0.179324,0.033587,0.001000
combined_violation_shift,0,12,1.0000,1,1,combined_violation_shift,0.138049,186.681844,0.007224,10.714637,0.392114,0.173913,0.010256,28167.939085,4.783389,3.944271,3.702242,0.528076,0.504828,0.136254,0.877052,0.089210,0.000000,0.000001,0.019726,0.001000
combined_violation_shift,0,13,1.0000,1,1,combined_violation_shift,0.146186,185.055621,0.000000,11.743728,0.306629,0.173913,0.010092,11718.969024,4.851162,4.176735,7.589738,1.174553,0.531935,0.340497,0.803613,0.089649,0.000000,0.245386,0.040793,0.001000
combined_violation_shift,1,0,1.0000,1,1,combined_violation_shift,0.135770,186.511806,0.000000,10.591211,0.227267,0.173913,0.010093,16830.514043,4.676706,3.879143,6.324873,0.656882,0.492384,0.152147,0.543620,0.089350,0.000000,0.000001,0.033731,0.001000
combined_violation_shift,1,1,1.0000,1,1,combined_violation_shift,0.137226,181.580716,0.012655,10.593116,0.256730,0.173913,0.010194,19106.508553,4.639854,3.920732,3.040391,0.580872,0.477684,0.142933,0.590113,0.089069,0.000000,0.138261,0.016652,0.001000
combined_violation_shift,1,2,1.0000,1,1,combined_violation_shift,0.133789,184.122257,0.000927,10.276358,0.407188,0.173913,0.010000,11766.506945,4.604662,3.822550,5.830350,1.332374,0.474435,0.338721,1.035473,0.089297,0.000000,0.293763,0.031495,0.001000
combined_violation_shift,1,3,1.0000,1,1,combined_violation_shift,0.141074,184.996747,0.001461,11.333899,0.259429,0.173913,0.010182,12824.665546,4.489049,4.030674,6.266159,0.815118,0.534254,0.253183,0.670005,0.089559,0.000000,0.162283,0.033690,0.001000
combined_violation_shift,1,4,1.0000,1,1,combined_violation_shift,0.136022,182.028901,0.000000,10.622721,0.267434,0.173913,0.010629,16381.241129,4.780492,3.886353,5.139287,0.679599,0.556847,0.179423,0.799102,0.090132,0.000000,0.000001,0.028079,0.001000
combined_violation_shift,1,5,1.0000,1,1,combined_violation_shift,0.138380,185.159612,0.001883,10.869966,0.326070,0.173913,0.010000,13810.537790,4.480668,3.953709,13.599983,1.272409,0.576136,0.459366,0.966144,0.089653,0.000000,0.044448,0.073055,0.001000
combined_violation_shift,1,6,1.0000,1,1,combined_violation_shift,0.134350,189.768119,0.000000,10.334918,0.224371,0.173913,0.010000,14916.949880,4.351336,3.838575,8.218051,0.594452,0.524320,0.170979,0.532210,0.089048,0.000000,0.000001,0.043079,0.001000
combined_violation_shift,1,7,1.0000,1,1,combined_violation_shift,0.141610,188.098860,0.004541,11.438508,0.416705,0.173913,0.010186,21761.122998,4.432591,4.045992,6.880473,0.986277,0.527193,0.307597,0.946465,0.089553,0.000000,0.000002,0.036386,0.001000
combined_violation_shift,1,8,1.0000,1,1,combined_violation_shift,0.135827,182.298339,0.022491,10.657306,0.212575,0.173913,0.010000,11187.317699,4.566777,3.880763,7.778075,1.084132,0.473514,0.207481,0.544325,0.092294,0.000000,0.049836,0.042434,0.001000
combined_violation_shift,1,9,1.0000,1,1,combined_violation_shift,0.142650,179.302595,0.043968,11.406173,0.273133,0.173913,0.010267,12191.744056,4.772030,4.075723,10.091845,1.227174,0.541773,0.243423,0.891555,0.091133,0.000000,0.000002,0.055972,0.001000
combined_violation_shift,1,10,1.0000,1,1,combined_violation_shift,0.142983,192.795013,0.034443,11.302993,0.341400,0.173913,0.010000,12163.538297,4.174415,4.085221,11.176765,1.586326,0.539750,0.320267,0.876028,0.091995,0.000000,0.000001,0.057673,0.001000
combined_violation_shift,1,11,1.0000,1,1,combined_violation_shift,0.132952,187.303307,0.001699,10.547831,0.317779,0.173913,0.010000,10854.263009,4.553866,3.798620,6.876081,1.137142,0.568324,0.390357,0.853761,0.091704,0.000000,0.259688,0.036516,0.001000
combined_violation_shift,1,12,1.0000,1,1,combined_violation_shift,0.138491,183.404430,0.000000,10.891870,0.213162,0.173913,0.010434,26506.356656,4.562897,3.956884,2.387176,0.300729,0.480637,0.069873,0.454254,0.088615,0.000000,0.000001,0.012945,0.001000
combined_violation_shift,1,13,1.0000,1,1,combined_violation_shift,0.141338,185.296170,0.000000,11.079421,0.219344,0.173913,0.010423,18346.936181,4.572822,4.038218,3.871800,0.464088,0.517655,0.122265,0.571497,0.089469,0.000000,0.000001,0.020783,0.001000
combined_violation_shift,2,0,1.0000,1,1,combined_violation_shift,0.142443,187.458877,0.002347,11.541248,0.220804,0.173913,0.010232,16927.329252,4.271806,4.069797,7.682522,0.998271,0.539097,0.219254,0.537200,0.089561,0.000000,0.000000,0.040765,0.001000
combined_violation_shift,2,1,1.0000,1,1,combined_violation_shift,0.140309,194.777709,0.021704,11.196426,0.293769,0.173913,0.010621,13903.654432,4.707258,4.008833,10.668988,1.176907,0.565551,0.293905,0.916749,0.089867,0.000000,0.000000,0.054495,0.001000
combined_violation_shift,2,2,1.0000,1,1,combined_violation_shift,0.145498,189.633719,0.006990,11.599975,0.413899,0.173913,0.010336,12268.175224,4.492466,4.157099,9.188248,1.748814,0.528044,0.545999,1.077387,0.089922,0.000000,0.339055,0.048198,0.001000
combined_violation_shift,2,3,1.0000,1,1,combined_violation_shift,0.142086,184.784003,0.000000,11.430898,0.220451,0.173913,0.010150,14329.217777,4.710289,4.059587,6.341199,0.655149,0.515599,0.189078,0.550152,0.089597,0.000000,0.261883,0.034132,0.001000
combined_violation_shift,2,4,1.0000,1,1,combined_violation_shift,0.134487,192.404922,0.038577,10.446508,0.339016,0.173913,0.010000,13370.933168,4.334674,3.842486,21.312639,1.637872,0.564239,0.419886,0.957916,0.090726,0.000000,0.000001,0.110197,0.001000
combined_violation_shift,2,5,1.0000,1,1,combined_violation_shift,0.135086,181.253613,0.030397,10.665136,0.291620,0.173913,0.010000,12607.339441,4.403303,3.859611,12.455657,1.665285,0.491134,0.276933,0.765219,0.093131,0.000000,0.000001,0.068342,0.001000
combined_violation_shift,2,6,1.0000,1,1,combined_violation_shift,0.133394,185.356624,0.000847,10.400952,0.326232,0.173913,0.010363,18949.489225,4.787759,3.811248,7.542629,0.810273,0.485629,0.189442,0.810513,0.088643,0.000000,0.045981,0.040474,0.001000
combined_violation_shift,2,7,1.0000,1,1,combined_violation_shift,0.138108,193.647699,0.000000,10.764560,0.253902,0.173913,0.010000,11087.053021,4.507143,3.945936,12.534420,1.241760,0.549960,0.390367,0.767428,0.094170,0.000000,0.321704,0.064395,0.001000
combined_violation_shift,2,8,1.0000,1,1,combined_violation_shift,0.137707,183.689518,0.001146,10.739992,0.235368,0.173913,0.010166,29517.540344,4.716182,3.934479,1.515442,0.182784,0.527196,0.053285,0.553524,0.089256,0.000000,0.000001,0.008205,0.001000
combined_violation_shift,2,9,1.0000,1,1,combined_violation_shift,0.134638,186.621541,0.000000,10.423965,0.238330,0.173913,0.010047,16244.062924,4.606496,3.846791,3.743309,0.587827,0.567654,0.234117,0.566029,0.089909,0.000000,0.186601,0.019951,0.001000
combined_violation_shift,2,10,1.0000,1,1,combined_violation_shift,0.134406,183.776558,0.000000,10.335186,0.302959,0.173913,0.010000,10156.522542,4.429123,3.840166,6.937966,1.069712,0.517282,0.319512,0.771755,0.090166,0.000000,0.355757,0.037548,0.001000
combined_violation_shift,2,11,1.0000,1,1,combined_violation_shift,0.137763,193.858059,0.005635,10.912212,0.226012,0.173913,0.010410,13732.175564,4.865171,3.936083,11.944452,1.194028,0.537819,0.170264,0.700271,0.090428,0.000000,0.000001,0.061298,0.001000
combined_violation_shift,2,12,1.0000,1,1,combined_violation_shift,0.137156,188.037919,0.025147,10.893895,0.377361,0.173913,0.010225,14906.216827,4.289668,3.918748,12.081509,1.436974,0.518456,0.376329,0.896125,0.089825,0.000000,0.000001,0.063911,0.001000
combined_violation_shift,2,13,1.0000,1,1,combined_violation_shift,0.134604,185.550833,0.012507,10.370670,0.311134,0.173913,0.010163,15833.111472,4.764198,3.845822,5.616073,0.920251,0.499744,0.252963,0.782069,0.089271,0.000000,0.000002,0.030105,0.001000
combined_violation_shift,3,0,1.0000,1,1,combined_violation_shift,0.140661,182.101603,0.009746,11.322122,0.385361,0.173913,0.010000,12191.399758,4.496048,4.018883,8.030919,1.452062,0.489683,0.362999,0.982607,0.090984,0.000000,0.120811,0.043860,0.001000
combined_violation_shift,3,1,1.0000,1,1,combined_violation_shift,0.135177,184.379518,0.003727,10.335670,0.231750,0.173913,0.010285,11345.261163,4.138382,3.862190,4.374523,0.800664,0.482639,0.224352,0.565142,0.090051,0.000000,0.170793,0.023598,0.001000
combined_violation_shift,3,2,1.0000,1,1,combined_violation_shift,0.139438,183.073155,0.000000,10.847633,0.265827,0.173913,0.011072,16417.436186,4.301623,3.983950,6.205212,0.785105,0.591496,0.232062,0.937984,0.089973,0.000000,0.000000,0.033711,0.001000
combined_violation_shift,3,3,1.0000,1,1,combined_violation_shift,0.142360,184.544625,0.000000,11.397977,0.385171,0.173913,0.010388,19593.445483,4.369469,4.067415,8.721692,0.855753,0.549102,0.257703,0.941380,0.089704,0.000000,0.000001,0.047006,0.001000
combined_violation_shift,3,4,1.0000,1,1,combined_violation_shift,0.134441,183.230654,0.000000,10.426128,0.232220,0.173913,0.010134,15152.048151,4.553641,3.841167,4.440260,0.619119,0.490233,0.157186,0.548984,0.089754,0.000000,0.000001,0.024102,0.001000
combined_violation_shift,3,5,1.0000,1,1,combined_violation_shift,0.135180,189.312462,0.003255,10.489789,0.255072,0.173913,0.010350,14651.741544,4.689991,3.862290,7.838801,0.969811,0.475242,0.178142,0.634532,0.089154,0.000000,0.000002,0.041189,0.001000
combined_violation_shift,3,6,1.0000,1,1,combined_violation_shift,0.135809,184.610793,0.000000,10.712074,0.301522,0.173913,0.010145,11957.658911,4.707615,3.880255,6.487901,1.017587,0.526586,0.312054,0.815022,0.089921,0.000000,0.286559,0.034954,0.001000
combined_violation_shift,3,7,1.0000,1,1,combined_violation_shift,0.137313,182.395545,0.000000,10.857451,0.273814,0.173913,0.010134,19411.533440,4.447265,3.923243,3.307912,0.598249,0.518182,0.176465,0.664990,0.089088,0.000000,0.000001,0.018037,0.001000
combined_violation_shift,3,8,1.0000,1,1,combined_violation_shift,0.135738,186.575621,0.000000,10.434137,0.271136,0.173913,0.010316,13088.542540,4.366977,3.878221,6.441956,1.035576,0.515019,0.276473,0.708816,0.089577,0.000000,0.136090,0.034343,0.001000
combined_violation_shift,3,9,1.0000,1,1,combined_violation_shift,0.144038,183.164011,0.000000,11.751167,0.354069,0.173913,0.010266,25688.234425,4.458402,4.115384,7.326667,0.701906,0.536824,0.230975,0.788102,0.089026,0.000000,0.000001,0.039783,0.001000
combined_violation_shift,3,10,1.0000,1,1,combined_violation_shift,0.135302,181.753978,0.000000,10.529787,0.301841,0.173913,0.010348,16924.518802,4.842352,3.865776,5.175805,0.901504,0.507111,0.205527,0.776196,0.089442,0.000000,0.000001,0.028321,0.001000
combined_violation_shift,3,11,1.0000,1,1,combined_violation_shift,0.139820,183.756891,0.000000,11.294665,0.400455,0.173913,0.010296,29142.323786,4.602486,3.994865,3.158547,0.478096,0.562007,0.146270,0.978384,0.089165,0.000000,0.000001,0.017096,0.001000
combined_violation_shift,3,12,1.0000,1,1,combined_violation_shift,0.139584,184.640904,0.050912,10.977292,0.251950,0.173913,0.010000,11777.654574,4.524921,3.988128,11.372876,1.248591,0.498666,0.199663,0.640584,0.093333,0.000000,0.000001,0.061263,0.001000
combined_violation_shift,3,13,1.0000,1,1,combined_violation_shift,0.132035,185.354726,0.004618,10.287628,0.253680,0.173913,0.010211,13233.699705,4.511049,3.772416,5.475587,0.860394,0.510419,0.212625,0.613346,0.089991,0.000000,0.022148,0.029383,0.001000
combined_violation_shift,4,0,1.0000,1,1,combined_violation_shift,0.134133,186.294668,0.000000,10.491886,0.251244,0.173913,0.010225,30839.904770,4.476303,3.832368,2.604812,0.260325,0.563539,0.088670,0.573301,0.089128,0.000000,0.000001,0.013908,0.001000
combined_violation_shift,4,1,1.0000,1,1,combined_violation_shift,0.135329,183.678862,0.000000,10.468180,0.344010,0.173913,0.010289,24328.258406,4.399266,3.866532,3.825937,0.677006,0.469814,0.175425,0.731758,0.089325,0.000000,0.000001,0.020717,0.001000
combined_violation_shift,4,2,1.0000,1,1,combined_violation_shift,0.137868,189.065586,0.027129,10.851107,0.340289,0.173913,0.010544,15955.230859,4.782067,3.939076,18.749554,1.606734,0.578403,0.305134,0.899078,0.090794,0.000000,0.000001,0.098648,0.001000
combined_violation_shift,4,3,1.0000,1,1,combined_violation_shift,0.133694,179.108625,0.006995,10.297777,0.378598,0.173913,0.010207,13731.885480,4.703059,3.819832,8.753931,1.255320,0.525287,0.290624,1.106425,0.089254,0.000000,0.000001,0.048604,0.001000
combined_violation_shift,4,4,1.0000,1,1,combined_violation_shift,0.135015,184.976892,0.020283,10.652295,0.392194,0.173913,0.010337,11966.497252,4.677074,3.857562,11.969184,1.315918,0.557672,0.394687,1.083142,0.089616,0.000000,0.122807,0.064358,0.001000
combined_violation_shift,4,5,1.0000,1,1,combined_violation_shift,0.132824,185.760814,0.007239,10.410166,0.379467,0.173913,0.010000,10537.865257,4.462431,3.794959,4.844666,1.469146,0.478014,0.397699,0.960409,0.091537,0.000000,0.315660,0.025940,0.001000
combined_violation_shift,4,6,1.0000,1,1,combined_violation_shift,0.136320,185.273685,0.000000,10.349978,0.381091,0.173913,0.010000,11127.213424,4.546971,3.894846,9.062791,1.420734,0.538831,0.441211,1.052048,0.095343,0.000000,0.281782,0.048653,0.001000
combined_violation_shift,4,7,1.0000,1,1,combined_violation_shift,0.135973,182.710542,0.000000,10.508429,0.323288,0.173913,0.010146,29597.152217,4.554412,3.884954,3.875471,0.440753,0.494444,0.110762,0.715679,0.089418,0.000000,0.000001,0.021096,0.001000
combined_violation_shift,4,8,1.0000,1,1,combined_violation_shift,0.141590,186.591214,0.012207,11.219350,0.225746,0.173913,0.010100,21712.783493,4.418147,4.045424,5.370469,0.642396,0.566888,0.256373,0.543423,0.089517,0.000000,0.000001,0.028629,0.001000
combined_violation_shift,4,9,1.0000,1,1,combined_violation_shift,0.132644,184.518188,0.037215,10.259199,0.261803,0.173913,0.011228,12208.162767,4.298925,3.789837,11.524709,1.387485,0.479509,0.285637,0.593119,0.089565,0.000000,0.016147,0.062122,0.001000
combined_violation_shift,4,10,1.0000,1,1,combined_violation_shift,0.136187,190.120884,0.000000,10.696477,0.281222,0.173913,0.010226,21404.991642,4.409941,3.891064,3.532181,0.575190,0.569266,0.194326,0.727221,0.089108,0.000000,0.000001,0.018481,0.001000
combined_violation_shift,4,11,1.0000,1,1,combined_violation_shift,0.139204,188.270737,0.008969,10.935186,0.392672,0.173913,0.010316,16082.559869,4.350546,3.977258,13.504324,1.553051,0.551113,0.563807,0.992985,0.089331,0.000000,0.045053,0.071349,0.001000
combined_violation_shift,4,12,1.0000,1,1,combined_violation_shift,0.141731,184.130369,0.000000,11.429335,0.245704,0.173913,0.010180,31985.243083,4.497719,4.049463,3.110180,0.230823,0.549589,0.081435,0.545646,0.089328,0.000000,0.000001,0.016800,0.001000
combined_violation_shift,4,13,1.0000,1,1,combined_violation_shift,0.135760,181.892842,0.007389,10.377620,0.374998,0.173913,0.010268,23173.726061,4.475371,3.878850,7.410856,0.710452,0.483316,0.175269,0.895602,0.089633,0.000000,0.000001,0.040520,0.001000
combined_violation_shift,5,0,1.0000,1,1,combined_violation_shift,0.134144,205.697654,0.000000,10.301135,0.329193,0.173913,0.010682,10707.025400,4.820750,3.832673,7.854478,1.159882,0.558594,0.333643,1.065042,0.089754,0.000000,0.178536,0.038000,0.001000
combined_violation_shift,5,1,1.0000,1,1,combined_violation_shift,0.139256,189.854627,0.000000,10.787303,0.219539,0.173913,0.010163,17998.729199,4.388457,3.978730,7.909426,0.667805,0.553415,0.215716,0.540740,0.089478,0.000000,0.000001,0.041442,0.001000
combined_violation_shift,5,2,1.0000,1,1,combined_violation_shift,0.143525,184.149148,0.000000,11.684812,0.237286,0.173913,0.010361,18505.805410,4.429069,4.100709,7.263018,0.548613,0.496731,0.124831,0.539739,0.088937,0.000000,0.000001,0.039228,0.001000
combined_violation_shift,5,3,1.0000,1,1,combined_violation_shift,0.135270,183.567796,0.024136,10.455073,0.222505,0.173913,0.010567,12546.033052,4.801306,3.864846,12.853277,1.067988,0.585189,0.288337,0.676126,0.091058,0.000000,0.000001,0.069640,0.001000
combined_violation_shift,5,4,1.0000,1,1,combined_violation_shift,0.142539,186.468136,0.000000,11.472369,0.348290,0.173913,0.010301,32991.066380,4.448721,4.072538,4.742937,0.419037,0.517434,0.122827,0.732567,0.089070,0.000000,0.000001,0.025300,0.001000
combined_violation_shift,5,5,1.0000,1,1,combined_violation_shift,0.132250,186.223824,0.000000,10.196354,0.282943,0.173913,0.010499,15424.667502,4.935101,3.778559,6.525791,0.643017,0.570973,0.227354,0.759390,0.090611,0.000000,0.000002,0.034856,0.001000
combined_violation_shift,5,6,1.0000,1,1,combined_violation_shift,0.137600,185.797004,0.000000,10.895291,0.340256,0.173913,0.010391,27601.182087,4.374897,3.931425,5.619259,0.365532,0.556333,0.130062,0.861165,0.089628,0.000000,0.000001,0.030082,0.001000
combined_violation_shift,5,7,1.0000,1,1,combined_violation_shift,0.130723,184.357453,0.014683,10.048552,0.299649,0.173913,0.010301,14649.834404,4.593225,3.734939,8.607426,1.081613,0.478940,0.185915,0.838583,0.089426,0.000000,0.000001,0.046437,0.001000
combined_violation_shift,5,8,1.0000,1,1,combined_violation_shift,0.135046,185.988946,0.000000,10.508610,0.242325,0.173913,0.010169,21651.572965,4.533830,3.858452,5.664929,0.523501,0.549121,0.175699,0.561110,0.088763,0.000000,0.000001,0.030296,0.001000
combined_violation_shift,5,9,1.0000,1,1,combined_violation_shift,0.140544,181.678641,0.013556,11.250088,0.322798,0.173913,0.010429,17563.827126,4.482607,4.015534,8.652408,0.987239,0.505407,0.181043,0.802642,0.089835,0.000000,0.000001,0.047364,0.001000
combined_violation_shift,5,10,1.0000,1,1,combined_violation_shift,0.135449,186.540703,0.000000,10.402904,0.227486,0.173913,0.010090,21467.248865,4.540503,3.869977,3.478458,0.397637,0.466630,0.102463,0.491782,0.089361,0.000000,0.000001,0.018548,0.001000
combined_violation_shift,5,11,1.0000,1,1,combined_violation_shift,0.140209,187.215274,0.007391,10.909711,0.343960,0.173913,0.010207,23209.976677,4.345654,4.005985,6.929315,0.757376,0.517913,0.237201,0.738674,0.089095,0.000000,0.000001,0.036816,0.001000
combined_violation_shift,5,12,1.0000,1,1,combined_violation_shift,0.133408,183.540247,0.000000,10.206815,0.281964,0.173913,0.010218,25248.496831,4.527402,3.811650,2.590969,0.375823,0.486947,0.094550,0.649798,0.088949,0.000000,0.000001,0.014040,0.001000
combined_violation_shift,5,13,1.0000,1,1,combined_violation_shift,0.136756,185.930686,0.019857,10.606604,0.344702,0.173913,0.010000,11411.989322,4.726853,3.907320,7.129121,1.414317,0.469303,0.291675,0.847926,0.092628,0.000000,0.094798,0.038138,0.001000
combined_violation_shift,6,0,1.0000,1,1,combined_violation_shift,0.139410,187.056322,0.000000,11.033001,0.220892,0.173913,0.010407,12539.913035,4.413212,3.983152,12.159353,0.957783,0.504414,0.230989,0.532236,0.089525,0.000000,0.000001,0.064658,0.001000
combined_violation_shift,6,1,1.0000,1,1,combined_violation_shift,0.131035,189.429710,0.012227,10.191283,0.393813,0.173913,0.010083,12636.913699,4.610032,3.743864,8.838679,1.549998,0.481914,0.379656,1.009102,0.089450,0.000000,0.265882,0.046414,0.001000
combined_violation_shift,6,2,1.0000,1,1,combined_violation_shift,0.134226,185.093684,0.003015,10.442508,0.294670,0.173913,0.010000,10192.008272,4.345195,3.835030,6.448183,1.158929,0.507879,0.311653,0.768241,0.093076,0.000000,0.271228,0.034650,0.001000
combined_violation_shift,6,3,1.0000,1,1,combined_violation_shift,0.132574,186.332576,0.000000,10.101155,0.234306,0.173913,0.010079,14338.287503,4.554969,3.787817,5.458614,0.703917,0.484811,0.181240,0.568946,0.088601,0.000000,0.096897,0.029139,0.001000
combined_violation_shift,6,4,1.0000,1,1,combined_violation_shift,0.138460,189.841996,0.000000,10.875092,0.304170,0.173913,0.010009,15578.625298,4.628058,3.956011,5.185302,0.772062,0.503401,0.204168,0.746828,0.090079,0.000000,0.130043,0.027171,0.001000
combined_violation_shift,6,5,1.0000,1,1,combined_violation_shift,0.145777,185.240451,0.007361,11.941492,0.220278,0.173913,0.010014,20177.788312,4.572247,4.165048,4.837494,0.575712,0.577833,0.181252,0.594430,0.089400,0.000000,0.000001,0.025974,0.001000
combined_violation_shift,6,6,1.0000,1,1,combined_violation_shift,0.141881,185.592148,0.000000,11.345090,0.230445,0.173913,0.010000,20165.936879,4.379383,4.053750,3.919306,0.465719,0.536790,0.146824,0.548851,0.089837,0.000000,0.000001,0.021005,0.001000
combined_violation_shift,6,7,1.0000,1,1,combined_violation_shift,0.135341,186.986029,0.000000,10.518714,0.234310,0.173913,0.010432,19979.128216,4.753121,3.866895,3.376139,0.416819,0.494422,0.111006,0.526503,0.089022,0.000000,0.000001,0.017960,0.001000
combined_violation_shift,6,8,1.0000,1,1,combined_violation_shift,0.145253,186.979442,0.030754,11.873653,0.420008,0.173913,0.010432,15446.072432,4.515392,4.150076,10.560447,1.263449,0.509318,0.337087,1.128027,0.089092,0.000000,0.151355,0.056179,0.001000
combined_violation_shift,6,9,1.0000,1,1,combined_violation_shift,0.139427,187.914106,0.042818,10.935346,0.403255,0.173913,0.010000,11930.303986,4.372921,3.983635,14.143834,1.594085,0.561713,0.489014,1.065296,0.089388,0.000000,0.000002,0.074869,0.001000
combined_violation_shift,6,10,1.0000,1,1,combined_violation_shift,0.134206,183.719695,0.002568,10.343286,0.323452,0.173913,0.010249,20216.362643,4.624320,3.834451,4.417211,0.738541,0.550072,0.228150,0.841691,0.089602,0.000000,0.000001,0.023913,0.001000
combined_violation_shift,6,11,1.0000,1,1,combined_violation_shift,0.134525,187.767553,0.000000,10.566567,0.314495,0.173913,0.010000,14615.127315,4.481640,3.843577,7.769209,0.876863,0.567571,0.255182,0.815377,0.088859,0.000000,0.000001,0.041158,0.001000
combined_violation_shift,6,12,1.0000,1,1,combined_violation_shift,0.135169,185.869324,0.000000,10.560927,0.262625,0.173913,0.010157,23046.307314,4.501862,3.861985,6.229042,0.518724,0.541251,0.156585,0.624088,0.089298,0.000000,0.000001,0.033334,0.001000
combined_violation_shift,6,13,1.0000,1,1,combined_violation_shift,0.141657,195.908741,0.013451,11.524986,0.342370,0.173913,0.010000,11581.734685,4.615216,4.047345,6.150211,1.232861,0.525034,0.369481,0.887027,0.093932,0.000000,0.231568,0.031234,0.001000
combined_violation_shift,7,0,1.0000,1,1,combined_violation_shift,0.135031,183.495929,0.000000,10.556667,0.373012,0.173913,0.010379,19694.204261,4.108334,3.858019,8.219071,0.802124,0.560042,0.266844,1.074799,0.090155,0.000000,0.000000,0.044549,0.001000
combined_violation_shift,7,1,1.0000,1,1,combined_violation_shift,0.135653,180.533755,0.005461,10.649050,0.351619,0.173913,0.010047,15903.916020,4.551361,3.875803,5.360469,1.143735,0.531274,0.381286,0.856813,0.089329,0.000000,0.268542,0.029529,0.001000
combined_violation_shift,7,2,1.0000,1,1,combined_violation_shift,0.138616,187.354840,0.000507,10.835979,0.279098,0.173913,0.010185,21135.121826,4.629555,3.960461,2.734092,0.489146,0.501589,0.141995,0.658394,0.089312,0.000000,0.007104,0.014516,0.001000
combined_violation_shift,7,3,1.0000,1,1,combined_violation_shift,0.131836,183.358061,0.007031,10.209952,0.390405,0.173913,0.010522,15716.608919,4.328534,3.766737,5.377576,0.902484,0.566336,0.297350,1.021092,0.089142,0.000000,0.000001,0.029169,0.001000
combined_violation_shift,7,4,1.0000,1,1,combined_violation_shift,0.138330,186.313887,0.001381,10.930878,0.401126,0.173913,0.010211,23308.751211,4.407826,3.952283,4.515397,0.751111,0.556434,0.264516,0.959515,0.089606,0.000000,0.000002,0.024106,0.001000
combined_violation_shift,7,5,1.0000,1,1,combined_violation_shift,0.136801,181.840154,0.000000,10.602889,0.380227,0.173913,0.010337,20018.370026,4.529378,3.908601,8.789930,0.946600,0.518920,0.249744,0.906135,0.089675,0.000000,0.000001,0.048074,0.001000
combined_violation_shift,7,6,1.0000,1,1,combined_violation_shift,0.138110,187.850704,0.001704,10.983041,0.413613,0.173913,0.010161,11488.672332,4.289317,3.946010,8.987772,1.488248,0.553153,0.455544,1.178418,0.090073,0.000000,0.153970,0.047592,0.001000
combined_violation_shift,7,7,1.0000,1,1,combined_violation_shift,0.133446,185.074619,0.018204,10.307659,0.289131,0.173913,0.010357,12265.151904,4.619521,3.812755,6.643503,1.021476,0.552355,0.326837,0.713096,0.089566,0.000000,0.089618,0.035703,0.001000
combined_violation_shift,7,8,1.0000,1,1,combined_violation_shift,0.143854,186.010942,0.006095,11.635951,0.306169,0.173913,0.010187,27573.382525,4.577197,4.110120,2.917160,0.502407,0.546197,0.154761,0.709306,0.089342,0.000000,0.000001,0.015599,0.001000
combined_violation_shift,7,9,1.0000,1,1,combined_violation_shift,0.133897,186.185666,0.000000,10.299716,0.230285,0.173913,0.010130,12795.938932,4.500584,3.825641,6.193497,0.898123,0.488212,0.240887,0.544990,0.089670,0.000000,0.145124,0.033087,0.001000
combined_violation_shift,7,10,1.0000,1,1,combined_violation_shift,0.135572,182.777395,0.000000,10.335102,0.245517,0.173913,0.010208,20228.587301,4.793606,3.873478,4.028106,0.509588,0.503302,0.148249,0.587505,0.089702,0.000000,0.000001,0.021918,0.001000
combined_violation_shift,7,11,1.0000,1,1,combined_violation_shift,0.135828,185.471402,0.000000,10.466734,0.301655,0.173913,0.010256,19969.041992,4.781939,3.880791,4.007341,0.696074,0.490825,0.182540,0.684301,0.089350,0.000000,0.000001,0.021490,0.001000
combined_violation_shift,7,12,1.0000,1,1,combined_violation_shift,0.135760,187.646808,0.000000,10.438043,0.369333,0.173913,0.010324,17272.271279,4.288969,3.878844,6.287470,1.056886,0.491541,0.280615,0.880040,0.089856,0.000000,0.000001,0.033329,0.001000
combined_violation_shift,7,13,1.0000,1,1,combined_violation_shift,0.133627,180.751132,0.044870,10.369594,0.387955,0.173913,0.010926,13564.122147,4.266753,3.817923,24.270222,2.270151,0.595788,0.482434,1.228396,0.089538,0.000000,0.000001,0.133535,0.001000
subtle_contact_corruption,0,0,1.0000,1,1,subtle_contact_corruption,0.007174,20.211929,0.941545,0.717252,0.008342,0.000000,0.004091,2149.040859,0.000000,0.204981,171.819480,15.169987,0.331106,0.083030,0.103918,0.005167,0.000000,0.000001,8.100135,0.001000
subtle_contact_corruption,0,1,1.0000,1,1,subtle_contact_corruption,0.007699,20.303040,0.952350,0.683767,0.012324,0.000000,0.003995,1111.740971,0.000000,0.219964,173.060952,15.860570,0.317992,0.221105,0.178347,0.005768,0.000000,0.008812,8.123768,0.001000
subtle_contact_corruption,0,2,1.0000,1,1,subtle_contact_corruption,0.012463,37.912329,0.941972,0.841220,0.030982,0.000000,0.003893,1226.864343,0.000000,0.356080,180.041748,16.500283,0.377579,0.330977,0.299578,0.005697,0.000000,0.000001,4.626856,0.001000
subtle_contact_corruption,0,3,1.0000,1,1,subtle_contact_corruption,0.008205,25.702830,0.946475,0.727306,0.017179,0.000000,0.004481,968.844229,0.000000,0.234433,176.811087,16.168713,0.339833,0.342342,0.218719,0.005575,0.000000,0.082101,6.621436,0.001000
subtle_contact_corruption,0,4,1.0000,1,1,subtle_contact_corruption,0.008368,36.462484,0.919783,0.611900,0.016557,0.000000,0.003800,621.021465,0.000000,0.239092,172.584782,16.431218,0.348889,0.477237,0.256131,0.008814,0.000000,0.294455,4.606870,0.001000
subtle_contact_corruption,0,5,1.0000,1,1,subtle_contact_corruption,0.011520,47.211401,0.922482,0.703944,0.031318,0.000000,0.003800,812.230823,0.000000,0.329140,171.096051,17.092268,0.329195,0.385990,0.295189,0.006064,0.000000,0.003418,3.548871,0.001000
subtle_contact_corruption,0,6,1.0000,1,1,subtle_contact_corruption,0.006824,23.305298,0.938682,0.571947,0.015918,0.000000,0.004305,641.008463,0.000000,0.194976,174.353234,16.435106,0.321662,0.427236,0.215755,0.004992,0.000000,0.373496,7.173466,0.001000
subtle_contact_corruption,0,7,1.0000,1,1,subtle_contact_corruption,0.006499,18.843441,0.921445,0.649144,0.010132,0.000000,0.004094,1349.963286,0.000000,0.185677,173.826391,15.880555,0.294957,0.235052,0.169777,0.005536,0.000000,0.202640,8.759891,0.001000
subtle_contact_corruption,0,8,1.0000,1,1,subtle_contact_corruption,0.008569,28.525308,0.936679,0.854004,0.015495,0.000000,0.003959,1943.183385,0.000000,0.244817,171.000000,15.920588,0.379373,0.349447,0.228361,0.005592,0.000000,0.001554,5.791642,0.001000
subtle_contact_corruption,0,9,1.0000,1,1,subtle_contact_corruption,0.006979,20.446645,0.936153,0.697577,0.009410,0.000000,0.003966,1689.654486,0.000000,0.199409,172.562390,15.298080,0.349048,0.133354,0.123564,0.005059,0.000000,0.000001,8.046125,0.001000
subtle_contact_corruption,0,10,1.0000,1,1,subtle_contact_corruption,0.008094,30.538579,0.930433,0.534484,0.008627,0.000000,0.004283,564.991372,0.000000,0.231249,174.457512,16.313418,0.320389,0.388306,0.139983,0.004888,0.000000,0.309019,5.531559,0.001000
subtle_contact_corruption,0,11,1.0000,1,1,subtle_contact_corruption,0.007316,38.450937,0.952932,0.460058,0.016646,0.000000,0.003800,476.193600,0.000000,0.209024,173.098723,16.288167,0.320247,0.373999,0.200199,0.005474,0.000000,0.203622,4.387696,0.001000
subtle_contact_corruption,0,12,1.0000,1,1,subtle_contact_corruption,0.007250,20.563812,0.940801,0.724702,0.012020,0.000000,0.004006,1905.184658,0.000000,0.207152,172.306600,15.492513,0.319885,0.153441,0.178468,0.005373,0.000000,0.000001,7.990544,0.001000
subtle_contact_corruption,0,13,1.0000,1,1,subtle_contact_corruption,0.007733,37.180743,0.947764,0.615357,0.015873,0.000000,0.003800,614.059446,0.000000,0.220956,174.741937,16.289428,0.329594,0.398968,0.223439,0.005872,0.000000,0.361023,4.576703,0.001000
subtle_contact_corruption,1,0,1.0000,1,1,subtle_contact_corruption,0.008326,33.485996,0.932326,0.641432,0.006854,0.000000,0.004114,1019.300793,0.000000,0.237885,174.753591,15.666963,0.317893,0.181063,0.132398,0.004879,0.000000,0.005092,5.067378,0.001000
subtle_contact_corruption,1,1,1.0000,1,1,subtle_contact_corruption,0.006561,18.589776,0.949571,0.578202,0.008360,0.000000,0.004070,1042.887015,0.000000,0.187456,173.372393,15.566376,0.298493,0.161008,0.128349,0.005267,0.000000,0.238905,8.850147,0.001000
subtle_contact_corruption,1,2,1.0000,1,1,subtle_contact_corruption,0.007498,30.419134,0.963186,0.676679,0.026043,0.000000,0.003809,774.802855,0.000000,0.214231,174.047594,16.599680,0.292369,0.417393,0.248091,0.004956,0.000000,0.324920,5.539541,0.001000
subtle_contact_corruption,1,3,1.0000,1,1,subtle_contact_corruption,0.007780,29.401981,0.911303,0.675773,0.013114,0.000000,0.003815,764.658057,0.000000,0.222297,176.363201,15.876924,0.345290,0.289132,0.189562,0.005747,0.000000,0.220699,5.801043,0.001000
subtle_contact_corruption,1,4,1.0000,1,1,subtle_contact_corruption,0.009375,31.020717,0.941740,0.816992,0.014019,0.000000,0.004231,1259.878613,0.000000,0.267852,175.031104,15.740146,0.365194,0.218670,0.201421,0.004878,0.000000,0.001890,5.466183,0.001000
subtle_contact_corruption,1,5,1.0000,1,1,subtle_contact_corruption,0.008636,28.858815,0.910867,0.779905,0.022678,0.000000,0.003800,990.887466,0.000000,0.246749,173.181133,16.429191,0.386133,0.514334,0.305959,0.005818,0.000000,0.128755,5.800000,0.001000
subtle_contact_corruption,1,6,1.0000,1,1,subtle_contact_corruption,0.008339,27.642189,0.932248,0.621445,0.011709,0.000000,0.004194,896.965369,0.000000,0.238266,174.534436,15.710635,0.349050,0.196918,0.147736,0.004793,0.000000,0.000001,6.093614,0.001000
subtle_contact_corruption,1,7,1.0000,1,1,subtle_contact_corruption,0.007249,25.302550,0.947120,0.724545,0.022301,0.000000,0.003986,1378.406755,0.000000,0.207105,176.786801,16.076481,0.341563,0.356408,0.213552,0.004971,0.000000,0.143037,6.721280,0.001000
subtle_contact_corruption,1,8,1.0000,1,1,subtle_contact_corruption,0.007903,35.494792,0.975498,0.672761,0.017302,0.000000,0.004112,706.218718,0.000000,0.225787,178.778075,16.100080,0.290494,0.234462,0.158779,0.007795,0.000000,0.318256,4.898728,0.001000
subtle_contact_corruption,1,9,1.0000,1,1,subtle_contact_corruption,0.011116,33.978746,0.926862,0.756409,0.028273,0.000000,0.003800,955.657744,0.000000,0.317600,171.000000,16.439734,0.346272,0.307910,0.267897,0.006026,0.000000,0.082557,4.888683,0.001000
subtle_contact_corruption,1,10,1.0000,1,1,subtle_contact_corruption,0.011831,43.388156,0.934531,0.792842,0.032006,0.000000,0.004232,853.204338,0.000000,0.338037,171.245029,16.591570,0.370454,0.329969,0.351588,0.010075,0.000000,0.045404,3.857899,0.001000
subtle_contact_corruption,1,11,1.0000,1,1,subtle_contact_corruption,0.009278,43.984304,0.895721,0.697200,0.033663,0.000000,0.003919,717.454499,0.000000,0.265097,175.507049,16.277637,0.385695,0.472435,0.274797,0.010567,0.000000,0.300191,3.901517,0.001000
subtle_contact_corruption,1,12,1.0000,1,1,subtle_contact_corruption,0.006075,15.509729,0.936181,0.606643,0.005502,0.000000,0.004079,1476.319701,0.000000,0.173582,171.850114,15.245488,0.290082,0.086565,0.077321,0.005228,0.000000,0.001020,10.409021,0.001000
subtle_contact_corruption,1,13,1.0000,1,1,subtle_contact_corruption,0.008045,23.289663,0.918343,0.661868,0.008235,0.000000,0.004020,1096.018647,0.000000,0.229850,171.471689,15.461726,0.336917,0.146963,0.133474,0.005211,0.000000,0.116680,7.059451,0.001000
subtle_contact_corruption,2,0,1.0000,1,1,subtle_contact_corruption,0.009916,31.704751,0.951670,0.847056,0.013701,0.000000,0.003938,1242.360847,0.000000,0.283317,176.309151,15.997185,0.352671,0.227186,0.184710,0.005787,0.000000,0.000001,5.390934,0.001000
subtle_contact_corruption,2,1,1.0000,1,1,subtle_contact_corruption,0.010694,41.759346,0.910141,0.985607,0.021493,0.000000,0.003992,1223.920794,0.000000,0.305547,177.331572,16.449012,0.373411,0.368198,0.293201,0.005744,0.000000,0.004566,4.147200,0.001000
subtle_contact_corruption,2,2,1.0000,1,1,subtle_contact_corruption,0.007450,39.602406,0.941352,0.744452,0.029375,0.000000,0.004108,787.334736,0.000000,0.212859,179.437204,16.987443,0.338115,0.636635,0.281413,0.005025,0.000000,0.345076,4.419374,0.001000
subtle_contact_corruption,2,3,1.0000,1,1,subtle_contact_corruption,0.007604,25.041149,0.939918,0.557576,0.009333,0.000000,0.003984,698.950265,0.000000,0.217263,174.475717,15.755780,0.320554,0.245502,0.131793,0.005498,0.000000,0.343679,6.700001,0.001000
subtle_contact_corruption,2,4,1.0000,1,1,subtle_contact_corruption,0.011617,51.249404,1.011088,1.079884,0.046402,0.000000,0.004900,1382.190068,0.000000,0.331918,192.312639,16.737740,0.395590,0.454745,0.356374,0.005805,0.000000,0.000001,3.680667,0.001000
subtle_contact_corruption,2,5,1.0000,1,1,subtle_contact_corruption,0.011115,40.019992,0.990098,1.111363,0.038761,0.000000,0.004758,1313.750655,0.000000,0.317562,183.455657,17.354927,0.338470,0.291595,0.293592,0.009093,0.000000,0.000001,4.472348,0.001000
subtle_contact_corruption,2,6,1.0000,1,1,subtle_contact_corruption,0.006254,18.897943,0.943126,0.616208,0.010389,0.000000,0.004042,1122.669244,0.000000,0.178682,172.408220,15.828343,0.300571,0.223646,0.155364,0.005090,0.000000,0.259313,8.664625,0.001000
subtle_contact_corruption,2,7,1.0000,1,1,subtle_contact_corruption,0.009870,48.989636,0.940504,0.891269,0.016583,0.000000,0.003800,917.970479,0.000000,0.282004,173.326839,16.247387,0.372285,0.429947,0.223422,0.010220,0.000000,0.333347,3.467255,0.001000
subtle_contact_corruption,2,8,1.0000,1,1,subtle_contact_corruption,0.007084,21.641058,0.921251,0.675607,0.007779,0.000000,0.004128,1856.821692,0.000000,0.202394,171.733559,15.091989,0.341514,0.063443,0.101841,0.005214,0.000000,0.000001,7.585050,0.001000
subtle_contact_corruption,2,9,1.0000,1,1,subtle_contact_corruption,0.008007,25.543876,0.945587,0.622482,0.009185,0.000000,0.004034,970.037252,0.000000,0.228766,174.743309,15.681089,0.382674,0.293430,0.123549,0.005333,0.000000,0.217064,6.583187,0.001000
subtle_contact_corruption,2,10,1.0000,1,1,subtle_contact_corruption,0.007323,30.017598,0.918531,0.562682,0.019933,0.000000,0.003800,552.954875,0.000000,0.209232,173.151073,16.154511,0.334005,0.363506,0.215640,0.008863,0.000000,0.363456,5.582349,0.001000
subtle_contact_corruption,2,11,1.0000,1,1,subtle_contact_corruption,0.012004,40.623302,0.928756,0.898135,0.021494,0.000000,0.004234,1409.522518,0.000000,0.342974,171.000000,16.488791,0.343647,0.211386,0.241470,0.006263,0.000000,0.002835,4.108276,0.001000
subtle_contact_corruption,2,12,1.0000,1,1,subtle_contact_corruption,0.009346,25.398275,0.942258,0.734794,0.025299,0.000000,0.003845,1005.424754,0.000000,0.267031,173.941259,16.690957,0.349182,0.391915,0.294158,0.005423,0.000000,0.007818,6.589115,0.001000
subtle_contact_corruption,2,13,1.0000,1,1,subtle_contact_corruption,0.007331,29.395044,0.903781,0.633037,0.016524,0.000000,0.003963,966.471106,0.000000,0.209467,174.123705,15.926825,0.311165,0.275733,0.182664,0.005264,0.000000,0.193896,5.728687,0.001000
subtle_contact_corruption,3,0,1.0000,1,1,subtle_contact_corruption,0.007321,37.584869,0.944634,0.534147,0.015317,0.000000,0.003800,575.157403,0.000000,0.209183,172.590799,16.609210,0.296069,0.405493,0.246037,0.008177,0.000000,0.261379,4.473018,0.001000
subtle_contact_corruption,3,1,1.0000,1,1,subtle_contact_corruption,0.006506,24.947898,0.912560,0.466265,0.010012,0.000000,0.003942,511.810242,0.000000,0.185881,173.600885,16.004656,0.304498,0.287945,0.155120,0.005239,0.000000,0.346749,6.690364,0.001000
subtle_contact_corruption,3,2,1.0000,1,1,subtle_contact_corruption,0.011343,34.352135,0.957627,0.905188,0.020710,0.000000,0.004303,1369.963206,0.000000,0.324078,175.199674,16.027905,0.408684,0.295874,0.287359,0.005743,0.000000,0.000002,4.955844,0.001000
subtle_contact_corruption,3,3,1.0000,1,1,subtle_contact_corruption,0.007113,24.366048,0.919882,0.688446,0.015040,0.000000,0.004186,1183.457380,0.000000,0.203233,174.620124,15.949099,0.352694,0.322523,0.210883,0.005157,0.000000,0.035081,6.884010,0.001000
subtle_contact_corruption,3,4,1.0000,1,1,subtle_contact_corruption,0.007280,21.568197,0.918920,0.557835,0.010716,0.000000,0.003998,810.688714,0.000000,0.208007,173.314572,15.673719,0.307469,0.177155,0.136811,0.005323,0.000000,0.110328,7.679593,0.001000
subtle_contact_corruption,3,5,1.0000,1,1,subtle_contact_corruption,0.008801,21.702098,0.913124,0.525964,0.009916,0.000000,0.004088,734.646426,0.000000,0.251448,173.485618,15.920521,0.293716,0.191974,0.141276,0.005304,0.000000,0.056925,7.641832,0.001000
subtle_contact_corruption,3,6,1.0000,1,1,subtle_contact_corruption,0.007947,22.063979,0.914008,0.598330,0.017297,0.000000,0.003999,667.903152,0.000000,0.227052,175.266425,16.153841,0.344699,0.382420,0.214010,0.005306,0.000000,0.433293,7.599141,0.001000
subtle_contact_corruption,3,7,1.0000,1,1,subtle_contact_corruption,0.007181,27.257340,0.949586,0.678133,0.018524,0.000000,0.004024,1212.402936,0.000000,0.205167,173.501040,15.620815,0.333222,0.215507,0.154902,0.004859,0.000000,0.018065,6.140035,0.001000
subtle_contact_corruption,3,8,1.0000,1,1,subtle_contact_corruption,0.008028,31.944157,0.917522,0.625367,0.013942,0.000000,0.004342,784.458091,0.000000,0.229371,176.988885,16.062796,0.334066,0.307912,0.191008,0.005194,0.000000,0.283413,5.372391,0.001000
subtle_contact_corruption,3,9,1.0000,1,1,subtle_contact_corruption,0.006902,22.592459,0.949451,0.681402,0.010205,0.000000,0.003957,1489.554692,0.000000,0.197201,173.831485,15.694847,0.343094,0.249606,0.164415,0.005299,0.000000,0.000369,7.368095,0.001000
subtle_contact_corruption,3,10,1.0000,1,1,subtle_contact_corruption,0.006918,33.440757,0.939192,0.600165,0.012439,0.000000,0.004133,964.644676,0.000000,0.197649,171.000000,15.944313,0.314117,0.239819,0.190969,0.005009,0.000000,0.069322,4.965048,0.001000
subtle_contact_corruption,3,11,1.0000,1,1,subtle_contact_corruption,0.008231,25.854323,0.943081,0.776292,0.019605,0.000000,0.003987,2002.977723,0.000000,0.235169,172.042689,15.470779,0.370814,0.180833,0.226346,0.005609,0.000000,0.000001,6.406518,0.001000
subtle_contact_corruption,3,12,1.0000,1,1,subtle_contact_corruption,0.010967,35.382781,0.932314,0.992000,0.025241,0.000000,0.003800,1064.327982,0.000000,0.313348,173.449069,16.273696,0.305511,0.233749,0.207772,0.010362,0.000000,0.057062,4.767339,0.001000
subtle_contact_corruption,3,13,1.0000,1,1,subtle_contact_corruption,0.007906,28.666863,0.927613,0.651483,0.012640,0.000000,0.003934,838.047773,0.000000,0.225883,173.683594,15.902563,0.324761,0.248873,0.168281,0.005629,0.000000,0.185167,5.854465,0.001000
subtle_contact_corruption,4,0,1.0000,1,1,subtle_contact_corruption,0.007750,25.288833,0.939753,0.774405,0.014861,0.000000,0.004048,2276.290047,0.000000,0.221439,172.150059,15.164064,0.381512,0.100330,0.121386,0.004632,0.000000,0.000001,6.548410,0.001000
subtle_contact_corruption,4,1,1.0000,1,1,subtle_contact_corruption,0.006673,22.064201,0.938607,0.641672,0.015133,0.000000,0.004185,1491.259562,0.000000,0.190669,173.039756,15.695076,0.289754,0.190149,0.158506,0.005720,0.000000,0.098973,7.502526,0.001000
subtle_contact_corruption,4,2,1.0000,1,1,subtle_contact_corruption,0.010362,37.340223,0.931430,0.997361,0.039363,0.000000,0.004306,1466.498209,0.000000,0.296045,175.022031,16.666057,0.400537,0.318960,0.309779,0.005845,0.000000,0.000001,4.564972,0.001000
subtle_contact_corruption,4,3,1.0000,1,1,subtle_contact_corruption,0.009171,24.390041,0.923505,0.728233,0.018144,0.000000,0.003800,971.084564,0.000000,0.262039,171.935805,16.448640,0.336918,0.348083,0.283529,0.005892,0.000000,0.141625,6.771781,0.001000
subtle_contact_corruption,4,4,1.0000,1,1,subtle_contact_corruption,0.008600,37.031754,0.914910,0.782228,0.033156,0.000000,0.003800,878.733818,0.000000,0.245704,175.185199,16.435116,0.369606,0.450434,0.318127,0.005396,0.000000,0.238385,4.606288,0.001000
subtle_contact_corruption,4,5,1.0000,1,1,subtle_contact_corruption,0.007392,40.766278,0.919656,0.496611,0.015252,0.000000,0.003800,502.702768,0.000000,0.211202,172.456653,16.757243,0.294165,0.477183,0.221323,0.008075,0.000000,0.318612,4.129088,0.001000
subtle_contact_corruption,4,6,1.0000,1,1,subtle_contact_corruption,0.008544,39.462685,0.957307,0.730486,0.024584,0.000000,0.003800,785.341894,0.000000,0.244104,175.015601,16.564587,0.358115,0.519428,0.321835,0.010526,0.000000,0.388176,4.325358,0.001000
subtle_contact_corruption,4,7,1.0000,1,1,subtle_contact_corruption,0.006860,18.998989,0.947353,0.673742,0.011426,0.000000,0.004057,1897.605913,0.000000,0.195989,172.271879,15.355232,0.310809,0.122058,0.135062,0.005294,0.000000,0.000001,8.614029,0.001000
subtle_contact_corruption,4,8,1.0000,1,1,subtle_contact_corruption,0.007686,18.318737,0.944301,0.725022,0.008909,0.000000,0.003940,1403.133104,0.000000,0.219604,172.758684,15.724349,0.383205,0.300038,0.111754,0.005366,0.000000,0.041789,8.942545,0.001000
subtle_contact_corruption,4,9,1.0000,1,1,subtle_contact_corruption,0.010340,43.193150,0.937107,0.839966,0.025932,0.000000,0.004139,999.536868,0.000000,0.295434,176.423918,16.406035,0.323344,0.291950,0.212372,0.006030,0.000000,0.034500,3.992110,0.001000
subtle_contact_corruption,4,10,1.0000,1,1,subtle_contact_corruption,0.007728,27.695974,0.919982,0.744544,0.013235,0.000000,0.003946,1489.925255,0.000000,0.220796,171.323078,15.512794,0.386076,0.217655,0.163026,0.005175,0.000000,0.001454,5.970283,0.001000
subtle_contact_corruption,4,11,1.0000,1,1,subtle_contact_corruption,0.008652,27.063258,0.949841,0.735409,0.019790,0.000000,0.004087,1081.577557,0.000000,0.247212,176.823396,16.759034,0.369764,0.630472,0.291329,0.005433,0.000000,0.118779,6.300886,0.001000
subtle_contact_corruption,4,12,1.0000,1,1,subtle_contact_corruption,0.007399,23.651442,0.932303,0.734486,0.014121,0.000000,0.004025,2055.473926,0.000000,0.211393,171.734567,15.158555,0.358468,0.091570,0.105276,0.005290,0.000000,0.000001,6.966512,0.001000
subtle_contact_corruption,4,13,1.0000,1,1,subtle_contact_corruption,0.006903,27.668810,0.935171,0.688728,0.016950,0.000000,0.004029,1537.962472,0.000000,0.197234,171.000000,15.753024,0.307447,0.210791,0.196438,0.005591,0.000000,0.003967,5.964670,0.001000
subtle_contact_corruption,5,0,1.0000,1,1,subtle_contact_corruption,0.009758,34.684879,0.935825,0.676748,0.027194,0.000000,0.003800,703.413713,0.000000,0.278793,172.768218,16.411796,0.369227,0.418340,0.327337,0.009214,0.000000,0.276722,4.841497,0.001000
subtle_contact_corruption,5,1,1.0000,1,1,subtle_contact_corruption,0.008564,26.815062,0.947526,0.708894,0.009690,0.000000,0.003800,1182.796473,0.000000,0.244687,172.627388,15.625456,0.378184,0.233712,0.140732,0.005418,0.000000,0.002313,6.206256,0.001000
subtle_contact_corruption,5,2,1.0000,1,1,subtle_contact_corruption,0.007065,20.795303,0.895801,0.593435,0.008314,0.000000,0.004079,939.851951,0.000000,0.201867,173.811603,15.640703,0.296337,0.161941,0.121193,0.005376,0.000000,0.109539,7.974728,0.001000
subtle_contact_corruption,5,3,1.0000,1,1,subtle_contact_corruption,0.011069,47.021176,0.937314,1.044116,0.022941,0.000000,0.003888,1272.814552,0.000000,0.316252,171.567410,16.176068,0.396488,0.325011,0.238315,0.006412,0.000000,0.000444,3.572745,0.001000
subtle_contact_corruption,5,4,1.0000,1,1,subtle_contact_corruption,0.007174,27.003331,0.914981,0.713080,0.009799,0.000000,0.003996,2050.603796,0.000000,0.204967,171.000000,15.331938,0.329666,0.126971,0.164938,0.005438,0.000000,0.000001,6.106416,0.001000
subtle_contact_corruption,5,5,1.0000,1,1,subtle_contact_corruption,0.008088,28.315965,0.929749,0.739362,0.016754,0.000000,0.004040,1118.478890,0.000000,0.231072,171.817555,15.732827,0.381716,0.254655,0.210122,0.005308,0.000000,0.019838,5.860887,0.001000
subtle_contact_corruption,5,6,1.0000,1,1,subtle_contact_corruption,0.008019,23.995934,0.935245,0.754169,0.012291,0.000000,0.004191,1910.546004,0.000000,0.229117,171.000000,15.361487,0.383410,0.155540,0.174323,0.005293,0.000000,0.000001,6.841113,0.001000
subtle_contact_corruption,5,7,1.0000,1,1,subtle_contact_corruption,0.007700,26.640831,0.962587,0.769977,0.015246,0.000000,0.004168,1122.552672,0.000000,0.219999,176.278348,16.200476,0.295440,0.222973,0.192162,0.005430,0.000000,0.002128,6.377462,0.001000
subtle_contact_corruption,5,8,1.0000,1,1,subtle_contact_corruption,0.007961,32.683600,0.924476,0.689320,0.009409,0.000000,0.004089,1420.251592,0.000000,0.227461,171.000000,15.500053,0.372545,0.198129,0.131167,0.006247,0.000000,0.002715,5.076655,0.001000
subtle_contact_corruption,5,9,1.0000,1,1,subtle_contact_corruption,0.008847,25.885605,0.917488,0.769794,0.020363,0.000000,0.004579,1201.814798,0.000000,0.252784,172.964825,16.076217,0.320066,0.217701,0.200290,0.005933,0.000000,0.002768,6.433362,0.001000
subtle_contact_corruption,5,10,1.0000,1,1,subtle_contact_corruption,0.006264,23.558051,0.939365,0.608270,0.008450,0.000000,0.003965,1255.216046,0.000000,0.178961,174.478458,15.349121,0.291231,0.115900,0.085968,0.005773,0.000000,0.098558,7.104735,0.001000
subtle_contact_corruption,5,11,1.0000,1,1,subtle_contact_corruption,0.006753,27.755309,0.932788,0.645746,0.014913,0.000000,0.004153,1373.799862,0.000000,0.192944,174.697874,15.808833,0.332947,0.272572,0.170193,0.004943,0.000000,0.001305,6.075326,0.001000
subtle_contact_corruption,5,12,1.0000,1,1,subtle_contact_corruption,0.006476,20.822122,0.932015,0.646681,0.007730,0.000000,0.004152,1599.688617,0.000000,0.185038,171.417705,15.340124,0.302515,0.117117,0.120706,0.005050,0.000000,0.001211,7.855226,0.001000
subtle_contact_corruption,5,13,1.0000,1,1,subtle_contact_corruption,0.007364,32.541684,0.935788,0.585970,0.015070,0.000000,0.003800,630.463858,0.000000,0.210407,173.558630,16.484867,0.288167,0.327838,0.214985,0.006929,0.000000,0.235896,5.174416,0.001000
subtle_contact_corruption,6,0,1.0000,1,1,subtle_contact_corruption,0.007870,36.499555,0.912590,0.762217,0.015491,0.000000,0.004183,866.322348,0.000000,0.224849,174.474430,16.059966,0.317171,0.254218,0.176041,0.006082,0.000000,0.003681,4.652707,0.001000
subtle_contact_corruption,6,1,1.0000,1,1,subtle_contact_corruption,0.007127,22.655765,0.940830,0.645793,0.018770,0.000000,0.004070,800.765469,0.000000,0.203615,175.618076,16.754057,0.295264,0.444529,0.228879,0.005430,0.000000,0.334188,7.423902,0.001000
subtle_contact_corruption,6,2,1.0000,1,1,subtle_contact_corruption,0.008612,30.566734,0.894873,0.491870,0.018797,0.000000,0.003800,480.070699,0.000000,0.246061,174.407714,16.224243,0.326485,0.355517,0.201577,0.008652,0.000000,0.379364,5.525048,0.001000
subtle_contact_corruption,6,3,1.0000,1,1,subtle_contact_corruption,0.007564,22.129508,0.948453,0.528096,0.010303,0.000000,0.004119,749.616011,0.000000,0.216121,174.619179,15.737332,0.304701,0.213982,0.119960,0.005014,0.000000,0.138468,7.549628,0.001000
subtle_contact_corruption,6,4,1.0000,1,1,subtle_contact_corruption,0.007666,31.666022,0.936767,0.641347,0.012500,0.000000,0.004146,918.732524,0.000000,0.219037,174.880410,15.811199,0.321105,0.227015,0.188368,0.005688,0.000000,0.248873,5.353588,0.001000
subtle_contact_corruption,6,5,1.0000,1,1,subtle_contact_corruption,0.008456,33.384285,0.922856,0.681484,0.010161,0.000000,0.003854,1151.516920,0.000000,0.241593,171.000000,15.530775,0.381437,0.206381,0.161276,0.004851,0.000000,0.001533,4.973202,0.001000
subtle_contact_corruption,6,6,1.0000,1,1,subtle_contact_corruption,0.007453,22.766156,0.948109,0.686369,0.010193,0.000000,0.004173,1220.023280,0.000000,0.212949,172.537773,15.440578,0.350833,0.170306,0.122929,0.005306,0.000000,0.002574,7.259810,0.001000
subtle_contact_corruption,6,7,1.0000,1,1,subtle_contact_corruption,0.006497,21.247385,0.951224,0.613302,0.009219,0.000000,0.004078,1164.899622,0.000000,0.185616,174.282705,15.448377,0.306705,0.153604,0.111274,0.005160,0.000000,0.070291,7.833851,0.001000
subtle_contact_corruption,6,8,1.0000,1,1,subtle_contact_corruption,0.007231,37.174747,0.968038,0.578272,0.029198,0.000000,0.003983,752.255947,0.000000,0.206599,181.560447,16.346450,0.316390,0.375539,0.264006,0.005263,0.000000,0.280184,4.756035,0.001000
subtle_contact_corruption,6,9,1.0000,1,1,subtle_contact_corruption,0.010288,46.051921,0.986787,0.832808,0.063648,0.000000,0.004373,908.581749,0.000000,0.293939,182.290729,16.773525,0.368043,0.550086,0.366309,0.008386,0.000000,0.197857,3.874246,0.001000
subtle_contact_corruption,6,10,1.0000,1,1,subtle_contact_corruption,0.008228,24.346973,0.920998,0.778148,0.017347,0.000000,0.004049,1520.921882,0.000000,0.235090,172.595251,15.720330,0.369134,0.259588,0.192101,0.005205,0.000000,0.001652,6.809304,0.001000
subtle_contact_corruption,6,11,1.0000,1,1,subtle_contact_corruption,0.008901,40.467908,0.947432,0.791338,0.030809,0.000000,0.004549,1094.537264,0.000000,0.254300,178.769209,15.934934,0.375900,0.297952,0.244449,0.005592,0.000000,0.138543,4.311026,0.001000
subtle_contact_corruption,6,12,1.0000,1,1,subtle_contact_corruption,0.007483,22.877788,0.942883,0.703433,0.011732,0.000000,0.004092,1535.047608,0.000000,0.213796,171.832326,15.496203,0.359870,0.173846,0.142859,0.005303,0.000000,0.000780,7.196325,0.001000
subtle_contact_corruption,6,13,1.0000,1,1,subtle_contact_corruption,0.007888,29.888767,0.928088,0.592642,0.019908,0.000000,0.003800,626.750652,0.000000,0.225362,174.053982,16.328548,0.326994,0.413023,0.273080,0.010258,0.000000,0.325988,5.634863,0.001000
subtle_contact_corruption,7,0,1.0000,1,1,subtle_contact_corruption,0.008637,34.831096,0.921662,0.778246,0.021539,0.000000,0.003998,1451.872574,0.000000,0.246772,171.298660,15.905974,0.394292,0.316212,0.265385,0.005202,0.000000,0.000001,4.780726,0.001000
subtle_contact_corruption,7,1,1.0000,1,1,subtle_contact_corruption,0.007016,26.071354,0.922568,0.663515,0.015955,0.000000,0.003967,990.932156,0.000000,0.200464,173.698070,16.176924,0.347739,0.424135,0.211312,0.005876,0.000000,0.361850,6.416305,0.001000
subtle_contact_corruption,7,2,1.0000,1,1,subtle_contact_corruption,0.006729,21.047160,0.942160,0.572289,0.010238,0.000000,0.003984,1116.224819,0.000000,0.192269,173.734092,15.477492,0.321033,0.167214,0.134422,0.005843,0.000000,0.086008,7.880112,0.001000
subtle_contact_corruption,7,3,1.0000,1,1,subtle_contact_corruption,0.007664,23.855785,0.942067,0.764212,0.024639,0.000000,0.004144,1176.383866,0.000000,0.218982,173.918507,15.977120,0.380131,0.352723,0.268999,0.005061,0.000000,0.207103,6.997104,0.001000
subtle_contact_corruption,7,4,1.0000,1,1,subtle_contact_corruption,0.007966,33.143563,0.944597,0.794550,0.033379,0.000000,0.003991,1694.278980,0.000000,0.227593,175.786292,15.810804,0.375073,0.294477,0.223691,0.005049,0.000000,0.006663,5.148446,0.001000
subtle_contact_corruption,7,5,1.0000,1,1,subtle_contact_corruption,0.007256,25.702963,0.918388,0.725275,0.015778,0.000000,0.004037,1369.326217,0.000000,0.207327,174.024927,15.890925,0.335979,0.271204,0.218444,0.005504,0.000000,0.084759,6.517064,0.001000
subtle_contact_corruption,7,6,1.0000,1,1,subtle_contact_corruption,0.008691,45.245958,0.878143,0.783766,0.041879,0.000000,0.004199,819.848564,0.000000,0.248311,177.851191,16.645781,0.373471,0.523486,0.347069,0.005277,0.000000,0.339519,3.845767,0.001000
subtle_contact_corruption,7,7,1.0000,1,1,subtle_contact_corruption,0.007912,37.387533,0.948485,0.660436,0.023519,0.000000,0.003800,785.857802,0.000000,0.226068,175.280107,16.184511,0.368908,0.398705,0.228827,0.006540,0.000000,0.136845,4.566069,0.001000
subtle_contact_corruption,7,8,1.0000,1,1,subtle_contact_corruption,0.007244,24.983837,0.942356,0.724372,0.019620,0.000000,0.003987,1716.523162,0.000000,0.206980,173.926456,15.485207,0.352813,0.184363,0.143895,0.005049,0.000000,0.000002,6.693640,0.001000
subtle_contact_corruption,7,9,1.0000,1,1,subtle_contact_corruption,0.006834,19.040781,0.953525,0.548242,0.007053,0.000000,0.004414,681.112669,0.000000,0.195245,175.011321,16.023864,0.307237,0.295871,0.121446,0.005955,0.000000,0.234820,8.732760,0.001000
subtle_contact_corruption,7,10,1.0000,1,1,subtle_contact_corruption,0.006785,27.723852,0.947384,0.610634,0.009783,0.000000,0.004131,1195.175426,0.000000,0.193870,175.028106,15.461606,0.311018,0.165741,0.122035,0.005295,0.000000,0.007407,6.093476,0.001000
subtle_contact_corruption,7,11,1.0000,1,1,subtle_contact_corruption,0.006757,15.717164,0.923580,0.587646,0.008263,0.000000,0.003991,1121.144843,0.000000,0.193070,172.647405,15.745567,0.303754,0.217175,0.138824,0.005157,0.000000,0.082173,10.327554,0.001000
subtle_contact_corruption,7,12,1.0000,1,1,subtle_contact_corruption,0.007457,33.114136,0.915055,0.642165,0.012595,0.000000,0.004181,1062.617668,0.000000,0.213063,171.000000,16.041808,0.314218,0.302581,0.187893,0.004913,0.000000,0.179638,5.012585,0.001000
subtle_contact_corruption,7,13,1.0000,1,1,subtle_contact_corruption,0.013244,37.023624,0.988702,1.087162,0.053132,0.000000,0.004775,1422.081076,0.000000,0.378403,187.059234,17.434367,0.434291,0.506698,0.539230,0.006011,0.000000,0.000001,4.919553,0.001000
subtle_energy_corruption,0,0,1.0000,1,1,subtle_energy_corruption,0.013481,73.474320,0.001844,0.691357,0.047887,0.000000,0.000394,2071.453669,0.000000,0.385173,2.457366,0.300422,0.333978,0.071272,0.181349,0.006852,0.000000,0.000001,0.032996,0.001000
subtle_energy_corruption,0,1,1.0000,1,1,subtle_energy_corruption,0.015051,71.038597,0.003377,1.482704,0.067975,0.000000,0.000546,2410.737248,0.000000,0.430026,8.507455,0.991005,0.321400,0.191806,0.321710,0.006770,0.000000,0.072722,0.118096,0.001000
subtle_energy_corruption,0,2,1.0000,1,1,subtle_energy_corruption,0.013708,66.606852,0.035230,1.368740,0.062420,0.000000,0.001008,1996.218976,0.000000,0.391655,12.778291,1.630717,0.377255,0.267781,0.455422,0.006939,0.000000,0.000001,0.189009,0.001000
subtle_energy_corruption,0,3,1.0000,1,1,subtle_energy_corruption,0.015831,80.671091,0.012598,0.615401,0.065280,0.000000,0.000864,819.775848,0.000000,0.452324,6.334707,1.299148,0.345567,0.284076,0.344718,0.006781,0.000000,0.108949,0.077564,0.001000
subtle_energy_corruption,0,4,1.0000,1,1,subtle_energy_corruption,0.018120,70.905094,0.004905,0.551998,0.100229,0.000000,0.000370,560.226526,0.000000,0.517723,6.408388,1.561653,0.351572,0.420204,0.456774,0.009051,0.000000,0.317645,0.089123,0.001000
subtle_energy_corruption,0,5,1.0000,1,1,subtle_energy_corruption,0.012779,67.135567,0.025122,1.269433,0.048036,0.000000,0.000943,1464.708813,0.000000,0.365128,15.657473,2.222703,0.327834,0.338191,0.433573,0.006585,0.000000,0.000002,0.229799,0.001000
subtle_energy_corruption,0,6,1.0000,1,1,subtle_energy_corruption,0.016218,72.453004,0.000000,1.620740,0.083160,0.000000,0.000505,1816.439570,0.000000,0.463372,5.976279,1.565541,0.321724,0.381063,0.371577,0.006074,0.000000,0.397640,0.081362,0.001000
subtle_energy_corruption,0,7,1.0000,1,1,subtle_energy_corruption,0.014815,73.397040,0.000637,1.480498,0.080500,0.000000,0.000382,3078.853742,0.000000,0.423277,5.162837,1.010990,0.294297,0.198925,0.297908,0.006787,0.000000,0.267662,0.069396,0.001000
subtle_energy_corruption,0,8,1.0000,1,1,subtle_energy_corruption,0.019040,71.828214,0.000000,0.780504,0.154352,0.000000,0.000394,1775.943609,0.000000,0.544012,10.329766,1.051023,0.383951,0.347641,0.390114,0.006639,0.000000,0.000001,0.141837,0.001000
subtle_energy_corruption,0,9,1.0000,1,1,subtle_energy_corruption,0.018035,71.612542,0.000000,0.648440,0.065357,0.000000,0.000371,1715.556995,0.000000,0.515295,3.124967,0.428515,0.352146,0.121849,0.199156,0.007142,0.000000,0.000001,0.043036,0.001000
subtle_energy_corruption,0,10,1.0000,1,1,subtle_energy_corruption,0.014035,78.590852,0.002123,0.484985,0.051578,0.000000,0.000483,716.541940,0.000000,0.401002,11.257142,1.443852,0.318072,0.332239,0.241767,0.006329,0.000000,0.341979,0.141438,0.001000
subtle_energy_corruption,0,11,1.0000,1,1,subtle_energy_corruption,0.013326,83.408674,0.013017,0.450686,0.083109,0.000000,0.000368,466.493235,0.000000,0.380734,6.283169,1.418602,0.321103,0.331001,0.310402,0.006950,0.000000,0.336295,0.074437,0.001000
subtle_energy_corruption,0,12,1.0000,1,1,subtle_energy_corruption,0.012523,69.583130,0.000000,1.242866,0.072292,0.000000,0.000508,3267.397637,0.000000,0.357797,3.702242,0.622948,0.318358,0.125839,0.306774,0.006812,0.000000,0.000001,0.052452,0.001000
subtle_energy_corruption,0,13,1.0000,1,1,subtle_energy_corruption,0.014944,72.833629,0.001014,0.650748,0.087308,0.000000,0.000639,649.375542,0.000000,0.426975,7.589738,1.419863,0.330124,0.347433,0.377037,0.008908,0.000000,0.348987,0.102795,0.001000
subtle_energy_corruption,1,0,1.0000,1,1,subtle_energy_corruption,0.016879,68.040841,0.010445,1.667639,0.052962,0.000000,0.000486,2650.048973,0.000000,0.482246,6.324873,0.797398,0.316385,0.164139,0.231427,0.006664,0.000000,0.000003,0.091611,0.001000
subtle_energy_corruption,1,1,1.0000,1,1,subtle_energy_corruption,0.014167,66.960302,0.001771,0.641216,0.041940,0.000000,0.000477,1156.543683,0.000000,0.404777,3.040391,0.696810,0.298648,0.140635,0.221990,0.006522,0.000000,0.279393,0.044738,0.001000
subtle_energy_corruption,1,2,1.0000,1,1,subtle_energy_corruption,0.015128,77.310168,0.012203,0.598978,0.110404,0.000000,0.000599,685.833884,0.000000,0.432223,5.996330,1.730115,0.291655,0.383689,0.383917,0.005694,0.000000,0.365425,0.076572,0.001000
subtle_energy_corruption,1,3,1.0000,1,1,subtle_energy_corruption,0.017891,69.684426,0.000000,0.666115,0.075592,0.000000,0.000753,753.729682,0.000000,0.511183,6.266159,1.007359,0.347488,0.253003,0.277871,0.007140,0.000000,0.271735,0.088650,0.001000
subtle_energy_corruption,1,4,1.0000,1,1,subtle_energy_corruption,0.019230,86.443654,0.004437,0.841681,0.106595,0.000000,0.000629,1297.951631,0.000000,0.549440,5.139287,0.870580,0.369981,0.204413,0.337145,0.006945,0.000000,0.000001,0.058773,0.001000
subtle_energy_corruption,1,5,1.0000,1,1,subtle_energy_corruption,0.012395,67.852174,0.013071,1.238589,0.059607,0.000000,0.000683,1573.655966,0.000000,0.354149,13.599983,1.559626,0.387523,0.379639,0.460701,0.006451,0.000000,0.202901,0.197524,0.001000
subtle_energy_corruption,1,6,1.0000,1,1,subtle_energy_corruption,0.017668,66.535791,0.012853,1.704135,0.033587,0.000000,0.000479,2459.671434,0.000000,0.504791,8.218051,0.841070,0.351496,0.172755,0.239175,0.006390,0.000000,0.000001,0.121684,0.001000
subtle_energy_corruption,1,7,1.0000,1,1,subtle_energy_corruption,0.016185,66.295420,0.007726,0.643767,0.111523,0.000000,0.000573,1224.730756,0.000000,0.462440,6.880473,1.206915,0.342605,0.298980,0.365744,0.006462,0.000000,0.171526,0.102243,0.001000
subtle_energy_corruption,1,8,1.0000,1,1,subtle_energy_corruption,0.016961,66.738796,0.011660,0.662552,0.052770,0.000000,0.000695,695.502519,0.000000,0.484602,7.778075,1.230514,0.288259,0.210263,0.212477,0.010080,0.000000,0.327793,0.114825,0.001000
subtle_energy_corruption,1,9,1.0000,1,1,subtle_energy_corruption,0.014463,90.322086,0.015012,1.446308,0.042504,0.000000,0.000674,1545.918212,0.000000,0.413234,10.091845,1.570169,0.350780,0.256461,0.402824,0.007871,0.000000,0.048545,0.110508,0.001000
subtle_energy_corruption,1,10,1.0000,1,1,subtle_energy_corruption,0.015640,68.798387,0.036958,1.552422,0.083293,0.000000,0.000658,1670.614176,0.000000,0.446847,11.176765,1.722005,0.371896,0.268681,0.540630,0.009776,0.000000,0.016958,0.160129,0.001000
subtle_energy_corruption,1,11,1.0000,1,1,subtle_energy_corruption,0.017425,84.071017,0.006452,0.698619,0.095870,0.000000,0.000299,718.914704,0.000000,0.497860,6.876081,1.408072,0.387796,0.420964,0.450107,0.011596,0.000000,0.386474,0.080828,0.001000
subtle_energy_corruption,1,12,1.0000,1,1,subtle_energy_corruption,0.012866,69.209349,0.000000,1.286113,0.037432,0.000000,0.000434,3129.872442,0.000000,0.367599,2.387176,0.375923,0.284617,0.077095,0.151335,0.006549,0.000000,0.000003,0.034001,0.001000
subtle_energy_corruption,1,13,1.0000,1,1,subtle_energy_corruption,0.016821,70.324229,0.009647,0.780283,0.057737,0.000000,0.000528,1292.107216,0.000000,0.480614,5.232870,0.592161,0.339114,0.132222,0.211844,0.006492,0.000000,0.110119,0.073367,0.001000
subtle_energy_corruption,2,0,1.0000,1,1,subtle_energy_corruption,0.017324,65.798989,0.010664,1.718646,0.057604,0.000000,0.000899,2520.705461,0.000000,0.494974,7.682522,1.127620,0.356751,0.199682,0.300386,0.006245,0.000000,0.000001,0.115010,0.001000
subtle_energy_corruption,2,1,1.0000,1,1,subtle_energy_corruption,0.015406,94.811454,0.018830,1.539421,0.061498,0.000000,0.000890,1911.644296,0.000000,0.440174,10.668988,1.579446,0.380947,0.307185,0.487942,0.008757,0.000000,0.000001,0.111354,0.001000
subtle_energy_corruption,2,2,1.0000,1,1,subtle_energy_corruption,0.017409,71.686481,0.029513,0.700251,0.110496,0.000000,0.000381,740.587507,0.000000,0.497391,9.188248,2.117878,0.340655,0.531638,0.500274,0.006972,0.000000,0.436741,0.126409,0.001000
subtle_energy_corruption,2,3,1.0000,1,1,subtle_energy_corruption,0.017461,74.134863,0.000000,0.485980,0.053198,0.000000,0.000438,767.989727,0.000000,0.498889,6.341199,0.886215,0.321464,0.215745,0.224770,0.006327,0.000000,0.395555,0.084398,0.001000
subtle_energy_corruption,2,4,1.0000,1,1,subtle_energy_corruption,0.018690,59.327716,0.031080,1.839521,0.093299,0.000000,0.001100,2354.481754,0.000000,0.534007,21.312639,1.868174,0.400614,0.421567,0.512886,0.007554,0.000000,0.000001,0.353281,0.001000
subtle_energy_corruption,2,5,1.0000,1,1,subtle_energy_corruption,0.014444,73.083028,0.065838,1.106837,0.082676,0.000000,0.001267,1308.400063,0.000000,0.412675,16.504119,2.485362,0.330056,0.206664,0.452683,0.010047,0.000000,0.000001,0.222779,0.001000
subtle_energy_corruption,2,6,1.0000,1,1,subtle_energy_corruption,0.014466,71.652055,0.000000,1.443194,0.055540,0.000000,0.000477,2629.355251,0.000000,0.413306,7.542629,0.958778,0.301997,0.177135,0.270270,0.006551,0.000000,0.187353,0.103819,0.001000
subtle_energy_corruption,2,7,1.0000,1,1,subtle_energy_corruption,0.015942,77.090510,0.011102,0.955703,0.070319,0.000000,0.000379,984.334754,0.000000,0.455474,12.534420,1.377822,0.374355,0.400658,0.383550,0.010242,0.000000,0.374228,0.160511,0.001000
subtle_energy_corruption,2,8,1.0000,1,1,subtle_energy_corruption,0.014039,65.461553,0.000000,1.401082,0.053462,0.000000,0.000357,3850.700664,0.000000,0.401100,1.515442,0.222423,0.344040,0.055686,0.196554,0.006536,0.000000,0.000001,0.022802,0.001000
subtle_energy_corruption,2,9,1.0000,1,1,subtle_energy_corruption,0.018072,61.093029,0.000000,1.807191,0.053216,0.000000,0.000510,2816.214514,0.000000,0.516355,4.613354,0.811524,0.388927,0.262144,0.225644,0.007092,0.000000,0.298334,0.074297,0.001000
subtle_energy_corruption,2,10,1.0000,1,1,subtle_energy_corruption,0.016427,86.444846,0.005297,0.619363,0.054595,0.000000,0.000174,608.656399,0.000000,0.469334,6.937966,1.284946,0.332794,0.327301,0.337586,0.010784,0.000000,0.468736,0.079341,0.001000
subtle_energy_corruption,2,11,1.0000,1,1,subtle_energy_corruption,0.021170,71.871148,0.000000,0.899778,0.088236,0.000000,0.001339,1133.700235,0.000000,0.604855,11.944452,1.619226,0.343075,0.201815,0.339742,0.007185,0.000000,0.000001,0.163912,0.001000
subtle_energy_corruption,2,12,1.0000,1,1,subtle_energy_corruption,0.016160,56.041428,0.040508,1.606582,0.072085,0.000000,0.000593,2198.300316,0.000000,0.461704,12.081509,1.821392,0.350412,0.350220,0.462348,0.006871,0.000000,0.048207,0.211802,0.001000
subtle_energy_corruption,2,13,1.0000,1,1,subtle_energy_corruption,0.014962,67.773452,0.000000,0.617373,0.069817,0.000000,0.000629,942.556129,0.000000,0.427496,5.616073,1.057260,0.313556,0.245839,0.286183,0.005816,0.000000,0.288864,0.081660,0.001000
subtle_energy_corruption,3,0,1.0000,1,1,subtle_energy_corruption,0.015369,63.596410,0.003324,1.520089,0.069544,0.000000,0.000592,1636.797122,0.000000,0.439116,8.030919,1.739645,0.298072,0.369088,0.382784,0.009316,0.000000,0.289020,0.124325,0.001000
subtle_energy_corruption,3,1,1.0000,1,1,subtle_energy_corruption,0.014737,80.824070,0.000000,0.516519,0.058361,0.000000,0.000515,566.972644,0.000000,0.421069,4.831865,1.135091,0.306027,0.235024,0.241926,0.007547,0.000000,0.318315,0.059052,0.001000
subtle_energy_corruption,3,2,1.0000,1,1,subtle_energy_corruption,0.012551,68.944783,0.000000,1.254895,0.061169,0.000000,0.001072,1899.231064,0.000000,0.358609,9.977628,1.158340,0.412003,0.260362,0.412366,0.006613,0.000000,0.000000,0.142650,0.001000
subtle_energy_corruption,3,3,1.0000,1,1,subtle_energy_corruption,0.015434,65.183199,0.010733,1.538181,0.081488,0.000000,0.000505,2644.176177,0.000000,0.440960,8.721692,1.079534,0.355847,0.304793,0.377186,0.006957,0.000000,0.184933,0.131781,0.001000
subtle_energy_corruption,3,4,1.0000,1,1,subtle_energy_corruption,0.014554,71.138085,0.000000,1.429605,0.048761,0.000000,0.000443,2077.611665,0.000000,0.415840,4.440260,0.804154,0.308717,0.162490,0.210602,0.006656,0.000000,0.142007,0.061552,0.001000
subtle_energy_corruption,3,5,1.0000,1,1,subtle_energy_corruption,0.014899,73.259382,0.018025,0.714128,0.063705,0.000000,0.000962,997.467630,0.000000,0.425691,7.838801,1.050956,0.292535,0.167254,0.270859,0.006562,0.000000,0.084481,0.105560,0.001000
subtle_energy_corruption,3,6,1.0000,1,1,subtle_energy_corruption,0.015364,83.254418,0.000000,0.522092,0.077548,0.000000,0.000315,737.373151,0.000000,0.438969,6.487901,1.284276,0.348494,0.328385,0.376192,0.006750,0.000000,0.442377,0.077004,0.001000
subtle_energy_corruption,3,7,1.0000,1,1,subtle_energy_corruption,0.015456,67.503751,0.007808,1.534819,0.062139,0.000000,0.000505,2744.031676,0.000000,0.441613,3.307912,0.751250,0.337497,0.192038,0.247756,0.006943,0.000000,0.071704,0.048288,0.001000
subtle_energy_corruption,3,8,1.0000,1,1,subtle_energy_corruption,0.015140,63.789637,0.000398,0.632043,0.044972,0.000000,0.000574,792.832774,0.000000,0.432578,6.441956,1.193231,0.335107,0.256996,0.302274,0.006974,0.000000,0.256837,0.099429,0.001000
subtle_energy_corruption,3,9,1.0000,1,1,subtle_energy_corruption,0.016104,74.296395,0.000000,0.630923,0.089526,0.000000,0.000453,1379.206672,0.000000,0.460111,7.326667,0.825282,0.348272,0.222288,0.280564,0.006801,0.000000,0.000002,0.097304,0.001000
subtle_energy_corruption,3,10,1.0000,1,1,subtle_energy_corruption,0.014675,73.864803,0.000000,1.467198,0.077890,0.000000,0.000387,2358.226613,0.000000,0.419296,5.175805,1.074748,0.314745,0.210129,0.318567,0.007303,0.000000,0.072414,0.069135,0.001000
subtle_energy_corruption,3,11,1.0000,1,1,subtle_energy_corruption,0.017992,79.076245,0.003064,0.788293,0.098958,0.000000,0.000415,2033.940501,0.000000,0.514047,3.158547,0.601214,0.375020,0.161690,0.361455,0.006157,0.000000,0.000001,0.039444,0.001000
subtle_energy_corruption,3,12,1.0000,1,1,subtle_energy_corruption,0.019706,62.001548,0.022902,1.967970,0.067131,0.000000,0.000694,2111.455851,0.000000,0.563030,11.372876,1.404131,0.311599,0.229059,0.281233,0.010080,0.000000,0.161595,0.180517,0.001000
subtle_energy_corruption,3,13,1.0000,1,1,subtle_energy_corruption,0.015489,65.451005,0.000926,1.516693,0.062933,0.000000,0.000380,1951.029051,0.000000,0.442546,5.475587,1.032998,0.327213,0.210088,0.278109,0.006308,0.000000,0.235135,0.082400,0.001000
subtle_energy_corruption,4,0,1.0000,1,1,subtle_energy_corruption,0.017522,68.539074,0.000000,1.751359,0.070566,0.000000,0.000521,5147.955151,0.000000,0.500639,2.604812,0.294498,0.387930,0.091027,0.197808,0.006830,0.000000,0.000001,0.037458,0.001000
subtle_energy_corruption,4,1,1.0000,1,1,subtle_energy_corruption,0.014747,71.073184,0.001421,0.585084,0.082455,0.000000,0.000423,1359.746031,0.000000,0.421341,3.825937,0.825511,0.290653,0.169280,0.248515,0.006350,0.000000,0.101380,0.053084,0.001000
subtle_energy_corruption,4,2,1.0000,1,1,subtle_energy_corruption,0.017478,64.279145,0.019030,1.744073,0.047430,0.000000,0.000851,2564.446660,0.000000,0.499375,18.749554,1.796492,0.404915,0.256795,0.462564,0.006539,0.000000,0.000001,0.287221,0.001000
subtle_energy_corruption,4,3,1.0000,1,1,subtle_energy_corruption,0.017491,58.152554,0.012859,0.773389,0.096139,0.000000,0.000548,1031.299257,0.000000,0.499753,8.753931,1.579074,0.342905,0.321463,0.461355,0.007258,0.000000,0.067382,0.147989,0.001000
subtle_energy_corruption,4,4,1.0000,1,1,subtle_energy_corruption,0.014878,71.927058,0.032113,0.674411,0.083302,0.000000,0.000729,757.615278,0.000000,0.425091,11.969184,1.565551,0.372025,0.401930,0.456693,0.005836,0.000000,0.323176,0.164125,0.001000
subtle_energy_corruption,4,5,1.0000,1,1,subtle_energy_corruption,0.016812,67.690284,0.015003,0.434489,0.094998,0.000000,0.000715,439.818295,0.000000,0.480337,4.844666,1.887678,0.293440,0.435116,0.385972,0.010206,0.000000,0.396471,0.070529,0.001000
subtle_energy_corruption,4,6,1.0000,1,1,subtle_energy_corruption,0.015597,70.571987,0.003027,1.555830,0.081337,0.000000,0.000217,1672.666024,0.000000,0.445631,9.062791,1.695022,0.361033,0.457024,0.522654,0.012389,0.000000,0.352134,0.126625,0.001000
subtle_energy_corruption,4,7,1.0000,1,1,subtle_energy_corruption,0.016722,71.095893,0.000926,0.613584,0.085129,0.000000,0.000413,1728.169018,0.000000,0.477782,3.875471,0.485667,0.312017,0.103421,0.239164,0.006240,0.000000,0.000001,0.053754,0.001000
subtle_energy_corruption,4,8,1.0000,1,1,subtle_energy_corruption,0.018953,74.987421,0.009025,0.761298,0.062664,0.000000,0.000645,1473.338604,0.000000,0.541517,5.370469,0.854784,0.391041,0.275762,0.209776,0.006765,0.000000,0.129102,0.070676,0.001000
subtle_energy_corruption,4,9,1.0000,1,1,subtle_energy_corruption,0.016999,60.197960,0.018575,1.698558,0.066245,0.000000,0.001228,2021.237334,0.000000,0.485692,11.524709,1.536469,0.322981,0.284087,0.281187,0.008171,0.000000,0.045784,0.188319,0.001000
subtle_energy_corruption,4,10,1.0000,1,1,subtle_energy_corruption,0.015913,69.550248,0.001273,1.584585,0.076870,0.000000,0.000382,3170.953357,0.000000,0.454662,4.603358,0.643229,0.391378,0.185769,0.295641,0.006369,0.000000,0.000001,0.065249,0.001000
subtle_energy_corruption,4,11,1.0000,1,1,subtle_energy_corruption,0.017491,64.852329,0.009087,1.736518,0.096880,0.000000,0.000652,2553.926612,0.000000,0.499742,13.504324,1.889468,0.376317,0.535097,0.503673,0.007388,0.000000,0.190567,0.205070,0.001000
subtle_energy_corruption,4,12,1.0000,1,1,subtle_energy_corruption,0.016489,70.481770,0.000000,1.648934,0.058425,0.000000,0.000413,4614.578120,0.000000,0.471125,3.110180,0.288990,0.364423,0.085490,0.192940,0.006708,0.000000,0.000001,0.043510,0.001000
subtle_energy_corruption,4,13,1.0000,1,1,subtle_energy_corruption,0.013106,67.965590,0.009604,1.309140,0.077011,0.000000,0.000456,2923.372416,0.000000,0.374466,7.410856,0.883459,0.305569,0.182451,0.324053,0.006619,0.000000,0.000001,0.107457,0.001000
subtle_energy_corruption,5,0,1.0000,1,1,subtle_energy_corruption,0.014434,71.757698,0.000000,0.726831,0.081623,0.000000,0.000682,755.470492,0.000000,0.412395,7.854478,1.542231,0.372387,0.386088,0.478713,0.011768,0.000000,0.247948,0.107954,0.001000
subtle_energy_corruption,5,1,1.0000,1,1,subtle_energy_corruption,0.020338,79.306101,0.000931,0.693705,0.081024,0.000000,0.000485,1157.454402,0.000000,0.581075,7.909426,0.755891,0.385424,0.224392,0.226247,0.006583,0.000000,0.032442,0.098491,0.001000
subtle_energy_corruption,5,2,1.0000,1,1,subtle_energy_corruption,0.014499,71.063785,0.001134,1.449930,0.046954,0.000000,0.000628,2296.325346,0.000000,0.414266,7.263018,0.771137,0.294313,0.148767,0.214285,0.006277,0.000000,0.129015,0.100786,0.001000
subtle_energy_corruption,5,3,1.0000,1,1,subtle_energy_corruption,0.016750,65.893602,0.020999,1.674247,0.067821,0.000000,0.001822,2009.087940,0.000000,0.478560,12.853277,1.306503,0.407734,0.317560,0.321824,0.009024,0.000000,0.000001,0.192145,0.001000
subtle_energy_corruption,5,4,1.0000,1,1,subtle_energy_corruption,0.013929,70.385940,0.001329,1.380788,0.069692,0.000000,0.000432,3970.730455,0.000000,0.397961,4.742937,0.462373,0.330724,0.109976,0.256841,0.006498,0.000000,0.000001,0.066441,0.001000
subtle_energy_corruption,5,5,1.0000,1,1,subtle_energy_corruption,0.019222,79.359730,0.015801,1.871047,0.072003,0.000000,0.000499,2830.451345,0.000000,0.549207,6.525791,0.863261,0.389602,0.217213,0.338727,0.006308,0.000000,0.124954,0.081207,0.001000
subtle_energy_corruption,5,6,1.0000,1,1,subtle_energy_corruption,0.016410,77.799275,0.000000,0.704308,0.120168,0.000000,0.000391,1784.231371,0.000000,0.468869,5.619259,0.491921,0.388817,0.135673,0.315221,0.006495,0.000000,0.000001,0.071311,0.001000
subtle_energy_corruption,5,7,1.0000,1,1,subtle_energy_corruption,0.018908,56.592861,0.011372,1.890520,0.088141,0.000000,0.000734,2756.198264,0.000000,0.540238,8.607426,1.330911,0.295378,0.214143,0.310693,0.006505,0.000000,0.000003,0.149453,0.001000
subtle_energy_corruption,5,8,1.0000,1,1,subtle_energy_corruption,0.017269,69.386918,0.000000,0.686187,0.068420,0.000000,0.000399,1413.796532,0.000000,0.493390,5.664929,0.630488,0.378261,0.167647,0.213764,0.006647,0.000000,0.000002,0.080483,0.001000
subtle_energy_corruption,5,9,1.0000,1,1,subtle_energy_corruption,0.014521,67.733668,0.008958,0.748745,0.060570,0.000000,0.000779,1168.952619,0.000000,0.414876,8.652408,1.206651,0.322269,0.194596,0.296190,0.007274,0.000000,0.000001,0.125883,0.001000
subtle_energy_corruption,5,10,1.0000,1,1,subtle_energy_corruption,0.016996,68.912755,0.000611,1.675331,0.049512,0.000000,0.000387,3457.183742,0.000000,0.485595,3.478458,0.479556,0.291038,0.100943,0.162825,0.006777,0.000000,0.113705,0.049754,0.001000
subtle_energy_corruption,5,11,1.0000,1,1,subtle_energy_corruption,0.014043,73.154899,0.006487,1.395754,0.070375,0.000000,0.000615,2969.411791,0.000000,0.401218,6.929315,0.939268,0.337517,0.252887,0.256066,0.006060,0.000000,0.063539,0.093444,0.001000
subtle_energy_corruption,5,12,1.0000,1,1,subtle_energy_corruption,0.017218,69.868277,0.001347,1.721681,0.069170,0.000000,0.000455,4258.905052,0.000000,0.491937,2.590969,0.470559,0.304085,0.101243,0.221571,0.006571,0.000000,0.000001,0.036560,0.001000
subtle_energy_corruption,5,13,1.0000,1,1,subtle_energy_corruption,0.015636,69.553055,0.029441,0.596091,0.066688,0.000000,0.000452,641.353379,0.000000,0.446735,7.129121,1.615302,0.285711,0.278144,0.381844,0.009117,0.000000,0.293598,0.101046,0.001000
subtle_energy_corruption,6,0,1.0000,1,1,subtle_energy_corruption,0.013132,67.657596,0.001331,1.287952,0.029886,0.000000,0.000626,1463.863762,0.000000,0.375194,12.159353,1.190401,0.316107,0.226571,0.265430,0.008147,0.000000,0.053525,0.177101,0.001000
subtle_energy_corruption,6,1,1.0000,1,1,subtle_energy_corruption,0.017066,67.300073,0.035444,0.651888,0.104644,0.000000,0.000541,808.323711,0.000000,0.487589,8.838679,1.884492,0.294636,0.404584,0.398469,0.007584,0.000000,0.359014,0.129410,0.001000
subtle_energy_corruption,6,2,1.0000,1,1,subtle_energy_corruption,0.015363,71.150904,0.003399,0.538741,0.077052,0.000000,0.000735,525.817386,0.000000,0.438932,6.448183,1.354678,0.331282,0.309124,0.346178,0.008739,0.000000,0.380952,0.089371,0.001000
subtle_energy_corruption,6,3,1.0000,1,1,subtle_energy_corruption,0.017615,68.199512,0.000000,0.559075,0.061332,0.000000,0.000817,815.791629,0.000000,0.503295,5.458614,0.867767,0.308876,0.183566,0.220104,0.006859,0.000000,0.187996,0.078882,0.001000
subtle_energy_corruption,6,4,1.0000,1,1,subtle_energy_corruption,0.012621,74.266188,0.000000,0.677498,0.072661,0.000000,0.000442,970.519977,0.000000,0.360610,5.185302,0.941634,0.318231,0.189811,0.274089,0.005855,0.000000,0.279132,0.068893,0.001000
subtle_energy_corruption,6,5,1.0000,1,1,subtle_energy_corruption,0.017027,75.733122,0.012615,1.701260,0.062695,0.000000,0.000524,2874.654178,0.000000,0.486490,4.837494,0.661210,0.389943,0.181350,0.260465,0.006274,0.000000,0.000001,0.063043,0.001000
subtle_energy_corruption,6,6,1.0000,1,1,subtle_energy_corruption,0.015555,72.327753,0.007234,0.635822,0.062024,0.000000,0.000576,1130.175860,0.000000,0.444428,3.919306,0.571012,0.356518,0.157161,0.208332,0.005296,0.000000,0.106645,0.053449,0.001000
subtle_energy_corruption,6,7,1.0000,1,1,subtle_energy_corruption,0.017358,75.649937,0.010396,0.672545,0.066243,0.000000,0.000486,1277.424282,0.000000,0.495932,3.376139,0.578812,0.307385,0.136276,0.186708,0.006382,0.000000,0.098314,0.044046,0.001000
subtle_energy_corruption,6,8,1.0000,1,1,subtle_energy_corruption,0.017338,73.017939,0.018011,1.713684,0.089461,0.000000,0.000667,2229.279615,0.000000,0.495378,10.560447,1.476885,0.319324,0.310497,0.475072,0.007043,0.000000,0.337001,0.142674,0.001000
subtle_energy_corruption,6,9,1.0000,1,1,subtle_energy_corruption,0.016741,78.197588,0.040704,1.663939,0.102462,0.000000,0.001106,1815.332797,0.000000,0.478325,14.143834,1.903959,0.376838,0.508940,0.578711,0.008518,0.000000,0.264953,0.178589,0.001000
subtle_energy_corruption,6,10,1.0000,1,1,subtle_energy_corruption,0.019613,72.681876,0.009827,0.756585,0.120214,0.000000,0.000568,1478.775820,0.000000,0.560384,4.417211,0.850765,0.372282,0.254972,0.328709,0.006887,0.000000,0.000004,0.059950,0.001000
subtle_energy_corruption,6,11,1.0000,1,1,subtle_energy_corruption,0.014073,90.990319,0.008955,0.810073,0.110911,0.000000,0.000749,1120.451366,0.000000,0.402078,7.769209,1.065369,0.384022,0.266674,0.369059,0.007013,0.000000,0.141170,0.084457,0.001000
subtle_energy_corruption,6,12,1.0000,1,1,subtle_energy_corruption,0.015391,79.277987,0.000000,0.682196,0.080904,0.000000,0.000454,1488.703883,0.000000,0.439731,6.229042,0.626638,0.364783,0.159199,0.253573,0.005861,0.000000,0.000002,0.077593,0.001000
subtle_energy_corruption,6,13,1.0000,1,1,subtle_energy_corruption,0.017695,63.849431,0.000472,0.546332,0.084586,0.000000,0.000170,633.793112,0.000000,0.505585,6.150211,1.458982,0.331620,0.376017,0.419913,0.011344,0.000000,0.382552,0.094838,0.001000
subtle_energy_corruption,7,0,1.0000,1,1,subtle_energy_corruption,0.018020,74.912859,0.000000,1.788485,0.137013,0.000000,0.000379,3336.543756,0.000000,0.514858,8.219071,1.036409,0.394684,0.316212,0.418326,0.005933,0.000000,0.000001,0.108270,0.001000
subtle_energy_corruption,7,1,1.0000,1,1,subtle_energy_corruption,0.016217,73.415473,0.003065,0.670698,0.095861,0.000000,0.000378,1001.659028,0.000000,0.463329,5.360469,1.307358,0.350681,0.372518,0.339413,0.006498,0.000000,0.385857,0.072034,0.001000
subtle_energy_corruption,7,2,1.0000,1,1,subtle_energy_corruption,0.015864,72.421278,0.001553,0.775961,0.082246,0.000000,0.000372,1513.479579,0.000000,0.453263,2.734092,0.607926,0.323638,0.145998,0.250954,0.006192,0.000000,0.237007,0.037238,0.001000
subtle_energy_corruption,7,3,1.0000,1,1,subtle_energy_corruption,0.016518,68.442395,0.000000,1.635303,0.067908,0.000000,0.000522,2517.290573,0.000000,0.471942,5.379553,1.107555,0.385359,0.303562,0.458616,0.006576,0.000000,0.237255,0.077468,0.001000
subtle_energy_corruption,7,4,1.0000,1,1,subtle_energy_corruption,0.016974,71.039397,0.007968,1.690551,0.077401,0.000000,0.000589,3604.891409,0.000000,0.484965,4.786292,0.941239,0.380734,0.255926,0.382349,0.006556,0.000000,0.042677,0.066440,0.001000
subtle_energy_corruption,7,5,1.0000,1,1,subtle_energy_corruption,0.016075,70.629365,0.001742,1.600900,0.063794,0.000000,0.000446,3022.516733,0.000000,0.459284,8.789930,1.021360,0.337354,0.232194,0.340467,0.006232,0.000000,0.094033,0.122714,0.001000
subtle_energy_corruption,7,6,1.0000,1,1,subtle_energy_corruption,0.019066,76.483992,0.006681,0.772906,0.155311,0.000000,0.000545,808.488985,0.000000,0.544755,8.987772,1.776216,0.375979,0.472784,0.562883,0.005965,0.000000,0.349846,0.115995,0.001000
subtle_energy_corruption,7,7,1.0000,1,1,subtle_energy_corruption,0.013128,75.815681,0.005621,0.616845,0.089774,0.000000,0.000475,733.987734,0.000000,0.375072,7.609585,1.314946,0.370078,0.322292,0.373371,0.006141,0.000000,0.198839,0.099063,0.001000
subtle_energy_corruption,7,8,1.0000,1,1,subtle_energy_corruption,0.018469,71.552758,0.000000,1.822405,0.096125,0.000000,0.000408,4318.500673,0.000000,0.527676,2.926456,0.615642,0.357313,0.173453,0.245393,0.006765,0.000000,0.000001,0.040336,0.001000
subtle_energy_corruption,7,9,1.0000,1,1,subtle_energy_corruption,0.015902,76.270584,0.000000,0.556623,0.066840,0.000000,0.000614,691.525341,0.000000,0.454329,6.193497,1.154299,0.307557,0.252182,0.225265,0.006422,0.000000,0.347832,0.080153,0.001000
subtle_energy_corruption,7,10,1.0000,1,1,subtle_energy_corruption,0.015572,70.309609,0.000832,1.548233,0.046542,0.000000,0.000478,3030.311144,0.000000,0.444903,4.028106,0.592041,0.313341,0.149025,0.212805,0.006677,0.000000,0.142995,0.056488,0.001000
subtle_energy_corruption,7,11,1.0000,1,1,subtle_energy_corruption,0.014157,66.563633,0.000000,1.393011,0.066227,0.000000,0.000412,2657.667685,0.000000,0.404484,4.007341,0.876002,0.304911,0.186890,0.235762,0.006642,0.000000,0.131202,0.059312,0.001000
subtle_energy_corruption,7,12,1.0000,1,1,subtle_energy_corruption,0.018217,69.324941,0.001846,1.821306,0.088700,0.000000,0.000613,3013.792265,0.000000,0.520475,6.287470,1.172243,0.318025,0.287292,0.334197,0.006002,0.000000,0.105649,0.089406,0.001000
subtle_energy_corruption,7,13,1.0000,1,1,subtle_energy_corruption,0.020754,63.530965,0.052851,1.027784,0.107067,0.000000,0.000975,1515.250885,0.000000,0.592972,24.270222,2.564802,0.429869,0.493942,0.682683,0.005977,0.000000,0.000001,0.376102,0.001000
timestamp_noncausal_corruption,0,0,1.0000,1,1,timestamp_noncausal_corruption,0.041071,30.340311,0.000000,4.107142,0.009206,0.000000,0.000394,12305.877856,0.000000,1.173470,2.457366,0.296960,0.371939,0.083030,0.095122,0.005002,0.010000,0.000001,0.078409,0.001000
timestamp_noncausal_corruption,0,1,1.0000,1,1,timestamp_noncausal_corruption,0.044670,36.988764,0.017703,4.466997,0.012000,0.000000,0.000546,7262.916683,0.000000,1.276285,8.507455,0.991005,0.367498,0.221105,0.187072,0.004351,0.010000,0.047366,0.223947,0.001000
timestamp_noncausal_corruption,0,2,1.0000,1,1,timestamp_noncausal_corruption,0.045578,35.604828,0.018908,4.554788,0.027783,0.000000,0.001008,6642.863233,0.000000,1.302215,12.778291,1.598430,0.426419,0.330977,0.286066,0.004767,0.010000,0.000001,0.349088,0.001000
timestamp_noncausal_corruption,0,3,1.0000,1,1,timestamp_noncausal_corruption,0.040811,28.506638,0.000000,4.072582,0.018625,0.000000,0.000864,5425.086580,0.000000,1.166017,6.334707,1.221650,0.384469,0.342342,0.209273,0.004777,0.010000,0.087585,0.214688,0.001000
timestamp_noncausal_corruption,0,4,1.0000,1,1,timestamp_noncausal_corruption,0.041410,46.057645,0.000000,4.140636,0.016760,0.000000,0.000370,4202.362615,0.000000,1.183137,6.408388,1.553476,0.389601,0.477237,0.260278,0.008440,0.010000,0.355482,0.136182,0.001000
timestamp_noncausal_corruption,0,5,1.0000,1,1,timestamp_noncausal_corruption,0.041849,33.122875,0.026763,4.184857,0.023513,0.000000,0.000943,4828.611253,0.000000,1.195675,15.657473,2.222703,0.362336,0.385990,0.269782,0.006592,0.010000,0.000001,0.458856,0.001000
timestamp_noncausal_corruption,0,6,1.0000,1,1,timestamp_noncausal_corruption,0.046054,46.019320,0.008752,4.602432,0.012950,0.000000,0.000505,5158.164124,0.000000,1.315816,5.976279,1.511909,0.361487,0.427236,0.231251,0.004875,0.010000,0.358961,0.127103,0.001000
timestamp_noncausal_corruption,0,7,1.0000,1,1,timestamp_noncausal_corruption,0.044238,29.664178,0.009247,4.423306,0.008032,0.000000,0.000382,9198.735405,0.000000,1.263945,5.162837,0.981752,0.335483,0.235052,0.164382,0.004377,0.010000,0.183997,0.168367,0.001000
timestamp_noncausal_corruption,0,8,1.0000,1,1,timestamp_noncausal_corruption,0.046043,53.124673,0.000705,4.596468,0.019819,0.000000,0.000394,10458.714909,0.000000,1.315506,10.329766,1.051023,0.422137,0.349447,0.221166,0.004710,0.010000,0.000001,0.190851,0.001000
timestamp_noncausal_corruption,0,9,1.0000,1,1,timestamp_noncausal_corruption,0.045644,36.936065,0.000420,4.563699,0.012650,0.000000,0.000371,11054.078526,0.000000,1.304110,3.124967,0.389105,0.387619,0.133354,0.130586,0.004995,0.010000,0.000001,0.082375,0.001000
timestamp_noncausal_corruption,0,10,1.0000,1,1,timestamp_noncausal_corruption,0.048436,54.720999,0.000000,4.841456,0.011310,0.000000,0.000483,5117.800515,0.000000,1.383891,11.257142,1.437765,0.358083,0.388306,0.143882,0.004187,0.010000,0.322885,0.202027,0.001000
timestamp_noncausal_corruption,0,11,1.0000,1,1,timestamp_noncausal_corruption,0.045676,39.529547,0.000308,4.566491,0.012002,0.000000,0.000368,4726.654719,0.000000,1.305035,6.283169,1.373893,0.364961,0.373999,0.196849,0.005034,0.010000,0.286703,0.155027,0.001000
timestamp_noncausal_corruption,0,12,1.0000,1,1,timestamp_noncausal_corruption,0.045669,33.222341,0.003338,4.565996,0.014164,0.000000,0.000508,12003.645111,0.000000,1.304834,3.702242,0.622948,0.361534,0.153441,0.152039,0.004763,0.010000,0.000001,0.108182,0.001000
timestamp_noncausal_corruption,0,13,1.0000,1,1,timestamp_noncausal_corruption,0.039838,35.923092,0.005500,3.976681,0.015527,0.000000,0.000639,3968.296963,0.000000,1.138216,7.589738,1.368903,0.369125,0.398968,0.243158,0.004826,0.010000,0.363116,0.205555,0.001000
timestamp_noncausal_corruption,1,0,1.0000,1,1,timestamp_noncausal_corruption,0.043045,55.553009,0.000000,4.304053,0.018507,0.000000,0.000486,6839.578699,0.000000,1.229850,6.324873,0.710711,0.355157,0.181063,0.110962,0.004821,0.010000,0.000001,0.111840,0.001000
timestamp_noncausal_corruption,1,1,1.0000,1,1,timestamp_noncausal_corruption,0.043426,35.358099,0.000377,4.338931,0.009907,0.000000,0.000477,7826.008859,0.000000,1.240753,3.040391,0.637518,0.340253,0.161008,0.126542,0.004814,0.010000,0.196995,0.083623,0.001000
timestamp_noncausal_corruption,1,2,1.0000,1,1,timestamp_noncausal_corruption,0.041607,30.765655,0.009210,4.158001,0.022045,0.000000,0.000599,4760.941773,0.000000,1.188771,5.996330,1.624440,0.333701,0.417393,0.251442,0.004658,0.010000,0.337728,0.188768,0.001000
timestamp_noncausal_corruption,1,3,1.0000,1,1,timestamp_noncausal_corruption,0.040000,28.879337,0.015992,3.998782,0.012268,0.000000,0.000753,4524.748543,0.000000,1.142853,6.266159,0.983207,0.383487,0.289132,0.165782,0.006019,0.010000,0.255698,0.209715,0.001000
timestamp_noncausal_corruption,1,4,1.0000,1,1,timestamp_noncausal_corruption,0.042637,27.856002,0.000000,4.259006,0.015135,0.000000,0.000629,6567.789913,0.000000,1.218187,4.553227,0.784476,0.409443,0.218670,0.204883,0.004446,0.010000,0.000001,0.157791,0.001000
timestamp_noncausal_corruption,1,5,1.0000,1,1,timestamp_noncausal_corruption,0.047737,45.717107,0.001665,4.772675,0.017695,0.000000,0.000683,6063.791328,0.000000,1.363920,13.599983,1.537179,0.433557,0.514334,0.306317,0.004614,0.010000,0.147300,0.291114,0.001000
timestamp_noncausal_corruption,1,6,1.0000,1,1,timestamp_noncausal_corruption,0.045256,61.883332,0.000000,4.525302,0.024911,0.000000,0.000479,6531.613922,0.000000,1.293036,6.011893,0.714073,0.392048,0.196918,0.167324,0.004934,0.010000,0.000001,0.095604,0.001000
timestamp_noncausal_corruption,1,7,1.0000,1,1,timestamp_noncausal_corruption,0.042741,28.474890,0.000000,4.272731,0.015983,0.000000,0.000573,8128.632654,0.000000,1.221160,6.880473,1.086732,0.379533,0.356408,0.198697,0.004664,0.010000,0.242624,0.233435,0.001000
timestamp_noncausal_corruption,1,8,1.0000,1,1,timestamp_noncausal_corruption,0.045357,39.569895,0.012793,4.535595,0.013015,0.000000,0.000695,4761.160947,0.000000,1.295914,7.778075,1.166913,0.335970,0.234462,0.153681,0.006304,0.010000,0.300897,0.191720,0.001000
timestamp_noncausal_corruption,1,9,1.0000,1,1,timestamp_noncausal_corruption,0.040031,34.568677,0.045085,4.002901,0.027492,0.000000,0.000674,4278.590797,0.000000,1.143756,10.091845,1.525405,0.380309,0.307910,0.284884,0.005385,0.010000,0.037287,0.283728,0.001000
timestamp_noncausal_corruption,1,10,1.0000,1,1,timestamp_noncausal_corruption,0.045699,96.276825,0.057354,4.564010,0.033083,0.000000,0.000658,4911.487425,0.000000,1.305696,11.176765,1.722005,0.403869,0.329969,0.366888,0.009681,0.010000,0.003525,0.114896,0.001000
timestamp_noncausal_corruption,1,11,1.0000,1,1,timestamp_noncausal_corruption,0.039988,43.177469,0.003398,3.997955,0.031166,0.000000,0.000299,4114.101951,0.000000,1.142520,6.876081,1.375770,0.425156,0.472435,0.296080,0.010046,0.010000,0.372443,0.155647,0.001000
timestamp_noncausal_corruption,1,12,1.0000,1,1,timestamp_noncausal_corruption,0.043314,35.250491,0.000000,4.331308,0.007696,0.000000,0.000434,10540.631694,0.000000,1.237530,2.387176,0.343691,0.327801,0.086565,0.081582,0.004789,0.010000,0.000001,0.065852,0.001000
timestamp_noncausal_corruption,1,13,1.0000,1,1,timestamp_noncausal_corruption,0.043022,47.235026,0.000000,4.301564,0.008791,0.000000,0.000528,7123.161889,0.000000,1.229188,5.232870,0.592161,0.374853,0.146963,0.120575,0.004388,0.010000,0.162917,0.108487,0.001000
timestamp_noncausal_corruption,2,0,1.0000,1,1,timestamp_noncausal_corruption,0.040311,30.018507,0.000000,4.026058,0.015213,0.000000,0.000899,5904.943543,0.000000,1.151747,7.682522,1.005139,0.392617,0.227186,0.186607,0.004511,0.010000,0.000001,0.247675,0.001000
timestamp_noncausal_corruption,2,1,1.0000,1,1,timestamp_noncausal_corruption,0.042024,43.476345,0.040173,4.200417,0.022243,0.000000,0.000890,5216.051964,0.000000,1.200688,10.668988,1.547495,0.411959,0.368198,0.326817,0.005641,0.010000,0.000003,0.239880,0.001000
timestamp_noncausal_corruption,2,2,1.0000,1,1,timestamp_noncausal_corruption,0.045038,48.051545,0.005078,4.503457,0.027291,0.000000,0.000381,4762.872792,0.000000,1.286802,7.723757,1.874842,0.383027,0.636635,0.319900,0.004931,0.010000,0.380138,0.157462,0.001000
timestamp_noncausal_corruption,2,3,1.0000,1,1,timestamp_noncausal_corruption,0.046634,40.277025,0.000000,4.663250,0.014929,0.000000,0.000438,5845.622911,0.000000,1.332405,6.341199,0.826307,0.362092,0.245502,0.128823,0.005111,0.010000,0.360674,0.153625,0.001000
timestamp_noncausal_corruption,2,4,1.0000,1,1,timestamp_noncausal_corruption,0.043322,49.758224,0.043009,4.319438,0.028324,0.000000,0.001100,5528.633788,0.000000,1.237772,21.312639,1.868174,0.430098,0.454745,0.360541,0.004790,0.010000,0.000003,0.419885,0.001000
timestamp_noncausal_corruption,2,5,1.0000,1,1,timestamp_noncausal_corruption,0.043987,39.761043,0.035514,4.398571,0.038045,0.000000,0.001267,5199.585206,0.000000,1.256764,16.504119,2.143797,0.376783,0.291595,0.274870,0.009757,0.010000,0.000001,0.404899,0.001000
timestamp_noncausal_corruption,2,6,1.0000,1,1,timestamp_noncausal_corruption,0.047588,40.956763,0.000000,4.758561,0.013103,0.000000,0.000477,8669.620852,0.000000,1.359664,7.542629,0.917216,0.343726,0.223646,0.171975,0.004399,0.010000,0.225004,0.179771,0.001000
timestamp_noncausal_corruption,2,7,1.0000,1,1,timestamp_noncausal_corruption,0.045822,50.964485,0.000677,4.581632,0.020355,0.000000,0.000379,4718.891490,0.000000,1.309210,12.534420,1.339765,0.412501,0.429947,0.240830,0.010053,0.010000,0.300613,0.241211,0.001000
timestamp_noncausal_corruption,2,8,1.0000,1,1,timestamp_noncausal_corruption,0.043401,41.728202,0.000000,4.339092,0.008100,0.000000,0.000357,11925.457419,0.000000,1.240042,1.515442,0.222423,0.382349,0.063443,0.109329,0.005065,0.010000,0.000001,0.035467,0.001000
timestamp_noncausal_corruption,2,9,1.0000,1,1,timestamp_noncausal_corruption,0.046078,38.280149,0.000273,4.606802,0.013437,0.000000,0.000510,7178.956244,0.000000,1.316528,4.613354,0.804279,0.428312,0.293430,0.141648,0.004290,0.010000,0.201810,0.117447,0.001000
timestamp_noncausal_corruption,2,10,1.0000,1,1,timestamp_noncausal_corruption,0.041029,34.765792,0.010587,4.102825,0.015826,0.000000,0.000174,4031.899906,0.000000,1.172246,6.937966,1.181703,0.369669,0.363506,0.216801,0.008885,0.010000,0.414679,0.193983,0.001000
timestamp_noncausal_corruption,2,11,1.0000,1,1,timestamp_noncausal_corruption,0.040988,42.648181,0.024169,4.098672,0.019242,0.000000,0.001339,5157.861568,0.000000,1.171086,11.944452,1.417234,0.380583,0.211386,0.230803,0.005906,0.010000,0.000001,0.273653,0.001000
timestamp_noncausal_corruption,2,12,1.0000,1,1,timestamp_noncausal_corruption,0.045502,32.715787,0.012388,4.546121,0.022759,0.000000,0.000593,6220.498803,0.000000,1.300048,12.081509,1.821392,0.388500,0.391915,0.297871,0.004587,0.010000,0.036238,0.358334,0.001000
timestamp_noncausal_corruption,2,13,1.0000,1,1,timestamp_noncausal_corruption,0.044767,43.366112,0.000000,4.468628,0.013621,0.000000,0.000629,6822.345267,0.000000,1.279053,5.616073,1.034534,0.352272,0.275733,0.193339,0.004744,0.010000,0.228813,0.126585,0.001000
timestamp_noncausal_corruption,3,0,1.0000,1,1,timestamp_noncausal_corruption,0.045970,39.945931,0.006104,4.596963,0.017267,0.000000,0.000592,4949.903507,0.000000,1.313438,8.030919,1.708698,0.341603,0.405493,0.265735,0.007440,0.010000,0.294165,0.196135,0.001000
timestamp_noncausal_corruption,3,1,1.0000,1,1,timestamp_noncausal_corruption,0.046968,35.113198,0.000000,4.693241,0.008785,0.000000,0.000515,5151.678089,0.000000,1.341936,4.831865,1.012561,0.344798,0.287945,0.145973,0.005177,0.010000,0.339607,0.133798,0.001000
timestamp_noncausal_corruption,3,2,1.0000,1,1,timestamp_noncausal_corruption,0.045088,43.930981,0.029030,4.507702,0.022141,0.000000,0.001072,6822.217349,0.000000,1.288241,9.977628,1.158340,0.451185,0.295874,0.280976,0.005060,0.010000,0.000001,0.222066,0.001000
timestamp_noncausal_corruption,3,3,1.0000,1,1,timestamp_noncausal_corruption,0.045707,50.154205,0.009127,4.563682,0.022383,0.000000,0.000505,7845.099011,0.000000,1.305923,8.721692,1.041518,0.396937,0.322523,0.245883,0.004882,0.010000,0.076188,0.170498,0.001000
timestamp_noncausal_corruption,3,4,1.0000,1,1,timestamp_noncausal_corruption,0.042232,23.627687,0.000000,4.223194,0.007724,0.000000,0.000443,6137.469396,0.000000,1.206637,4.440260,0.697673,0.347939,0.177155,0.139955,0.004829,0.010000,0.101978,0.180295,0.001000
timestamp_noncausal_corruption,3,5,1.0000,1,1,timestamp_noncausal_corruption,0.039307,22.962141,0.015968,3.930213,0.014810,0.000000,0.000962,5489.572950,0.000000,1.123063,7.838801,0.977931,0.330796,0.191974,0.142190,0.004741,0.010000,0.036162,0.327133,0.001000
timestamp_noncausal_corruption,3,6,1.0000,1,1,timestamp_noncausal_corruption,0.046413,39.584643,0.000000,4.631937,0.017091,0.000000,0.000315,5170.532046,0.000000,1.326098,6.487901,1.135997,0.384993,0.382420,0.206910,0.005168,0.010000,0.420442,0.159861,0.001000
timestamp_noncausal_corruption,3,7,1.0000,1,1,timestamp_noncausal_corruption,0.041828,36.831640,0.000000,4.181012,0.010271,0.000000,0.000505,7475.036803,0.000000,1.195082,3.299938,0.668622,0.374860,0.215507,0.154091,0.004581,0.010000,0.000002,0.087227,0.001000
timestamp_noncausal_corruption,3,8,1.0000,1,1,timestamp_noncausal_corruption,0.040062,49.134627,0.000000,4.005486,0.018743,0.000000,0.000574,5024.466925,0.000000,1.144620,5.988885,0.963456,0.371558,0.307912,0.187622,0.004635,0.010000,0.255685,0.119456,0.001000
timestamp_noncausal_corruption,3,9,1.0000,1,1,timestamp_noncausal_corruption,0.039514,33.355092,0.000000,3.949807,0.011699,0.000000,0.000453,8634.340421,0.000000,1.128983,7.326667,0.692088,0.383466,0.249606,0.175741,0.004335,0.010000,0.000001,0.213263,0.001000
timestamp_noncausal_corruption,3,10,1.0000,1,1,timestamp_noncausal_corruption,0.047985,44.898950,0.000000,4.795362,0.015611,0.000000,0.000387,7707.582514,0.000000,1.370991,5.175805,1.065470,0.360751,0.239819,0.192712,0.004878,0.010000,0.000003,0.112765,0.001000
timestamp_noncausal_corruption,3,11,1.0000,1,1,timestamp_noncausal_corruption,0.045505,34.517673,0.000000,4.549624,0.016247,0.000000,0.000415,11738.871667,0.000000,1.300130,3.158547,0.601214,0.416132,0.180833,0.206088,0.004485,0.010000,0.000001,0.088929,0.001000
timestamp_noncausal_corruption,3,12,1.0000,1,1,timestamp_noncausal_corruption,0.040699,34.347282,0.045385,4.062143,0.023952,0.000000,0.000694,4358.317198,0.000000,1.162820,11.372876,1.361734,0.346869,0.233749,0.207234,0.008672,0.010000,0.143638,0.321747,0.001000
timestamp_noncausal_corruption,3,13,1.0000,1,1,timestamp_noncausal_corruption,0.043753,32.309613,0.008665,4.375134,0.009966,0.000000,0.000380,5628.042245,0.000000,1.250087,5.475587,0.994909,0.365859,0.248873,0.170271,0.005128,0.010000,0.278035,0.164385,0.001000
timestamp_noncausal_corruption,4,0,1.0000,1,1,timestamp_noncausal_corruption,0.041164,27.898821,0.000000,4.115361,0.009642,0.000000,0.000521,12096.714757,0.000000,1.176102,2.604812,0.294498,0.423585,0.100330,0.113567,0.004917,0.010000,0.000001,0.090136,0.001000
timestamp_noncausal_corruption,4,1,1.0000,1,1,timestamp_noncausal_corruption,0.045276,27.954095,0.000000,4.524436,0.010257,0.000000,0.000423,10514.880353,0.000000,1.293601,3.825937,0.825511,0.326847,0.190149,0.130321,0.004715,0.010000,0.168968,0.132138,0.001000
timestamp_noncausal_corruption,4,2,1.0000,1,1,timestamp_noncausal_corruption,0.038051,36.806342,0.030789,3.805044,0.033892,0.000000,0.000851,5594.853292,0.000000,1.087182,18.749554,1.796492,0.439957,0.318960,0.321150,0.005188,0.010000,0.000001,0.495937,0.001000
timestamp_noncausal_corruption,4,3,1.0000,1,1,timestamp_noncausal_corruption,0.044155,50.351321,0.025748,4.415168,0.022863,0.000000,0.000548,5887.540489,0.000000,1.261561,8.753931,1.549443,0.377002,0.348083,0.297459,0.004998,0.010000,0.029987,0.170471,0.001000
timestamp_noncausal_corruption,4,4,1.0000,1,1,timestamp_noncausal_corruption,0.046764,61.449233,0.033412,4.676373,0.025818,0.000000,0.000729,5253.309184,0.000000,1.336111,11.969184,1.552012,0.411012,0.450434,0.315336,0.005305,0.010000,0.350150,0.191663,0.001000
timestamp_noncausal_corruption,4,5,1.0000,1,1,timestamp_noncausal_corruption,0.043843,43.124480,0.014025,4.382510,0.016803,0.000000,0.000715,4436.268997,0.000000,1.252664,4.844666,1.788571,0.333829,0.477183,0.223399,0.008541,0.010000,0.339305,0.109795,0.001000
timestamp_noncausal_corruption,4,6,1.0000,1,1,timestamp_noncausal_corruption,0.046230,46.137340,0.007763,4.622500,0.021653,0.000000,0.000217,4969.628129,0.000000,1.320868,9.062791,1.564214,0.400792,0.519428,0.300585,0.010404,0.010000,0.336437,0.192264,0.001000
timestamp_noncausal_corruption,4,7,1.0000,1,1,timestamp_noncausal_corruption,0.039559,27.034293,0.000000,3.953708,0.009238,0.000000,0.000413,11135.678588,0.000000,1.130243,3.875471,0.446358,0.346563,0.122058,0.121685,0.004964,0.010000,0.000001,0.138240,0.001000
timestamp_noncausal_corruption,4,8,1.0000,1,1,timestamp_noncausal_corruption,0.044910,47.975885,0.006686,4.489637,0.009651,0.000000,0.000645,8688.784727,0.000000,1.283133,5.370469,0.812038,0.425486,0.300038,0.131816,0.004571,0.010000,0.092232,0.109655,0.001000
timestamp_noncausal_corruption,4,9,1.0000,1,1,timestamp_noncausal_corruption,0.041236,42.631157,0.049244,4.116962,0.024403,0.000000,0.001228,4899.071230,0.000000,1.178174,11.524709,1.536469,0.352417,0.291950,0.206477,0.005461,0.010000,0.032909,0.264139,0.001000
timestamp_noncausal_corruption,4,10,1.0000,1,1,timestamp_noncausal_corruption,0.045045,46.687126,0.000000,4.502148,0.015424,0.000000,0.000382,9009.363420,0.000000,1.286994,4.603358,0.625227,0.428451,0.217655,0.176936,0.004408,0.010000,0.000001,0.096533,0.001000
timestamp_noncausal_corruption,4,11,1.0000,1,1,timestamp_noncausal_corruption,0.046407,63.239073,0.000000,4.636482,0.030329,0.000000,0.000652,6818.951275,0.000000,1.325913,13.504324,1.801667,0.414433,0.630472,0.307843,0.004534,0.010000,0.193125,0.210220,0.001000
timestamp_noncausal_corruption,4,12,1.0000,1,1,timestamp_noncausal_corruption,0.046396,40.690150,0.000000,4.634406,0.009789,0.000000,0.000413,12969.486638,0.000000,1.325600,3.110180,0.288990,0.401640,0.091570,0.117940,0.004713,0.010000,0.000001,0.074602,0.001000
timestamp_noncausal_corruption,4,13,1.0000,1,1,timestamp_noncausal_corruption,0.045914,36.244278,0.006834,4.589272,0.016913,0.000000,0.000456,10248.066043,0.000000,1.311841,7.410856,0.835208,0.340296,0.210791,0.191432,0.004741,0.010000,0.000001,0.198980,0.001000
timestamp_noncausal_corruption,5,0,1.0000,1,1,timestamp_noncausal_corruption,0.043680,32.452632,0.000000,4.367781,0.030149,0.000000,0.000682,4539.882486,0.000000,1.248002,7.854478,1.476281,0.409697,0.418340,0.336737,0.009422,0.010000,0.271144,0.234794,0.001000
timestamp_noncausal_corruption,5,1,1.0000,1,1,timestamp_noncausal_corruption,0.042340,51.030335,0.001676,4.233920,0.013930,0.000000,0.000485,7064.340278,0.000000,1.209706,7.909426,0.755891,0.420409,0.233712,0.131565,0.004734,0.010000,0.047137,0.152016,0.001000
timestamp_noncausal_corruption,5,2,1.0000,1,1,timestamp_noncausal_corruption,0.042393,21.186267,0.000000,4.239312,0.008332,0.000000,0.000628,6714.004764,0.000000,1.211235,7.263018,0.739554,0.336048,0.161941,0.115916,0.004813,0.010000,0.133427,0.327365,0.001000
timestamp_noncausal_corruption,5,3,1.0000,1,1,timestamp_noncausal_corruption,0.045471,48.290589,0.000000,4.542497,0.020095,0.000000,0.001822,5450.973094,0.000000,1.299158,12.853277,1.306503,0.436524,0.325011,0.242145,0.006213,0.010000,0.000002,0.260765,0.001000
timestamp_noncausal_corruption,5,4,1.0000,1,1,timestamp_noncausal_corruption,0.044275,42.785239,0.000000,4.427406,0.014180,0.000000,0.000432,12731.882694,0.000000,1.264992,4.742937,0.462373,0.370604,0.126971,0.158494,0.004635,0.010000,0.000001,0.108323,0.001000
timestamp_noncausal_corruption,5,5,1.0000,1,1,timestamp_noncausal_corruption,0.042911,57.959154,0.003960,4.284219,0.015074,0.000000,0.000499,6481.008655,0.000000,1.226038,6.525791,0.863261,0.425607,0.254655,0.211049,0.004276,0.010000,0.109572,0.110683,0.001000
timestamp_noncausal_corruption,5,6,1.0000,1,1,timestamp_noncausal_corruption,0.042627,52.208401,0.000000,4.260186,0.015425,0.000000,0.000391,10792.383450,0.000000,1.217924,5.619259,0.491921,0.420437,0.155540,0.182440,0.004530,0.010000,0.000001,0.105609,0.001000
timestamp_noncausal_corruption,5,7,1.0000,1,1,timestamp_noncausal_corruption,0.043601,27.138963,0.010448,4.345829,0.012779,0.000000,0.000734,6335.806217,0.000000,1.245729,8.607426,1.330911,0.337381,0.222973,0.199880,0.004362,0.010000,0.000002,0.305890,0.001000
timestamp_noncausal_corruption,5,8,1.0000,1,1,timestamp_noncausal_corruption,0.041873,32.828093,0.000000,4.187241,0.010196,0.000000,0.000399,8627.244146,0.000000,1.196371,5.664929,0.514382,0.411108,0.198129,0.125829,0.004704,0.010000,0.000001,0.167462,0.001000
timestamp_noncausal_corruption,5,9,1.0000,1,1,timestamp_noncausal_corruption,0.037944,23.205293,0.005881,3.794251,0.018571,0.000000,0.000779,5923.649229,0.000000,1.084112,5.838338,0.921661,0.349308,0.217701,0.199769,0.004941,0.010000,0.000001,0.241201,0.001000
timestamp_noncausal_corruption,5,10,1.0000,1,1,timestamp_noncausal_corruption,0.041903,16.213664,0.000000,4.190139,0.007535,0.000000,0.000387,8646.697627,0.000000,1.197241,3.478458,0.479556,0.330859,0.115900,0.083230,0.004840,0.010000,0.191238,0.202075,0.001000
timestamp_noncausal_corruption,5,11,1.0000,1,1,timestamp_noncausal_corruption,0.046561,40.334522,0.007360,4.655047,0.013521,0.000000,0.000615,9903.427919,0.000000,1.330322,6.929315,0.925366,0.379850,0.272572,0.161879,0.004842,0.010000,0.000004,0.167640,0.001000
timestamp_noncausal_corruption,5,12,1.0000,1,1,timestamp_noncausal_corruption,0.040196,18.053401,0.000000,4.018352,0.009955,0.000000,0.000455,9940.158557,0.000000,1.148453,2.582978,0.431831,0.341167,0.117117,0.116048,0.004538,0.010000,0.000001,0.135565,0.001000
timestamp_noncausal_corruption,5,13,1.0000,1,1,timestamp_noncausal_corruption,0.041980,34.170471,0.017405,4.196527,0.024731,0.000000,0.000452,4515.179059,0.000000,1.199440,7.129121,1.546863,0.322854,0.327838,0.235703,0.006765,0.010000,0.253361,0.202702,0.001000
timestamp_noncausal_corruption,6,0,1.0000,1,1,timestamp_noncausal_corruption,0.042205,35.689266,0.009885,4.219812,0.008662,0.000000,0.000626,4796.163773,0.000000,1.205854,12.159353,1.190401,0.352847,0.254218,0.174172,0.005634,0.010000,0.043808,0.331414,0.001000
timestamp_noncausal_corruption,6,1,1.0000,1,1,timestamp_noncausal_corruption,0.046939,22.336091,0.012781,4.693838,0.015869,0.000000,0.000541,5820.231221,0.000000,1.341114,8.838679,1.814790,0.340243,0.444529,0.232809,0.004916,0.010000,0.443507,0.378756,0.001000
timestamp_noncausal_corruption,6,2,1.0000,1,1,timestamp_noncausal_corruption,0.043826,37.681662,0.006946,4.381906,0.016211,0.000000,0.000735,4276.790360,0.000000,1.252171,6.448183,1.248089,0.366708,0.355517,0.207836,0.008002,0.010000,0.379943,0.166699,0.001000
timestamp_noncausal_corruption,6,3,1.0000,1,1,timestamp_noncausal_corruption,0.047507,39.671968,0.006990,4.750632,0.009374,0.000000,0.000817,6743.380362,0.000000,1.357336,5.458614,0.812747,0.347236,0.213982,0.121885,0.005132,0.010000,0.172942,0.134211,0.001000
timestamp_noncausal_corruption,6,4,1.0000,1,1,timestamp_noncausal_corruption,0.048458,39.893104,0.000000,4.843043,0.012487,0.000000,0.000442,6937.684686,0.000000,1.384526,5.185302,0.923231,0.363154,0.227015,0.186466,0.004768,0.010000,0.267390,0.126801,0.001000
timestamp_noncausal_corruption,6,5,1.0000,1,1,timestamp_noncausal_corruption,0.044368,33.100008,0.000850,4.436789,0.013398,0.000000,0.000524,7496.934818,0.000000,1.267665,4.837494,0.661210,0.426616,0.206381,0.156899,0.004373,0.010000,0.000001,0.141862,0.001000
timestamp_noncausal_corruption,6,6,1.0000,1,1,timestamp_noncausal_corruption,0.041108,30.022399,0.017169,4.108983,0.012467,0.000000,0.000576,7303.731760,0.000000,1.174517,3.919306,0.552538,0.393177,0.170306,0.123904,0.005864,0.010000,0.101208,0.126338,0.001000
timestamp_noncausal_corruption,6,7,1.0000,1,1,timestamp_noncausal_corruption,0.039752,29.428955,0.000000,3.974940,0.008670,0.000000,0.000486,7549.956348,0.000000,1.135785,3.376139,0.536661,0.346881,0.153604,0.099537,0.004799,0.010000,0.107828,0.110952,0.001000
timestamp_noncausal_corruption,6,8,1.0000,1,1,timestamp_noncausal_corruption,0.045713,28.279437,0.020359,4.567814,0.017186,0.000000,0.000667,5942.130533,0.000000,1.306084,10.560447,1.369901,0.360786,0.375539,0.258944,0.004920,0.010000,0.302248,0.360678,0.001000
timestamp_noncausal_corruption,6,9,1.0000,1,1,timestamp_noncausal_corruption,0.046611,48.322759,0.061700,4.660502,0.036242,0.000000,0.001106,5084.539818,0.000000,1.331738,14.143834,1.903959,0.417806,0.550086,0.404179,0.010200,0.010000,0.307921,0.286761,0.001000
timestamp_noncausal_corruption,6,10,1.0000,1,1,timestamp_noncausal_corruption,0.042081,27.213331,0.000000,4.207245,0.014038,0.000000,0.000568,8223.227689,0.000000,1.202310,4.417211,0.786989,0.402066,0.259588,0.187948,0.004696,0.010000,0.000001,0.156565,0.001000
timestamp_noncausal_corruption,6,11,1.0000,1,1,timestamp_noncausal_corruption,0.049745,60.179914,0.019930,4.973790,0.017587,0.000000,0.000749,6879.488025,0.000000,1.421283,7.769209,1.065369,0.424622,0.297952,0.246185,0.004764,0.010000,0.199833,0.126990,0.001000
timestamp_noncausal_corruption,6,12,1.0000,1,1,timestamp_noncausal_corruption,0.043160,38.115729,0.000000,4.316022,0.011332,0.000000,0.000454,9418.527334,0.000000,1.233156,6.229042,0.626638,0.395676,0.173846,0.125617,0.004649,0.010000,0.000001,0.159246,0.001000
timestamp_noncausal_corruption,6,13,1.0000,1,1,timestamp_noncausal_corruption,0.042242,32.285737,0.000000,4.218925,0.019461,0.000000,0.000170,4239.698767,0.000000,1.206922,6.150211,1.420129,0.369712,0.413023,0.262219,0.010253,0.010000,0.354449,0.184770,0.001000
timestamp_noncausal_corruption,7,0,1.0000,1,1,timestamp_noncausal_corruption,0.048017,70.891317,0.000121,4.799995,0.053607,0.000000,0.000379,8954.727774,0.000000,1.371922,8.219071,0.910079,0.431022,0.316212,0.265282,0.004990,0.010000,0.000001,0.114326,0.001000
timestamp_noncausal_corruption,7,1,1.0000,1,1,timestamp_noncausal_corruption,0.043036,35.239471,0.000000,4.303513,0.018397,0.000000,0.000378,6427.118553,0.000000,1.229588,5.360469,1.231786,0.387170,0.424135,0.225391,0.004745,0.010000,0.345494,0.147918,0.001000
timestamp_noncausal_corruption,7,2,1.0000,1,1,timestamp_noncausal_corruption,0.046942,48.056568,0.000000,4.693624,0.015130,0.000000,0.000372,9154.716527,0.000000,1.341187,2.734092,0.561581,0.366898,0.167214,0.139523,0.004779,0.010000,0.101506,0.055733,0.001000
timestamp_noncausal_corruption,7,3,1.0000,1,1,timestamp_noncausal_corruption,0.044931,51.865457,0.002949,4.492886,0.027207,0.000000,0.000522,6916.087529,0.000000,1.283729,5.379553,1.107555,0.424880,0.352723,0.297409,0.004368,0.010000,0.253582,0.101759,0.001000
timestamp_noncausal_corruption,7,4,1.0000,1,1,timestamp_noncausal_corruption,0.045316,44.403210,0.000599,4.530294,0.027592,0.000000,0.000589,9660.293881,0.000000,1.294755,4.786292,0.885333,0.414725,0.294477,0.237654,0.004863,0.010000,0.055198,0.105417,0.001000
timestamp_noncausal_corruption,7,5,1.0000,1,1,timestamp_noncausal_corruption,0.043782,39.579982,0.000297,4.377892,0.019803,0.000000,0.000446,8265.508655,0.000000,1.250920,8.789930,0.955177,0.373147,0.271204,0.198533,0.004972,0.010000,0.000002,0.216608,0.001000
timestamp_noncausal_corruption,7,6,1.0000,1,1,timestamp_noncausal_corruption,0.048284,57.214588,0.010415,4.821627,0.039245,0.000000,0.000545,5043.602221,0.000000,1.379530,8.987772,1.701892,0.416325,0.523486,0.339292,0.005257,0.010000,0.359444,0.154390,0.001000
timestamp_noncausal_corruption,7,7,1.0000,1,1,timestamp_noncausal_corruption,0.044589,54.420828,0.005588,4.458152,0.020668,0.000000,0.000475,5304.785329,0.000000,1.273962,7.609585,1.307326,0.411374,0.398705,0.238535,0.005162,0.010000,0.194677,0.137306,0.001000
timestamp_noncausal_corruption,7,8,1.0000,1,1,timestamp_noncausal_corruption,0.044440,44.048364,0.000000,4.443659,0.013693,0.000000,0.000408,10530.013320,0.000000,1.269728,2.917160,0.545871,0.394015,0.184363,0.137200,0.004876,0.010000,0.000001,0.064756,0.001000
timestamp_noncausal_corruption,7,9,1.0000,1,1,timestamp_noncausal_corruption,0.041499,29.395876,0.000000,4.149251,0.007342,0.000000,0.000614,5154.856972,0.000000,1.185677,6.193497,1.141321,0.343618,0.295871,0.127707,0.004986,0.010000,0.335626,0.203761,0.001000
timestamp_noncausal_corruption,7,10,1.0000,1,1,timestamp_noncausal_corruption,0.044013,35.483321,0.000000,4.397976,0.009295,0.000000,0.000478,8608.027587,0.000000,1.257505,4.028106,0.579055,0.351905,0.165741,0.123571,0.004691,0.010000,0.136145,0.110410,0.001000
timestamp_noncausal_corruption,7,11,1.0000,1,1,timestamp_noncausal_corruption,0.042082,44.475784,0.011653,4.208034,0.017759,0.000000,0.000412,8028.331332,0.000000,1.202341,4.007341,0.812999,0.342708,0.217175,0.130693,0.004305,0.010000,0.096558,0.088120,0.001000
timestamp_noncausal_corruption,7,12,1.0000,1,1,timestamp_noncausal_corruption,0.042067,41.244437,0.000000,4.205315,0.021842,0.000000,0.000613,6958.711977,0.000000,1.201917,6.287470,1.096392,0.357503,0.302581,0.201873,0.004871,0.010000,0.082267,0.148835,0.001000
timestamp_noncausal_corruption,7,13,1.0000,1,1,timestamp_noncausal_corruption,0.041864,35.424379,0.024562,4.186209,0.053312,0.000000,0.000975,5475.841728,0.000000,1.196108,24.270222,2.564802,0.467825,0.506698,0.529166,0.006575,0.010000,0.000001,0.666318,0.001000
adversarial_compensated_violation,0,0,1.0000,1,1,adversarial_compensated_violation,0.047066,82.152579,0.318624,4.706566,0.233942,0.000000,0.001612,5595.402867,0.000000,1.344742,60.000000,9.081659,0.931039,3.534069,1.129769,0.024333,0.000000,0.000001,0.721565,0.001000
adversarial_compensated_violation,0,1,1.0000,1,1,adversarial_compensated_violation,0.056189,83.501568,0.316036,1.698284,0.137313,0.000000,0.000419,2581.097508,0.000000,1.605386,81.581076,8.606362,0.610241,3.140533,0.549166,0.009142,0.000000,0.000001,0.965439,0.001000
adversarial_compensated_violation,0,2,1.0000,1,1,adversarial_compensated_violation,0.051695,72.672727,0.292680,5.169130,0.163983,0.000000,0.000375,9973.656346,0.000000,1.477009,60.000000,8.530659,0.655748,3.110959,0.922244,0.006029,0.000000,0.000001,0.814413,0.001000
adversarial_compensated_violation,0,3,1.0000,1,1,adversarial_compensated_violation,0.053355,70.398912,0.324454,5.334378,0.093515,0.000000,0.000630,14282.194207,0.000000,1.524414,60.000000,8.100255,0.590588,2.711748,0.378516,0.004385,0.000000,0.000001,0.840349,0.001000
adversarial_compensated_violation,0,4,1.0000,1,1,adversarial_compensated_violation,0.045809,66.106976,0.382593,4.579582,0.106041,0.000000,0.000426,7143.577801,0.000000,1.308823,75.694113,8.574906,0.640086,3.147808,0.677363,0.006780,0.000000,0.000001,1.127962,0.001000
adversarial_compensated_violation,0,5,1.0000,1,1,adversarial_compensated_violation,0.046543,83.969394,0.368544,4.652554,0.225683,0.000000,0.002705,4753.545049,0.000000,1.329795,71.178825,9.916260,0.880502,3.968131,1.139106,0.036637,0.000000,0.000001,0.837700,0.001000
adversarial_compensated_violation,0,6,1.0000,1,1,adversarial_compensated_violation,0.048196,76.766295,0.328839,4.819190,0.068270,0.000000,0.000673,9841.948566,0.000000,1.377017,60.000000,8.110742,0.555132,2.661030,0.322518,0.004595,0.000000,0.000001,0.771542,0.001000
adversarial_compensated_violation,0,7,1.0000,1,1,adversarial_compensated_violation,0.047306,81.430238,0.326986,4.730199,0.172294,0.000000,0.001810,5020.163583,0.000000,1.351609,60.759478,8.798359,0.821119,3.304566,0.995536,0.019503,0.000000,0.000001,0.737102,0.001000
adversarial_compensated_violation,0,8,1.0000,1,1,adversarial_compensated_violation,0.055295,70.432120,0.328827,5.523452,0.104470,0.000000,0.000328,12979.950402,0.000000,1.579858,60.000000,7.965440,0.543131,2.545393,0.377845,0.004387,0.000000,0.000001,0.839958,0.001000
adversarial_compensated_violation,0,9,1.0000,1,1,adversarial_compensated_violation,0.045809,76.138184,0.379466,4.579564,0.243151,0.000000,0.001140,5766.130307,0.000000,1.308818,87.473562,8.830550,0.829230,3.317632,1.193664,0.020974,0.000000,0.000001,1.133985,0.001000
adversarial_compensated_violation,0,10,1.0000,1,1,adversarial_compensated_violation,0.049831,105.936324,0.323968,4.982651,0.190443,0.000000,0.001816,6130.210544,0.000000,1.423745,60.000000,8.473504,0.780593,3.078825,0.846750,0.019575,0.000000,0.000001,0.561082,0.001000
adversarial_compensated_violation,0,11,1.0000,1,1,adversarial_compensated_violation,0.046520,74.456274,0.332065,4.650937,0.202119,0.000000,0.000897,5565.496335,0.000000,1.329145,65.401834,9.768403,0.774064,4.170967,1.001063,0.014560,0.000000,0.000001,0.866751,0.001000
adversarial_compensated_violation,0,12,1.0000,1,1,adversarial_compensated_violation,0.046714,126.450267,0.360180,4.670630,0.286828,0.000000,0.001693,4763.854928,0.000000,1.334675,70.366559,9.703039,0.996623,4.201737,1.055945,0.031984,0.000000,0.000001,0.552110,0.001000
adversarial_compensated_violation,0,13,1.0000,1,1,adversarial_compensated_violation,0.045970,67.391759,0.354261,4.596958,0.176638,0.000000,0.001156,6215.388935,0.000000,1.313417,75.190965,8.808246,0.847875,3.315669,0.794357,0.018268,0.000000,0.000001,1.099416,0.001000
adversarial_compensated_violation,1,0,1.0000,1,1,adversarial_compensated_violation,0.048538,87.604417,0.316526,2.448471,0.112843,0.000000,0.000454,3914.584826,0.000000,1.386796,62.482863,8.617326,0.611357,3.284479,0.631884,0.008273,0.000000,0.000001,0.705189,0.001000
adversarial_compensated_violation,1,1,1.0000,1,1,adversarial_compensated_violation,0.046649,82.898159,0.331718,4.653850,0.093849,0.000000,0.000670,5739.831165,0.000000,1.332815,60.000000,8.501832,0.598297,3.111451,0.429122,0.007927,0.000000,0.000001,0.715153,0.001000
adversarial_compensated_violation,1,2,1.0000,1,1,adversarial_compensated_violation,0.045670,84.586104,0.324403,4.562560,0.157305,0.000000,0.000670,7789.048419,0.000000,1.304850,60.000000,8.600636,0.667476,3.286038,0.842277,0.006757,0.000000,0.000001,0.701048,0.001000
adversarial_compensated_violation,1,3,1.0000,1,1,adversarial_compensated_violation,0.049093,67.553255,0.304765,4.908583,0.094664,0.000000,0.000303,10693.000220,0.000000,1.402644,60.000000,8.250607,0.593144,2.838721,0.499275,0.004549,0.000000,0.000001,0.875232,0.001000
adversarial_compensated_violation,1,4,1.0000,1,1,adversarial_compensated_violation,0.055687,63.415534,0.298924,5.566311,0.147970,0.000000,0.000295,15477.854174,0.000000,1.591064,60.000000,8.026044,0.610945,2.597637,0.515069,0.004234,0.000000,0.000001,0.931452,0.001000
adversarial_compensated_violation,1,5,1.0000,1,1,adversarial_compensated_violation,0.052078,85.253617,0.326380,5.207742,0.079351,0.000000,0.000403,8362.736023,0.000000,1.487932,60.000000,8.615404,0.615874,3.209611,0.478584,0.008947,0.000000,0.000001,0.695623,0.001000
adversarial_compensated_violation,1,6,1.0000,1,1,adversarial_compensated_violation,0.045622,67.389932,0.319484,4.562115,0.100750,0.000000,0.000441,11173.359143,0.000000,1.303472,60.000000,8.132720,0.654565,2.725356,0.425981,0.004458,0.000000,0.000000,0.877322,0.001000
adversarial_compensated_violation,1,7,1.0000,1,1,adversarial_compensated_violation,0.049746,65.146551,0.325737,4.969194,0.067096,0.000000,0.000367,12103.030342,0.000000,1.421313,60.000000,8.050470,0.579976,2.672123,0.261641,0.004145,0.000000,0.000001,0.907077,0.001000
adversarial_compensated_violation,1,8,1.0000,1,1,adversarial_compensated_violation,0.047816,71.325644,0.328670,4.779703,0.110586,0.000000,0.000807,6932.005031,0.000000,1.366161,60.000000,8.877279,0.616380,3.330059,0.538219,0.008167,0.000000,0.000001,0.829581,0.001000
adversarial_compensated_violation,1,9,1.0000,1,1,adversarial_compensated_violation,0.052380,69.249241,0.331738,5.235978,0.164568,0.000000,0.001009,7169.802884,0.000000,1.496564,60.000000,8.617586,0.776278,3.163725,0.970547,0.009651,0.000000,0.000001,0.854102,0.001000
adversarial_compensated_violation,1,10,1.0000,1,1,adversarial_compensated_violation,0.054756,66.327901,0.317096,5.469599,0.137742,0.000000,0.000443,11960.094568,0.000000,1.564462,60.000000,8.376567,0.562211,2.878117,0.692473,0.004898,0.000000,0.000001,0.891161,0.001000
adversarial_compensated_violation,1,11,1.0000,1,1,adversarial_compensated_violation,0.045498,63.198680,0.328672,4.549022,0.141714,0.000000,0.000955,7036.253993,0.000000,1.299934,83.001003,8.577735,0.644715,3.044311,0.795403,0.007664,0.000000,0.000001,1.292877,0.001000
adversarial_compensated_violation,1,12,1.0000,1,1,adversarial_compensated_violation,0.046435,77.956446,0.325738,4.643403,0.093807,0.000000,0.001868,5271.405806,0.000000,1.326712,78.320563,9.364969,0.654845,3.506648,0.676337,0.012369,0.000000,0.000000,0.991946,0.001000
adversarial_compensated_violation,1,13,1.0000,1,1,adversarial_compensated_violation,0.047471,90.487511,0.327799,2.670445,0.167592,0.000000,0.002628,3005.695685,0.000000,1.356300,60.000000,8.634764,0.841802,3.141655,0.749981,0.030844,0.000000,0.000001,0.655827,0.001000
adversarial_compensated_violation,2,0,1.0000,1,1,adversarial_compensated_violation,0.043990,81.623387,0.328774,4.398993,0.183921,0.000000,0.002390,4473.971180,0.000000,1.256863,60.000000,9.358616,0.757494,3.883161,0.861409,0.026661,0.000000,0.000001,0.726187,0.001000
adversarial_compensated_violation,2,1,1.0000,1,1,adversarial_compensated_violation,0.046617,73.815461,0.315722,4.661506,0.091656,0.000000,0.002215,4698.281086,0.000000,1.331902,60.000000,9.407713,0.671503,3.546779,0.798471,0.029233,0.000000,0.000001,0.801973,0.001000
adversarial_compensated_violation,2,2,1.0000,1,1,adversarial_compensated_violation,0.051283,80.322690,0.325341,5.126456,0.102767,0.000000,0.000734,6186.667173,0.000000,1.465215,60.000000,9.472402,0.553197,3.649998,0.594515,0.011433,0.000000,0.000001,0.737801,0.001000
adversarial_compensated_violation,2,3,1.0000,1,1,adversarial_compensated_violation,0.045498,84.181222,0.328846,4.549026,0.090890,0.000000,0.000301,8284.389957,0.000000,1.299934,60.000000,8.365015,0.648266,3.003036,0.578353,0.007209,0.000000,0.000001,0.704381,0.001000
adversarial_compensated_violation,2,4,1.0000,1,1,adversarial_compensated_violation,0.046257,63.351153,0.317848,4.623837,0.093454,0.000000,0.000494,8180.282849,0.000000,1.321624,75.705350,8.573457,0.587552,3.087493,0.675405,0.005731,0.000000,0.000001,1.176441,0.001000
adversarial_compensated_violation,2,5,1.0000,1,1,adversarial_compensated_violation,0.049754,66.804710,0.304512,4.974362,0.078245,0.000000,0.000468,14886.384470,0.000000,1.421547,60.000000,7.944678,0.710267,2.532805,0.337397,0.004737,0.000000,0.000001,0.884894,0.001000
adversarial_compensated_violation,2,6,1.0000,1,1,adversarial_compensated_violation,0.064388,85.870348,0.377417,1.870256,0.313245,0.000000,0.002862,1935.322258,0.000000,1.839666,82.462765,9.092114,0.682342,3.834534,0.973623,0.019641,0.000000,0.000001,0.949263,0.001000
adversarial_compensated_violation,2,7,1.0000,1,1,adversarial_compensated_violation,0.052932,98.804758,0.326002,5.290113,0.124687,0.000000,0.001548,6596.667217,0.000000,1.512334,60.000000,9.159385,0.724204,3.375249,0.649298,0.021349,0.000000,0.000001,0.601174,0.001000
adversarial_compensated_violation,2,8,1.0000,1,1,adversarial_compensated_violation,0.053873,65.247587,0.310390,5.384646,0.110486,0.000000,0.000602,14759.088637,0.000000,1.539231,60.000000,8.106601,0.609681,2.721389,0.414902,0.004502,0.000000,0.000001,0.905693,0.001000
adversarial_compensated_violation,2,9,1.0000,1,1,adversarial_compensated_violation,0.052956,64.997315,0.321950,5.295629,0.099872,0.000000,0.000432,13697.638260,0.000000,1.513037,60.000000,8.000770,0.644408,2.583585,0.447490,0.004793,0.000000,0.000001,0.909128,0.001000
adversarial_compensated_violation,2,10,1.0000,1,1,adversarial_compensated_violation,0.047216,89.422855,0.331642,4.721482,0.074086,0.000000,0.000280,4678.855947,0.000000,1.349031,60.000000,8.511424,0.631131,3.007531,0.552634,0.023400,0.000000,0.000001,0.663549,0.001000
adversarial_compensated_violation,2,11,1.0000,1,1,adversarial_compensated_violation,0.046122,123.698450,0.322329,2.787805,0.267642,0.000000,0.004028,2767.414134,0.000000,1.317771,77.223941,8.759764,0.965500,3.331356,1.281766,0.026535,0.000000,0.000001,0.619285,0.001000
adversarial_compensated_violation,2,12,1.0000,1,1,adversarial_compensated_violation,0.057977,65.585650,0.326562,5.797428,0.097319,0.000000,0.000342,13858.141051,0.000000,1.656491,60.000000,8.053737,0.595592,2.681504,0.311061,0.004400,0.000000,0.000001,0.901095,0.001000
adversarial_compensated_violation,2,13,1.0000,1,1,adversarial_compensated_violation,0.045221,61.890696,0.324832,4.520484,0.077201,0.000000,0.000442,13009.220964,0.000000,1.292024,60.000000,8.118257,0.639059,2.733088,0.342712,0.004545,0.000000,0.000000,0.954036,0.001000
adversarial_compensated_violation,3,0,1.0000,1,1,adversarial_compensated_violation,0.055338,104.140556,0.319884,2.133583,0.244647,0.000000,0.002097,2077.398527,0.000000,1.581096,69.747995,9.326670,0.763211,3.745090,0.995804,0.023634,0.000000,0.000001,0.663379,0.001000
adversarial_compensated_violation,3,1,1.0000,1,1,adversarial_compensated_violation,0.046030,87.086917,0.332287,4.602861,0.178552,0.000000,0.000678,6074.586001,0.000000,1.315146,60.000000,8.702387,0.865539,3.298745,1.032945,0.020060,0.000000,0.000001,0.681145,0.001000
adversarial_compensated_violation,3,2,1.0000,1,1,adversarial_compensated_violation,0.050630,89.729819,0.317413,1.632888,0.200636,0.000000,0.000783,1821.846881,0.000000,1.446581,72.609387,9.744824,0.527323,3.709032,0.891719,0.009455,0.000000,0.000001,0.800281,0.001000
adversarial_compensated_violation,3,3,1.0000,1,1,adversarial_compensated_violation,0.047764,68.759791,0.319885,4.776376,0.093544,0.000000,0.000683,9640.156891,0.000000,1.364681,60.000000,8.436419,0.612904,3.057735,0.690680,0.005886,0.000000,0.000001,0.860094,0.001000
adversarial_compensated_violation,3,4,1.0000,1,1,adversarial_compensated_violation,0.046257,74.761869,0.367817,2.666888,0.215630,0.000000,0.002686,3317.789546,0.000000,1.321627,73.127665,9.748939,0.879953,4.142865,1.146597,0.031949,0.000000,0.000001,0.965230,0.001000
adversarial_compensated_violation,3,5,1.0000,1,1,adversarial_compensated_violation,0.046943,101.146734,0.319753,4.689592,0.209366,0.000000,0.002765,4939.864950,0.000000,1.341226,60.000000,9.105915,0.807234,3.573871,0.911548,0.030778,0.000000,0.000001,0.587390,0.001000
adversarial_compensated_violation,3,6,1.0000,1,1,adversarial_compensated_violation,0.049757,61.179697,0.328014,4.972756,0.077087,0.000000,0.000480,10962.947515,0.000000,1.421619,60.000000,8.305600,0.555852,2.880436,0.558825,0.005459,0.000000,0.000001,0.964945,0.001000
adversarial_compensated_violation,3,7,1.0000,1,1,adversarial_compensated_violation,0.043937,82.303778,0.328575,4.393628,0.083272,0.000000,0.000419,8783.395659,0.000000,1.255349,60.000000,8.089150,0.584906,2.672115,0.403839,0.004724,0.000000,0.000000,0.720255,0.001000
adversarial_compensated_violation,3,8,1.0000,1,1,adversarial_compensated_violation,0.048650,70.967017,0.315605,4.864734,0.074667,0.000000,0.000379,12047.709998,0.000000,1.389997,60.000000,7.929931,0.585361,2.515579,0.275464,0.004656,0.000000,0.000000,0.833715,0.001000
adversarial_compensated_violation,3,9,1.0000,1,1,adversarial_compensated_violation,0.051075,67.460892,0.299164,5.107524,0.099853,0.000000,0.000676,13999.960708,0.000000,1.459295,60.000000,8.024806,0.655240,2.603783,0.472468,0.004599,0.000000,0.000001,0.876413,0.001000
adversarial_compensated_violation,3,10,1.0000,1,1,adversarial_compensated_violation,0.059307,72.234794,0.314932,5.928099,0.153663,0.000000,0.000491,14925.914281,0.000000,1.694472,60.000000,7.964994,0.679619,2.556548,0.460098,0.004335,0.000000,0.000001,0.819283,0.001000
adversarial_compensated_violation,3,11,1.0000,1,1,adversarial_compensated_violation,0.049939,62.693517,0.296515,4.992017,0.087176,0.000000,0.000814,8358.484930,0.000000,1.426836,60.000000,8.921621,0.642164,3.463286,0.539106,0.006202,0.000000,0.000001,0.942011,0.001000
adversarial_compensated_violation,3,12,1.0000,1,1,adversarial_compensated_violation,0.048495,62.390110,0.321163,4.844639,0.073457,0.000000,0.000472,11769.423472,0.000000,1.385573,60.000000,8.336863,0.520758,2.890947,0.329237,0.004389,0.000000,0.000001,0.946520,0.001000
adversarial_compensated_violation,3,13,1.0000,1,1,adversarial_compensated_violation,0.051628,86.700185,0.271811,5.162493,0.077661,0.000000,0.000408,10151.084892,0.000000,1.475083,60.000000,8.032679,0.593280,2.623826,0.367279,0.005174,0.000000,0.000001,0.684149,0.001000
adversarial_compensated_violation,4,0,1.0000,1,1,adversarial_compensated_violation,0.058002,64.486016,0.320800,5.799504,0.174066,0.000000,0.000481,16973.825905,0.000000,1.657207,60.000000,8.004524,0.607222,2.574174,0.472628,0.004181,0.000000,0.000001,0.916226,0.001000
adversarial_compensated_violation,4,1,1.0000,1,1,adversarial_compensated_violation,0.051817,68.714934,0.319267,5.177632,0.136243,0.000000,0.000402,11929.613360,0.000000,1.480475,60.000000,8.635383,0.563235,3.169062,0.799359,0.004633,0.000000,0.000001,0.860648,0.001000
adversarial_compensated_violation,4,2,1.0000,1,1,adversarial_compensated_violation,0.055633,71.667744,0.319204,5.562975,0.096799,0.000000,0.000467,16834.874517,0.000000,1.589528,60.000000,7.930718,0.791963,2.523753,0.362976,0.004573,0.000000,0.000000,0.825676,0.001000
adversarial_compensated_violation,4,3,1.0000,1,1,adversarial_compensated_violation,0.054282,64.519248,0.317489,5.426736,0.123626,0.000000,0.000503,14537.666653,0.000000,1.550905,60.000000,8.032710,0.688669,2.615849,0.512738,0.004545,0.000000,0.000001,0.915761,0.001000
adversarial_compensated_violation,4,4,1.0000,1,1,adversarial_compensated_violation,0.048231,69.966723,0.319505,4.823084,0.102116,0.000000,0.000545,8679.494451,0.000000,1.378024,69.993970,8.645060,0.525729,3.092269,0.613796,0.004483,0.000000,0.000001,0.986293,0.001000
adversarial_compensated_violation,4,5,1.0000,1,1,adversarial_compensated_violation,0.044358,85.484675,0.332097,4.430084,0.140956,0.000000,0.000468,4623.925389,0.000000,1.267365,60.000000,8.879992,0.709513,3.286696,0.631239,0.022524,0.000000,0.000001,0.693765,0.001000
adversarial_compensated_violation,4,6,1.0000,1,1,adversarial_compensated_violation,0.072448,95.835938,0.318083,2.186155,0.528284,0.000000,0.000399,3048.141610,0.000000,2.069934,61.301378,9.023628,0.972007,3.446770,1.568650,0.018551,0.000000,0.000001,0.633044,0.001000
adversarial_compensated_violation,4,7,1.0000,1,1,adversarial_compensated_violation,0.062707,65.271364,0.325797,6.270225,0.131888,0.000000,0.000861,9633.554953,0.000000,1.791632,60.000000,8.471931,0.702613,2.978072,0.912498,0.006341,0.000000,0.000001,0.905368,0.001000
adversarial_compensated_violation,4,8,1.0000,1,1,adversarial_compensated_violation,0.051441,64.184934,0.327542,5.143784,0.085460,0.000000,0.000482,15473.268134,0.000000,1.469733,60.000000,8.115627,0.629995,2.720632,0.372540,0.004206,0.000000,0.000001,0.920458,0.001000
adversarial_compensated_violation,4,9,1.0000,1,1,adversarial_compensated_violation,0.046256,84.158995,0.317866,4.623768,0.084338,0.000000,0.001040,7368.961320,0.000000,1.321604,65.050934,8.771812,0.632043,3.342672,0.618160,0.009196,0.000000,0.000001,0.763876,0.001000
adversarial_compensated_violation,4,10,1.0000,1,1,adversarial_compensated_violation,0.046054,111.896186,0.317385,4.603910,0.318697,0.000000,0.001271,5910.158769,0.000000,1.315842,84.885248,9.059570,0.881805,3.486091,1.688195,0.020445,0.000000,0.000001,0.751888,0.001000
adversarial_compensated_violation,4,11,1.0000,1,1,adversarial_compensated_violation,0.051734,77.038615,0.320616,5.172222,0.077226,0.000000,0.000595,11152.784736,0.000000,1.478125,60.000000,8.049765,0.590268,2.589902,0.351621,0.004983,0.000000,0.000001,0.768850,0.001000
adversarial_compensated_violation,4,12,1.0000,1,1,adversarial_compensated_violation,0.048150,76.351279,0.322763,4.809920,0.131076,0.000000,0.000932,5462.950635,0.000000,1.375709,60.000000,9.100566,0.786910,3.624963,0.655294,0.029081,0.000000,0.000001,0.775682,0.001000
adversarial_compensated_violation,4,13,1.0000,1,1,adversarial_compensated_violation,0.051936,68.598145,0.315947,5.191665,0.095121,0.000000,0.000416,14313.930165,0.000000,1.483880,60.000000,7.979581,0.628618,2.560959,0.419305,0.004437,0.000000,0.000001,0.862092,0.001000
adversarial_compensated_violation,5,0,1.0000,1,1,adversarial_compensated_violation,0.046208,80.845270,0.328671,4.617281,0.084659,0.000000,0.001692,6662.237995,0.000000,1.320225,64.693518,8.345613,0.557620,2.844221,0.386436,0.007967,0.000000,0.000001,0.790437,0.001000
adversarial_compensated_violation,5,1,1.0000,1,1,adversarial_compensated_violation,0.044975,67.893495,0.309826,2.359033,0.193680,0.000000,0.000647,2878.066889,0.000000,1.284999,63.467590,9.275557,0.782627,3.806786,0.957994,0.022112,0.000000,0.000001,0.921242,0.001000
adversarial_compensated_violation,5,2,1.0000,1,1,adversarial_compensated_violation,0.045965,82.841536,0.338452,4.592196,0.137957,0.000000,0.000423,5540.853313,0.000000,1.313290,68.978930,8.891013,0.813236,3.325483,0.742350,0.025745,0.000000,0.000001,0.822730,0.001000
adversarial_compensated_violation,5,3,1.0000,1,1,adversarial_compensated_violation,0.048231,82.290628,0.296939,4.823050,0.213557,0.000000,0.001196,5568.874852,0.000000,1.378014,79.210734,8.824236,0.808737,3.403529,1.201071,0.014852,0.000000,0.000001,0.951016,0.001000
adversarial_compensated_violation,5,4,1.0000,1,1,adversarial_compensated_violation,0.049020,62.648131,0.323299,4.901933,0.095151,0.000000,0.000407,12610.883049,0.000000,1.400559,60.000000,8.035691,0.599761,2.606042,0.430310,0.005494,0.000000,0.000001,0.942683,0.001000
adversarial_compensated_violation,5,5,1.0000,1,1,adversarial_compensated_violation,0.049856,67.744961,0.301013,4.979886,0.233490,0.000000,0.002170,4896.913780,0.000000,1.424464,69.465423,10.991264,0.576912,4.753517,1.315241,0.022464,0.000000,0.000001,1.010480,0.001000
adversarial_compensated_violation,5,6,1.0000,1,1,adversarial_compensated_violation,0.046009,60.799798,0.349448,4.600727,0.060172,0.000000,0.000564,5167.718957,0.000000,1.314529,74.251790,9.247410,0.541630,3.606882,0.646843,0.007819,0.000000,0.000001,1.201489,0.001000
adversarial_compensated_violation,5,7,1.0000,1,1,adversarial_compensated_violation,0.049997,90.995237,0.319884,2.102700,0.075300,0.000000,0.002346,3121.889747,0.000000,1.428488,69.556613,8.654462,0.600897,3.181676,0.463327,0.010115,0.000000,0.000001,0.756089,0.001000
adversarial_compensated_violation,5,8,1.0000,1,1,adversarial_compensated_violation,0.050144,67.773925,0.288489,5.013833,0.090270,0.000000,0.000283,10894.712609,0.000000,1.432689,60.000000,8.145880,0.564469,2.662666,0.409105,0.004856,0.000000,0.000001,0.872424,0.001000
adversarial_compensated_violation,5,9,1.0000,1,1,adversarial_compensated_violation,0.060062,114.762528,0.325738,1.497155,0.238368,0.000000,0.001022,1631.493772,0.000000,1.716062,63.855106,8.391528,0.624581,3.023519,0.703638,0.025753,0.000000,0.000001,0.551604,0.001000
adversarial_compensated_violation,5,10,1.0000,1,1,adversarial_compensated_violation,0.048039,137.484871,0.318605,4.775498,0.341274,0.000000,0.002626,4727.928188,0.000000,1.372546,60.000000,9.664721,0.877865,3.767811,1.177958,0.035737,0.000000,0.000001,0.433260,0.001000
adversarial_compensated_violation,5,11,1.0000,1,1,adversarial_compensated_violation,0.046119,65.908818,0.328670,4.611875,0.110217,0.000000,0.000762,6847.755903,0.000000,1.317680,60.000000,8.422595,0.677253,2.951963,0.656258,0.009947,0.000000,0.000001,0.896743,0.001000
adversarial_compensated_violation,5,12,1.0000,1,1,adversarial_compensated_violation,0.048898,89.543407,0.319329,2.067883,0.103907,0.000000,0.000270,3232.664628,0.000000,1.397082,62.348451,8.791362,0.649635,3.481671,0.689912,0.008190,0.000000,0.000001,0.688603,0.001000
adversarial_compensated_violation,5,13,1.0000,1,1,adversarial_compensated_violation,0.062700,71.359467,0.319884,6.251400,0.163054,0.000000,0.000428,8842.067715,0.000000,1.791429,60.000000,8.477628,0.799882,3.060393,1.025348,0.016821,0.000000,0.000001,0.829194,0.001000
adversarial_compensated_violation,6,0,1.0000,1,1,adversarial_compensated_violation,0.046245,73.554799,0.321134,4.624512,0.083018,0.000000,0.000454,12144.357678,0.000000,1.321292,60.000000,7.932217,0.666275,2.524224,0.279933,0.004508,0.000000,0.000000,0.804777,0.001000
adversarial_compensated_violation,6,1,1.0000,1,1,adversarial_compensated_violation,0.046324,78.509253,0.325738,4.631537,0.166246,0.000000,0.000449,5977.043686,0.000000,1.323557,60.000000,8.823079,0.769572,3.394171,0.867293,0.017293,0.000000,0.000001,0.754629,0.001000
adversarial_compensated_violation,6,2,1.0000,1,1,adversarial_compensated_violation,0.044867,62.390275,0.320948,4.484757,0.072326,0.000000,0.000656,13081.879175,0.000000,1.281918,60.000000,8.111074,0.606561,2.714085,0.309945,0.003982,0.000000,0.000000,0.946517,0.001000
adversarial_compensated_violation,6,3,1.0000,1,1,adversarial_compensated_violation,0.045686,95.493760,0.323635,4.566546,0.256086,0.000000,0.003688,5742.726576,0.000000,1.305322,62.559693,9.220663,0.833360,3.684663,0.964268,0.022649,0.000000,0.000001,0.648329,0.001000
adversarial_compensated_violation,6,4,1.0000,1,1,adversarial_compensated_violation,0.046656,69.808507,0.319513,4.663786,0.221231,0.000000,0.000792,5411.289321,0.000000,1.333024,60.000000,9.366936,0.829088,3.731115,1.205174,0.026851,0.000000,0.000001,0.847356,0.001000
adversarial_compensated_violation,6,5,1.0000,1,1,adversarial_compensated_violation,0.053638,73.458414,0.315783,5.362594,0.141512,0.000000,0.000532,11091.415828,0.000000,1.532520,60.000000,9.109169,0.626559,3.585090,0.742638,0.004892,0.000000,0.000001,0.805819,0.001000
adversarial_compensated_violation,6,6,1.0000,1,1,adversarial_compensated_violation,0.045656,82.235492,0.331799,4.564411,0.102952,0.000000,0.000917,5687.968534,0.000000,1.304465,60.000000,8.600080,0.700085,3.243058,0.584490,0.011220,0.000000,0.000001,0.720846,0.001000
adversarial_compensated_violation,6,7,1.0000,1,1,adversarial_compensated_violation,0.049053,78.192157,0.323014,4.904741,0.085339,0.000000,0.000395,9855.444538,0.000000,1.401527,60.000000,8.141394,0.642758,2.733873,0.565207,0.005377,0.000000,0.000001,0.757651,0.001000
adversarial_compensated_violation,6,8,1.0000,1,1,adversarial_compensated_violation,0.044672,71.972379,0.296939,4.466229,0.142005,0.000000,0.000411,5998.040670,0.000000,1.276329,69.478024,8.464560,0.666556,3.097283,0.813786,0.008794,0.000000,0.000001,0.952114,0.001000
adversarial_compensated_violation,6,9,1.0000,1,1,adversarial_compensated_violation,0.064611,69.801652,0.319884,6.449685,0.160998,0.000000,0.000324,7706.421134,0.000000,1.846030,60.000000,8.962365,0.785026,3.525894,0.779705,0.020329,0.000000,0.000001,0.847438,0.001000
adversarial_compensated_violation,6,10,1.0000,1,1,adversarial_compensated_violation,0.049490,79.320517,0.322562,4.948247,0.072797,0.000000,0.001023,7882.182917,0.000000,1.413998,60.000000,8.659028,0.527616,3.136550,0.446345,0.007773,0.000000,0.000001,0.747007,0.001000
adversarial_compensated_violation,6,11,1.0000,1,1,adversarial_compensated_violation,0.046271,98.074595,0.337514,4.625088,0.155404,0.000000,0.001864,4848.744375,0.000000,1.322026,70.679118,8.388395,0.765717,3.054233,0.750753,0.024834,0.000000,0.000001,0.713393,0.001000
adversarial_compensated_violation,6,12,1.0000,1,1,adversarial_compensated_violation,0.052887,74.143868,0.320622,5.287517,0.119853,0.000000,0.000431,7968.568120,0.000000,1.511061,60.000000,8.742229,0.785513,3.326996,0.845441,0.007195,0.000000,0.000001,0.798468,0.001000
adversarial_compensated_violation,6,13,1.0000,1,1,adversarial_compensated_violation,0.054479,83.829558,0.293477,5.444959,0.144930,0.000000,0.000436,8772.353342,0.000000,1.556533,60.000000,9.203131,0.658829,3.916070,0.870696,0.007632,0.000000,0.000001,0.707301,0.001000
adversarial_compensated_violation,7,0,1.0000,1,1,adversarial_compensated_violation,0.047268,139.318272,0.330904,4.725770,0.317796,0.000000,0.004512,4691.991982,0.000000,1.350524,69.332407,9.210655,0.689025,3.490158,1.378021,0.025965,0.000000,0.000001,0.494108,0.001000
adversarial_compensated_violation,7,1,1.0000,1,1,adversarial_compensated_violation,0.044973,79.043285,0.330079,4.497134,0.082017,0.000000,0.000479,9566.459368,0.000000,1.284932,60.000000,7.949973,0.570104,2.535845,0.278056,0.005010,0.000000,0.000001,0.749594,0.001000
adversarial_compensated_violation,7,2,1.0000,1,1,adversarial_compensated_violation,0.043745,68.736442,0.319975,4.370463,0.083903,0.000000,0.000370,10351.432333,0.000000,1.249864,60.000000,7.983671,0.595564,2.568434,0.324556,0.004545,0.000000,0.000000,0.860382,0.001000
adversarial_compensated_violation,7,3,1.0000,1,1,adversarial_compensated_violation,0.047368,90.385688,0.384096,4.736744,0.078801,0.000000,0.000477,6815.629749,0.000000,1.353377,72.758113,8.490018,0.698821,3.151061,0.472259,0.009476,0.000000,0.000001,0.796165,0.001000
adversarial_compensated_violation,7,4,1.0000,1,1,adversarial_compensated_violation,0.050753,75.483383,0.304420,5.072195,0.096366,0.000000,0.000864,6798.103834,0.000000,1.450073,60.000000,8.500703,0.552098,2.959432,0.430864,0.009941,0.000000,0.000001,0.784484,0.001000
adversarial_compensated_violation,7,5,1.0000,1,1,adversarial_compensated_violation,0.072867,93.428829,0.320572,7.286650,0.359501,0.000000,0.000640,9773.056633,0.000000,2.081903,60.000000,8.999183,0.897917,3.479063,1.359251,0.018203,0.000000,0.000001,0.635399,0.001000
adversarial_compensated_violation,7,6,1.0000,1,1,adversarial_compensated_violation,0.052195,69.615555,0.323798,5.219335,0.101446,0.000000,0.003089,5796.519477,0.000000,1.491291,61.091930,10.598426,0.765775,5.102877,0.738131,0.024459,0.000000,0.000000,0.865134,0.001000
adversarial_compensated_violation,7,7,1.0000,1,1,adversarial_compensated_violation,0.046179,81.287444,0.328671,4.617846,0.164838,0.000000,0.001431,6059.374066,0.000000,1.319386,60.000000,8.645417,0.886818,3.363399,0.837337,0.022853,0.000000,0.000001,0.729151,0.001000
adversarial_compensated_violation,7,8,1.0000,1,1,adversarial_compensated_violation,0.054083,70.284158,0.315195,5.408225,0.103343,0.000000,0.000432,13789.673696,0.000000,1.545216,60.000000,8.106961,0.548891,2.710590,0.341803,0.004594,0.000000,0.000001,0.841702,0.001000
adversarial_compensated_violation,7,9,1.0000,1,1,adversarial_compensated_violation,0.047396,74.522719,0.328645,4.738504,0.157827,0.000000,0.000844,8299.812292,0.000000,1.354162,60.000000,9.238482,0.604902,3.860800,0.782837,0.008064,0.000000,0.000001,0.794463,0.001000
adversarial_compensated_violation,7,10,1.0000,1,1,adversarial_compensated_violation,0.044757,82.713217,0.321160,4.475046,0.090540,0.000000,0.000608,9823.028636,0.000000,1.278761,60.000000,7.940897,0.641081,2.537393,0.314256,0.004353,0.000000,0.000000,0.716733,0.001000
adversarial_compensated_violation,7,11,1.0000,1,1,adversarial_compensated_violation,0.049042,63.084883,0.323960,4.904134,0.102195,0.000000,0.000301,13642.897962,0.000000,1.401203,60.000000,8.038804,0.665860,2.613672,0.446696,0.004497,0.000000,0.000000,0.936258,0.001000
adversarial_compensated_violation,7,12,1.0000,1,1,adversarial_compensated_violation,0.053953,68.884626,0.317191,5.391492,0.100949,0.000000,0.000505,11810.210207,0.000000,1.541511,60.000000,8.176616,0.623141,2.720945,0.598676,0.005266,0.000000,0.000001,0.858558,0.001000
adversarial_compensated_violation,7,13,1.0000,1,1,adversarial_compensated_violation,0.070324,100.675557,0.324702,7.025934,0.285396,0.000000,0.000531,9335.827409,0.000000,2.009256,60.000000,8.486146,0.953624,3.095532,1.178146,0.028644,0.000000,0.000001,0.590112,0.001000
mixed_near_threshold,0,0,1.0000,1,1,mixed_near_threshold,0.042269,63.384942,0.000000,1.669776,0.092260,0.000000,0.004074,5003.007176,0.000000,1.207685,2.457366,0.248156,0.349269,0.079575,0.190242,0.040973,0.000000,0.000001,0.038167,0.001000
mixed_near_threshold,0,1,1.0000,1,1,mixed_near_threshold,0.040445,63.964458,0.003110,0.738307,0.108794,0.000000,0.003995,1200.417462,0.000000,1.155580,8.507455,0.889826,0.344715,0.203067,0.317280,0.042705,0.000000,0.000002,0.130956,0.001000
mixed_near_threshold,0,2,1.0000,1,1,mixed_near_threshold,0.039660,68.416114,0.043008,1.764772,0.079825,0.000000,0.003800,2573.804834,0.000000,1.133143,12.778291,1.630717,0.393146,0.330977,0.397439,0.043084,0.000000,0.000001,0.184082,0.001000
mixed_near_threshold,0,3,1.0000,1,1,mixed_near_threshold,0.041216,67.552179,0.006098,1.518040,0.110483,0.000000,0.004251,2022.180878,0.000000,1.177613,6.334707,1.099238,0.367961,0.315026,0.385320,0.043557,0.000000,0.029770,0.092407,0.001000
mixed_near_threshold,0,4,1.0000,1,1,mixed_near_threshold,0.041948,51.035994,0.008318,0.566723,0.122218,0.000000,0.003800,693.294179,0.000000,1.198515,6.408388,1.321432,0.369225,0.421911,0.446350,0.045327,0.000000,0.229922,0.123153,0.001000
mixed_near_threshold,0,5,1.0000,1,1,mixed_near_threshold,0.040285,70.406524,0.030978,1.725423,0.116320,0.000000,0.004568,1990.844143,0.000000,1.151002,15.657473,1.445511,0.359238,0.309505,0.531005,0.042288,0.000000,0.000001,0.219272,0.001000
mixed_near_threshold,0,6,1.0000,1,1,mixed_near_threshold,0.040337,67.259245,0.000000,0.752994,0.139507,0.000000,0.004029,843.916586,0.000000,1.152488,5.976279,1.261505,0.335846,0.373164,0.380046,0.042874,0.000000,0.300644,0.087553,0.001000
mixed_near_threshold,0,7,1.0000,1,1,mixed_near_threshold,0.040150,63.701578,0.000000,0.594818,0.139329,0.000000,0.004094,1236.987771,0.000000,1.147134,5.162837,0.764945,0.314513,0.192093,0.325574,0.042839,0.000000,0.000002,0.079795,0.001000
mixed_near_threshold,0,8,1.0000,1,1,mixed_near_threshold,0.043670,66.175793,0.011203,2.154622,0.143206,0.000000,0.003926,4902.583958,0.000000,1.247722,10.329766,0.977973,0.399803,0.342584,0.384962,0.041750,0.000000,0.000001,0.153772,0.001000
mixed_near_threshold,0,9,1.0000,1,1,mixed_near_threshold,0.043419,67.810932,0.000000,1.714844,0.101701,0.000000,0.004120,4153.652796,0.000000,1.240531,3.124967,0.351336,0.366022,0.117450,0.238680,0.043098,0.000000,0.000001,0.045414,0.001000
mixed_near_threshold,0,10,1.0000,1,1,mixed_near_threshold,0.039963,61.203736,0.018231,0.445007,0.097372,0.000000,0.004283,801.058712,0.000000,1.141786,11.257142,1.146450,0.333862,0.339064,0.285163,0.041965,0.000000,0.279394,0.180972,0.001000
mixed_near_threshold,0,11,1.0000,1,1,mixed_near_threshold,0.043657,81.680852,0.004372,0.439018,0.110770,0.000000,0.003893,591.512343,0.000000,1.247331,6.283169,1.139888,0.341345,0.316289,0.343925,0.043268,0.000000,0.215358,0.075993,0.001000
mixed_near_threshold,0,12,1.0000,1,1,mixed_near_threshold,0.042205,64.436176,0.006348,1.495925,0.145852,0.000000,0.004017,3932.669819,0.000000,1.205850,3.702242,0.482914,0.338765,0.126361,0.344518,0.041871,0.000000,0.000001,0.056578,0.001000
mixed_near_threshold,0,13,1.0000,1,1,mixed_near_threshold,0.039672,62.299348,0.000000,0.640054,0.113356,0.000000,0.004439,670.850635,0.000000,1.133495,7.589738,1.160846,0.349040,0.352681,0.395292,0.042963,0.000000,0.220267,0.119902,0.001000
mixed_near_threshold,1,0,1.0000,1,1,mixed_near_threshold,0.041254,70.537504,0.005958,0.709439,0.084829,0.000000,0.003887,1127.370921,0.000000,1.178688,6.324873,0.650324,0.332635,0.155473,0.232769,0.042792,0.000000,0.000000,0.088413,0.001000
mixed_near_threshold,1,1,1.0000,1,1,mixed_near_threshold,0.039643,67.471144,0.001803,1.289157,0.095399,0.000000,0.004182,2325.217240,0.000000,1.132670,3.040391,0.579957,0.317291,0.140984,0.245902,0.042682,0.000000,0.000005,0.044404,0.001000
mixed_near_threshold,1,2,1.0000,1,1,mixed_near_threshold,0.043226,72.163378,0.003302,0.573411,0.159491,0.000000,0.003800,656.560042,0.000000,1.235029,5.830350,1.366616,0.315052,0.354390,0.479899,0.042033,0.000000,0.252173,0.079689,0.001000
mixed_near_threshold,1,3,1.0000,1,1,mixed_near_threshold,0.040064,64.730420,0.000000,0.894454,0.094426,0.000000,0.003800,1012.103409,0.000000,1.144698,6.266159,0.841197,0.362696,0.254992,0.288848,0.043910,0.000000,0.115282,0.095331,0.001000
mixed_near_threshold,1,4,1.0000,1,1,mixed_near_threshold,0.045109,64.852957,0.000000,1.752617,0.110184,0.000000,0.003913,2702.700913,0.000000,1.288827,5.139287,0.720353,0.389341,0.193635,0.350695,0.042024,0.000000,0.000001,0.078042,0.001000
mixed_near_threshold,1,5,1.0000,1,1,mixed_near_threshold,0.042459,83.647540,0.007379,1.726824,0.122343,0.000000,0.003884,2193.968528,0.000000,1.213102,13.599983,1.385369,0.408844,0.476030,0.498801,0.042777,0.000000,0.028836,0.160666,0.001000
mixed_near_threshold,1,6,1.0000,1,1,mixed_near_threshold,0.040384,65.438930,0.000000,0.771558,0.083260,0.000000,0.004279,1113.631417,0.000000,1.153820,8.218051,0.745300,0.368366,0.176755,0.256517,0.042465,0.000000,0.000000,0.123693,0.001000
mixed_near_threshold,1,7,1.0000,1,1,mixed_near_threshold,0.043675,67.939037,0.005308,1.873028,0.152181,0.000000,0.004189,3563.331619,0.000000,1.247869,6.880473,0.992313,0.360140,0.312856,0.421054,0.042192,0.000000,0.046450,0.099805,0.001000
mixed_near_threshold,1,8,1.0000,1,1,mixed_near_threshold,0.041355,84.621033,0.028810,0.637339,0.081492,0.000000,0.004006,881.887243,0.000000,1.181567,7.041554,0.849059,0.311634,0.185428,0.279721,0.042995,0.000000,0.094041,0.082241,0.001000
mixed_near_threshold,1,9,1.0000,1,1,mixed_near_threshold,0.040072,63.498931,0.042916,0.973109,0.105682,0.000000,0.003800,1040.129002,0.000000,1.144911,10.091845,1.438319,0.363796,0.285050,0.411476,0.043338,0.000000,0.000001,0.156465,0.001000
mixed_near_threshold,1,10,1.0000,1,1,mixed_near_threshold,0.041549,51.142993,0.037457,1.759071,0.104364,0.000000,0.003800,1892.996282,0.000000,1.187110,11.176765,1.583317,0.386289,0.316960,0.473802,0.044665,0.000000,0.000001,0.214348,0.001000
mixed_near_threshold,1,11,1.0000,1,1,mixed_near_threshold,0.043777,78.466486,0.000000,0.698423,0.126539,0.000000,0.004094,718.713799,0.000000,1.250780,6.497183,1.060341,0.401793,0.388824,0.472491,0.042695,0.000000,0.310715,0.081760,0.001000
mixed_near_threshold,1,12,1.0000,1,1,mixed_near_threshold,0.041841,71.306209,0.000000,0.697141,0.082409,0.000000,0.004006,1696.555966,0.000000,1.195446,2.387176,0.310898,0.309583,0.077719,0.173621,0.042197,0.000000,0.000001,0.033015,0.001000
mixed_near_threshold,1,13,1.0000,1,1,mixed_near_threshold,0.042746,62.180981,0.000000,0.748826,0.089654,0.000000,0.004049,1535.641684,0.000000,1.221312,5.232870,0.480111,0.355109,0.122611,0.217008,0.043230,0.000000,0.000001,0.082823,0.001000
mixed_near_threshold,2,0,1.0000,1,1,mixed_near_threshold,0.044137,59.451980,0.001633,1.879594,0.082081,0.000000,0.004158,2756.764593,0.000000,1.261063,7.682522,0.994566,0.369211,0.218342,0.278452,0.043695,0.000000,0.000001,0.127085,0.001000
mixed_near_threshold,2,1,1.0000,1,1,mixed_near_threshold,0.040714,72.815139,0.029030,1.017758,0.123888,0.000000,0.003992,1263.846305,0.000000,1.163257,10.668988,1.324766,0.393441,0.315746,0.440711,0.042625,0.000000,0.000001,0.144537,0.001000
mixed_near_threshold,2,2,1.0000,1,1,mixed_near_threshold,0.043784,68.846930,0.000151,0.713220,0.168053,0.000000,0.003984,754.304412,0.000000,1.250964,9.188248,1.734973,0.358002,0.565800,0.509658,0.042489,0.000000,0.401218,0.131548,0.001000
mixed_near_threshold,2,3,1.0000,1,1,mixed_near_threshold,0.041392,68.635471,0.003317,0.579090,0.091264,0.000000,0.004055,754.382502,0.000000,1.182636,6.341199,0.720219,0.339037,0.215040,0.249538,0.042054,0.000000,0.238335,0.091063,0.001000
mixed_near_threshold,2,4,1.0000,1,1,mixed_near_threshold,0.043510,67.424102,0.024970,2.030453,0.112780,0.000000,0.004676,2598.863599,0.000000,1.243133,21.312639,1.856183,0.410012,0.454745,0.490228,0.043701,0.000000,0.000001,0.311479,0.001000
mixed_near_threshold,2,5,1.0000,1,1,mixed_near_threshold,0.044681,66.310828,0.058574,1.696038,0.118604,0.000000,0.003800,2004.900077,0.000000,1.276612,16.504119,2.006245,0.349530,0.281980,0.423363,0.045436,0.000000,0.000000,0.245193,0.001000
mixed_near_threshold,2,6,1.0000,1,1,mixed_near_threshold,0.041493,63.031080,0.000000,0.722661,0.123494,0.000000,0.004151,1316.616525,0.000000,1.185510,7.542629,0.869853,0.321810,0.209711,0.311893,0.042983,0.000000,0.000003,0.117796,0.001000
mixed_near_threshold,2,7,1.0000,1,1,mixed_near_threshold,0.044152,89.361097,0.000900,0.881999,0.086340,0.000000,0.003800,1481.747897,0.000000,1.261496,12.534420,1.242158,0.389757,0.402821,0.377408,0.046388,0.000000,0.206203,0.138715,0.001000
mixed_near_threshold,2,8,1.0000,1,1,mixed_near_threshold,0.043731,67.564440,0.000000,0.770674,0.092719,0.000000,0.004015,2118.103574,0.000000,1.249452,1.515442,0.170187,0.358365,0.052436,0.218004,0.041493,0.000000,0.000001,0.022102,0.001000
mixed_near_threshold,2,9,1.0000,1,1,mixed_near_threshold,0.043891,71.885777,0.000000,0.803465,0.090366,0.000000,0.004184,1252.070883,0.000000,1.254027,4.613354,0.691285,0.401692,0.260615,0.258167,0.042069,0.000000,0.183457,0.063296,0.001000
mixed_near_threshold,2,10,1.0000,1,1,mixed_near_threshold,0.040685,69.750722,0.000000,0.602070,0.109741,0.000000,0.003800,645.232546,0.000000,1.162415,6.937966,1.139347,0.347955,0.332253,0.361074,0.047437,0.000000,0.305352,0.098062,0.001000
mixed_near_threshold,2,11,1.0000,1,1,mixed_near_threshold,0.039112,74.829369,0.040203,1.033227,0.094641,0.000000,0.003800,1300.235892,0.000000,1.117492,11.944452,1.576869,0.359963,0.196862,0.337487,0.043493,0.000000,0.000001,0.157517,0.001000
mixed_near_threshold,2,12,1.0000,1,1,mixed_near_threshold,0.044938,67.542384,0.028448,0.738076,0.140462,0.000000,0.004314,1009.916644,0.000000,1.283955,12.081509,1.621270,0.369463,0.383090,0.436101,0.042144,0.000000,0.000001,0.176263,0.001000
mixed_near_threshold,2,13,1.0000,1,1,mixed_near_threshold,0.040529,67.204106,0.000000,0.599490,0.124243,0.000000,0.003983,1044.685428,0.000000,1.157968,5.199500,0.850990,0.334134,0.232755,0.306116,0.042246,0.000000,0.172191,0.076234,0.001000
mixed_near_threshold,3,0,1.0000,1,1,mixed_near_threshold,0.039605,65.778466,0.000000,0.519044,0.150426,0.000000,0.004200,581.938334,0.000000,1.131564,6.283352,1.308752,0.319149,0.326962,0.451181,0.041808,0.000000,0.216589,0.094092,0.001000
mixed_near_threshold,3,1,1.0000,1,1,mixed_near_threshold,0.041027,77.610521,0.000000,0.500023,0.082438,0.000000,0.004031,652.716806,0.000000,1.172213,4.831865,0.972643,0.323015,0.259055,0.276461,0.042147,0.000000,0.189796,0.061466,0.001000
mixed_near_threshold,3,2,1.0000,1,1,mixed_near_threshold,0.040865,72.239183,0.000000,1.013415,0.111320,0.000000,0.004193,1533.761265,0.000000,1.167566,6.205212,0.844655,0.425719,0.267554,0.395331,0.042603,0.000000,0.000001,0.084725,0.001000
mixed_near_threshold,3,3,1.0000,1,1,mixed_near_threshold,0.041797,72.858415,0.000000,1.787065,0.142941,0.000000,0.004023,3072.015389,0.000000,1.194192,8.721692,0.919663,0.373155,0.290123,0.408911,0.041613,0.000000,0.000002,0.118087,0.001000
mixed_near_threshold,3,4,1.0000,1,1,mixed_near_threshold,0.042497,66.740093,0.000000,0.758825,0.092655,0.000000,0.003866,1102.782849,0.000000,1.214195,4.440260,0.617193,0.327037,0.154101,0.237673,0.042480,0.000000,0.000001,0.065548,0.001000
mixed_near_threshold,3,5,1.0000,1,1,mixed_near_threshold,0.041277,61.470165,0.020263,1.551468,0.091871,0.000000,0.003999,2167.032525,0.000000,1.179352,7.838801,0.859035,0.311410,0.171517,0.263002,0.043622,0.000000,0.000001,0.125481,0.001000
mixed_near_threshold,3,6,1.0000,1,1,mixed_near_threshold,0.040383,66.445255,0.003934,0.541017,0.116864,0.000000,0.004060,892.985448,0.000000,1.153799,6.487901,0.984321,0.364451,0.313128,0.399008,0.041667,0.000000,0.282360,0.096195,0.001000
mixed_near_threshold,3,7,1.0000,1,1,mixed_near_threshold,0.043350,73.226753,0.000000,1.732005,0.103173,0.000000,0.004024,3096.570857,0.000000,1.238560,3.307912,0.633056,0.353956,0.194887,0.285242,0.041695,0.000000,0.000001,0.044565,0.001000
mixed_near_threshold,3,8,1.0000,1,1,mixed_near_threshold,0.040397,74.037839,0.000000,0.777832,0.100463,0.000000,0.003800,975.709805,0.000000,1.154196,6.441956,1.063179,0.352030,0.280610,0.315882,0.043366,0.000000,0.085226,0.085849,0.001000
mixed_near_threshold,3,9,1.0000,1,1,mixed_near_threshold,0.041258,75.382972,0.007879,1.618577,0.129029,0.000000,0.004172,3538.233676,0.000000,1.178799,7.326667,0.704929,0.361368,0.222917,0.331825,0.042379,0.000000,0.000001,0.095920,0.001000
mixed_near_threshold,3,10,1.0000,1,1,mixed_near_threshold,0.042392,65.888497,0.000000,1.458983,0.116527,0.000000,0.004034,2345.021544,0.000000,1.211213,5.175805,0.822642,0.334866,0.201261,0.322647,0.042650,0.000000,0.000001,0.077380,0.001000
mixed_near_threshold,3,11,1.0000,1,1,mixed_near_threshold,0.040467,69.558637,0.006447,1.486377,0.149928,0.000000,0.004013,3835.126895,0.000000,1.156191,3.158547,0.456807,0.387915,0.149089,0.407593,0.042529,0.000000,0.000001,0.044765,0.001000
mixed_near_threshold,3,12,1.0000,1,1,mixed_near_threshold,0.037583,68.127695,0.035309,1.115462,0.083382,0.000000,0.003800,1196.791467,0.000000,1.073807,11.372876,1.218681,0.326929,0.209262,0.339311,0.046549,0.000000,0.015982,0.164520,0.001000
mixed_near_threshold,3,13,1.0000,1,1,mixed_near_threshold,0.039962,67.964800,0.011533,0.727158,0.100999,0.000000,0.004138,935.394819,0.000000,1.141776,5.475587,0.858468,0.345726,0.218310,0.299566,0.042015,0.000000,0.079565,0.079397,0.001000
mixed_near_threshold,4,0,1.0000,1,1,mixed_near_threshold,0.040831,68.052833,0.005206,1.356489,0.096695,0.000000,0.004180,3987.272300,0.000000,1.166604,2.604812,0.248579,0.399901,0.091027,0.220891,0.042482,0.000000,0.000001,0.037722,0.001000
mixed_near_threshold,4,1,1.0000,1,1,mixed_near_threshold,0.039359,67.362670,0.000000,1.320103,0.123825,0.000000,0.004089,3067.945259,0.000000,1.124547,3.825937,0.729104,0.304881,0.175933,0.294491,0.042232,0.000000,0.000001,0.055965,0.001000
mixed_near_threshold,4,2,1.0000,1,1,mixed_near_threshold,0.038593,89.210660,0.024972,1.295679,0.115974,0.000000,0.003991,1905.138652,0.000000,1.102670,18.749554,1.402063,0.422452,0.256795,0.527793,0.042012,0.000000,0.000001,0.207842,0.001000
mixed_near_threshold,4,3,1.0000,1,1,mixed_near_threshold,0.040036,63.627877,0.017026,0.762026,0.146251,0.000000,0.004109,1138.335961,0.000000,1.143897,8.753931,1.397330,0.361038,0.303562,0.491674,0.042527,0.000000,0.000002,0.135451,0.001000
mixed_near_threshold,4,4,1.0000,1,1,mixed_near_threshold,0.042476,72.710055,0.030427,0.703478,0.151753,0.000000,0.003816,790.268473,0.000000,1.213593,11.969184,1.362874,0.386795,0.400592,0.498329,0.042810,0.000000,0.108386,0.162382,0.001000
mixed_near_threshold,4,5,1.0000,1,1,mixed_near_threshold,0.040654,69.755639,0.000398,0.400977,0.138512,0.000000,0.003800,554.444529,0.000000,1.161541,4.844666,1.509585,0.313618,0.408023,0.390651,0.045706,0.000000,0.297413,0.068470,0.001000
mixed_near_threshold,4,6,1.0000,1,1,mixed_near_threshold,0.043074,49.298794,0.000000,0.725738,0.150248,0.000000,0.003800,780.237977,0.000000,1.230680,9.062791,1.488583,0.376088,0.477170,0.477729,0.048489,0.000000,0.213235,0.180179,0.001000
mixed_near_threshold,4,7,1.0000,1,1,mixed_near_threshold,0.043690,61.704726,0.001759,1.859547,0.123554,0.000000,0.004121,5237.442338,0.000000,1.248274,3.875471,0.404450,0.327110,0.114113,0.264818,0.042438,0.000000,0.000001,0.061805,0.001000
mixed_near_threshold,4,8,1.0000,1,1,mixed_near_threshold,0.041034,71.597798,0.000000,0.788405,0.087635,0.000000,0.003940,1525.798640,0.000000,1.172389,5.370469,0.732711,0.403271,0.269693,0.242158,0.042238,0.000000,0.000003,0.073976,0.001000
mixed_near_threshold,4,9,1.0000,1,1,mixed_near_threshold,0.043583,67.553518,0.026758,1.836077,0.093327,0.000000,0.005028,2184.880300,0.000000,1.245239,11.524709,1.479209,0.339619,0.291950,0.302735,0.043710,0.000000,0.025853,0.168113,0.001000
mixed_near_threshold,4,10,1.0000,1,1,mixed_near_threshold,0.043153,69.627709,0.012145,1.578593,0.108410,0.000000,0.003896,3158.961881,0.000000,1.232948,4.603358,0.575651,0.403697,0.202039,0.313008,0.041460,0.000000,0.000001,0.065178,0.001000
mixed_near_threshold,4,11,1.0000,1,1,mixed_near_threshold,0.041554,76.343478,0.008175,0.883462,0.138898,0.000000,0.004087,1381.507577,0.000000,1.187254,13.504324,1.641816,0.392328,0.570151,0.489735,0.042130,0.000000,0.102211,0.174602,0.001000
mixed_near_threshold,4,12,1.0000,1,1,mixed_near_threshold,0.041160,68.491368,0.000000,1.776020,0.090139,0.000000,0.003990,4970.229926,0.000000,1.176008,3.110180,0.264201,0.376480,0.085490,0.221993,0.043117,0.000000,0.000001,0.044756,0.001000
mixed_near_threshold,4,13,1.0000,1,1,mixed_near_threshold,0.043809,68.664827,0.000680,1.732043,0.145707,0.000000,0.003965,3867.736116,0.000000,1.251693,7.410856,0.717021,0.320728,0.181087,0.341653,0.042542,0.000000,0.000001,0.106379,0.001000
mixed_near_threshold,5,0,1.0000,1,1,mixed_near_threshold,0.043077,66.136191,0.000000,0.620781,0.138532,0.000000,0.003800,705.811823,0.000000,1.230770,7.277522,1.163605,0.386257,0.376760,0.489674,0.045128,0.000000,0.166446,0.108399,0.001000
mixed_near_threshold,5,1,1.0000,1,1,mixed_near_threshold,0.042386,71.405455,0.011629,0.835014,0.085607,0.000000,0.004117,1393.229524,0.000000,1.211015,7.909426,0.685875,0.399649,0.216651,0.234368,0.042890,0.000000,0.000001,0.109238,0.001000
mixed_near_threshold,5,2,1.0000,1,1,mixed_near_threshold,0.042974,64.996230,0.000000,0.694388,0.097051,0.000000,0.004014,1099.736155,0.000000,1.227836,7.263018,0.668024,0.316995,0.146675,0.210758,0.042000,0.000000,0.000002,0.110052,0.001000
mixed_near_threshold,5,3,1.0000,1,1,mixed_near_threshold,0.042767,71.897797,0.018977,1.708744,0.079237,0.000000,0.004654,2050.484101,0.000000,1.221915,12.853277,1.177406,0.415401,0.292619,0.357928,0.043336,0.000000,0.000001,0.176319,0.001000
mixed_near_threshold,5,4,1.0000,1,1,mixed_near_threshold,0.040058,74.044734,0.000000,1.319237,0.128328,0.000000,0.004096,3793.726706,0.000000,1.144506,4.742937,0.382558,0.348350,0.109976,0.318119,0.041494,0.000000,0.000001,0.063201,0.001000
mixed_near_threshold,5,5,1.0000,1,1,mixed_near_threshold,0.041438,65.075464,0.000000,0.831481,0.106299,0.000000,0.003979,1257.833237,0.000000,1.183940,6.525791,0.756897,0.404103,0.232838,0.330985,0.042515,0.000000,0.000002,0.098763,0.001000
mixed_near_threshold,5,6,1.0000,1,1,mixed_near_threshold,0.041963,57.849367,0.000000,1.751748,0.128331,0.000000,0.004191,4437.726761,0.000000,1.198932,5.619259,0.411646,0.402427,0.146963,0.316990,0.041087,0.000000,0.000001,0.095485,0.001000
mixed_near_threshold,5,7,1.0000,1,1,mixed_near_threshold,0.041161,67.654606,0.014242,1.246818,0.111712,0.000000,0.004168,1817.741656,0.000000,1.176022,8.607426,1.060069,0.320377,0.192250,0.384085,0.042319,0.000000,0.000001,0.125373,0.001000
mixed_near_threshold,5,8,1.0000,1,1,mixed_near_threshold,0.042618,62.358112,0.011472,0.845459,0.092301,0.000000,0.003890,1741.953410,0.000000,1.217647,5.664929,0.568097,0.390744,0.194322,0.227494,0.042950,0.000000,0.000001,0.089411,0.001000
mixed_near_threshold,5,9,1.0000,1,1,mixed_near_threshold,0.042888,62.111743,0.013086,1.482058,0.126407,0.000000,0.004579,2313.813672,0.000000,1.225366,8.652408,0.986212,0.336917,0.190005,0.400946,0.041738,0.000000,0.000001,0.137097,0.001000
mixed_near_threshold,5,10,1.0000,1,1,mixed_near_threshold,0.042073,68.564221,0.003020,1.542801,0.084872,0.000000,0.003940,3183.696331,0.000000,1.202074,3.478458,0.420441,0.313143,0.109272,0.195951,0.042124,0.000000,0.000005,0.050004,0.001000
mixed_near_threshold,5,11,1.0000,1,1,mixed_near_threshold,0.040654,63.455887,0.008825,0.717241,0.125843,0.000000,0.004009,1525.902317,0.000000,1.161541,6.929315,0.846496,0.354686,0.255020,0.323059,0.042799,0.000000,0.000001,0.107505,0.001000
mixed_near_threshold,5,12,1.0000,1,1,mixed_near_threshold,0.039986,70.084294,0.004196,0.706630,0.107569,0.000000,0.004010,1747.982517,0.000000,1.142454,2.590969,0.405869,0.322076,0.106426,0.241247,0.042011,0.000000,0.000001,0.036449,0.001000
mixed_near_threshold,5,13,1.0000,1,1,mixed_near_threshold,0.042340,69.012829,0.013497,0.483888,0.130858,0.000000,0.003800,663.115194,0.000000,1.209723,7.129121,1.404233,0.309408,0.292981,0.399076,0.045184,0.000000,0.119583,0.101826,0.001000
mixed_near_threshold,6,0,1.0000,1,1,mixed_near_threshold,0.044688,68.909334,0.000000,0.827634,0.085984,0.000000,0.004390,940.674328,0.000000,1.276795,3.762328,0.737593,0.333324,0.174248,0.296368,0.042067,0.000000,0.000001,0.053817,0.001000
mixed_near_threshold,6,1,1.0000,1,1,mixed_near_threshold,0.041352,70.421946,0.004771,0.635112,0.154571,0.000000,0.004108,818.576948,0.000000,1.181478,8.838679,1.491992,0.315856,0.374399,0.438268,0.041946,0.000000,0.212779,0.123753,0.001000
mixed_near_threshold,6,2,1.0000,1,1,mixed_near_threshold,0.038309,63.693443,0.000000,0.618298,0.110854,0.000000,0.003800,635.750046,0.000000,1.094544,6.448183,1.149168,0.341524,0.315586,0.366931,0.044821,0.000000,0.330786,0.099673,0.001000
mixed_near_threshold,6,3,1.0000,1,1,mixed_near_threshold,0.041424,70.488217,0.009327,1.822818,0.083643,0.000000,0.004617,2587.435119,0.000000,1.183533,5.458614,0.813445,0.326580,0.203582,0.232267,0.042182,0.000000,0.098863,0.076357,0.001000
mixed_near_threshold,6,4,1.0000,1,1,mixed_near_threshold,0.041267,59.830118,0.000000,0.729100,0.112256,0.000000,0.004118,1044.440111,0.000000,1.179056,5.185302,0.718375,0.338790,0.190606,0.302264,0.041654,0.000000,0.000003,0.085242,0.001000
mixed_near_threshold,6,5,1.0000,1,1,mixed_near_threshold,0.043559,59.330299,0.015916,1.923079,0.084224,0.000000,0.004067,3249.466803,0.000000,1.244535,4.837494,0.530948,0.403241,0.177649,0.282595,0.042298,0.000000,0.000000,0.080183,0.001000
mixed_near_threshold,6,6,1.0000,1,1,mixed_near_threshold,0.041159,68.983059,0.005715,1.717081,0.086620,0.000000,0.004252,3052.117265,0.000000,1.175973,3.919306,0.499587,0.369176,0.157591,0.240374,0.042482,0.000000,0.000001,0.056004,0.001000
mixed_near_threshold,6,7,1.0000,1,1,mixed_near_threshold,0.040768,66.901837,0.000000,0.573583,0.089646,0.000000,0.004101,1174.636149,0.000000,1.164797,3.376139,0.503320,0.327892,0.146517,0.209828,0.041841,0.000000,0.000016,0.049721,0.001000
mixed_near_threshold,6,8,1.0000,1,1,mixed_near_threshold,0.041437,65.924508,0.010172,0.533369,0.145135,0.000000,0.003949,696.966508,0.000000,1.183922,10.560447,1.275403,0.343533,0.335254,0.513967,0.042214,0.000000,0.175001,0.157796,0.001000
mixed_near_threshold,6,9,1.0000,1,1,mixed_near_threshold,0.040097,75.110962,0.025860,1.001610,0.147339,0.000000,0.003800,1092.741458,0.000000,1.145616,14.143834,1.649290,0.393096,0.498231,0.563733,0.043152,0.000000,0.032050,0.185832,0.001000
mixed_near_threshold,6,10,1.0000,1,1,mixed_near_threshold,0.039670,64.484972,0.004626,0.885145,0.123944,0.000000,0.004110,1730.051648,0.000000,1.133423,4.417211,0.659408,0.383011,0.215747,0.352426,0.042471,0.000000,0.000001,0.067454,0.001000
mixed_near_threshold,6,11,1.0000,1,1,mixed_near_threshold,0.042587,49.079954,0.000000,0.933324,0.108899,0.000000,0.004092,1290.925444,0.000000,1.216783,7.769209,0.898940,0.397586,0.274750,0.344303,0.042132,0.000000,0.124334,0.155136,0.001000
mixed_near_threshold,6,12,1.0000,1,1,mixed_near_threshold,0.042640,72.531615,0.006395,1.728524,0.101491,0.000000,0.003926,3772.025744,0.000000,1.218283,6.229042,0.568056,0.372019,0.160701,0.274594,0.042593,0.000000,0.000001,0.084712,0.001000
mixed_near_threshold,6,13,1.0000,1,1,mixed_near_threshold,0.042372,92.890604,0.000000,1.441455,0.126624,0.000000,0.003800,1448.553116,0.000000,1.210617,6.150211,1.113462,0.349714,0.342738,0.467767,0.047693,0.000000,0.303349,0.065504,0.001000
mixed_near_threshold,7,0,1.0000,1,1,mixed_near_threshold,0.041175,63.754052,0.000000,1.471968,0.136805,0.000000,0.004118,2746.059658,0.000000,1.176422,8.219071,0.802124,0.406004,0.274923,0.479293,0.042835,0.000000,0.000000,0.126928,0.001000
mixed_near_threshold,7,1,1.0000,1,1,mixed_near_threshold,0.044531,71.900279,0.009324,0.661153,0.126455,0.000000,0.003800,1024.944700,0.000000,1.272308,5.360469,1.148390,0.367516,0.401567,0.382531,0.042511,0.000000,0.232111,0.073532,0.001000
mixed_near_threshold,7,2,1.0000,1,1,mixed_near_threshold,0.041068,62.967883,0.000000,0.773535,0.106401,0.000000,0.003853,1508.747961,0.000000,1.173370,2.734092,0.516159,0.341850,0.150420,0.235087,0.043048,0.000000,0.000003,0.042742,0.001000
mixed_near_threshold,7,3,1.0000,1,1,mixed_near_threshold,0.041682,59.555931,0.008940,0.757008,0.140491,0.000000,0.003807,1232.524162,0.000000,1.190927,5.379553,1.030678,0.400061,0.333837,0.473184,0.042776,0.000000,0.060718,0.088836,0.001000
mixed_near_threshold,7,4,1.0000,1,1,mixed_near_threshold,0.043697,67.089721,0.008204,0.879019,0.159178,0.000000,0.004077,1874.400328,0.000000,1.248481,4.786292,0.753452,0.391659,0.254896,0.424102,0.043001,0.000000,0.000001,0.070294,0.001000
mixed_near_threshold,7,5,1.0000,1,1,mixed_near_threshold,0.042983,67.372541,0.000000,1.544027,0.145578,0.000000,0.004024,2915.139712,0.000000,1.228075,8.789930,0.883249,0.353966,0.240877,0.382776,0.041896,0.000000,0.000001,0.128559,0.001000
mixed_near_threshold,7,6,1.0000,1,1,mixed_near_threshold,0.042707,65.761644,0.000000,0.745298,0.158715,0.000000,0.004345,779.609247,0.000000,1.220205,8.987772,1.584484,0.390318,0.484168,0.613523,0.041862,0.000000,0.258308,0.134625,0.001000
mixed_near_threshold,7,7,1.0000,1,1,mixed_near_threshold,0.040341,67.693788,0.006166,0.857237,0.109569,0.000000,0.003919,1020.031916,0.000000,1.152603,7.609585,1.158195,0.387848,0.367848,0.400925,0.042949,0.000000,0.092818,0.110775,0.001000
mixed_near_threshold,7,8,1.0000,1,1,mixed_near_threshold,0.040136,69.391464,0.002781,1.744158,0.111765,0.000000,0.004142,4133.082742,0.000000,1.146736,2.917160,0.502407,0.367849,0.160746,0.287856,0.041722,0.000000,0.000001,0.041442,0.001000
mixed_near_threshold,7,9,1.0000,1,1,mixed_near_threshold,0.043054,79.966585,0.000000,0.678802,0.089945,0.000000,0.004147,843.315225,0.000000,1.230117,6.193497,0.925775,0.321890,0.252986,0.239488,0.042389,0.000000,0.190879,0.076494,0.001000
mixed_near_threshold,7,10,1.0000,1,1,mixed_near_threshold,0.040009,69.930882,0.000000,0.685314,0.094100,0.000000,0.004116,1341.345038,0.000000,1.143111,4.028106,0.517119,0.334492,0.151133,0.243567,0.042939,0.000000,0.000001,0.056789,0.001000
mixed_near_threshold,7,11,1.0000,1,1,mixed_near_threshold,0.039426,65.395324,0.000000,1.439384,0.110161,0.000000,0.004212,2746.140038,0.000000,1.126447,3.922922,0.701773,0.324902,0.186890,0.269918,0.041328,0.000000,0.000003,0.059084,0.001000
mixed_near_threshold,7,12,1.0000,1,1,mixed_near_threshold,0.041634,70.446373,0.006823,1.642675,0.130911,0.000000,0.004181,2718.203888,0.000000,1.189531,4.979981,0.963260,0.340135,0.266053,0.377301,0.042494,0.000000,0.000003,0.069702,0.001000
mixed_near_threshold,7,13,1.0000,1,1,mixed_near_threshold,0.041134,57.646744,0.030480,1.633134,0.142618,0.000000,0.004726,2136.248649,0.000000,1.175261,24.270222,2.270151,0.443814,0.487339,0.683580,0.042328,0.000000,0.000001,0.413837,0.001000
