method,split,seed,precision,recall,f1,accuracy,false_positive_rate,flag_rate,positive_rate,auroc,auprc,score_mean,episodes,seeds
calibrated_learned_stack,actuator_saturation,0,1.0000,1.0000,1.0000,1.0000,0.0000,1.0000,1.0000,0.0000,1.0000,0.9919,14,1
calibrated_learned_stack,actuator_saturation,1,1.0000,1.0000,1.0000,1.0000,0.0000,1.0000,1.0000,0.0000,1.0000,0.9914,14,1
calibrated_learned_stack,actuator_saturation,2,1.0000,1.0000,1.0000,1.0000,0.0000,1.0000,1.0000,0.0000,1.0000,0.9919,14,1
calibrated_learned_stack,actuator_saturation,3,1.0000,1.0000,1.0000,1.0000,0.0000,1.0000,1.0000,0.0000,1.0000,0.9914,14,1
calibrated_learned_stack,actuator_saturation,4,1.0000,1.0000,1.0000,1.0000,0.0000,1.0000,1.0000,0.0000,1.0000,0.9900,14,1
calibrated_learned_stack,actuator_saturation,5,1.0000,1.0000,1.0000,1.0000,0.0000,1.0000,1.0000,0.0000,1.0000,0.9906,14,1
calibrated_learned_stack,actuator_saturation,6,1.0000,1.0000,1.0000,1.0000,0.0000,1.0000,1.0000,0.0000,1.0000,0.9910,14,1
calibrated_learned_stack,actuator_saturation,7,1.0000,1.0000,1.0000,1.0000,0.0000,1.0000,1.0000,0.0000,1.0000,0.9908,14,1
calibrated_learned_stack,adversarial_compensated_violation,0,1.0000,1.0000,1.0000,1.0000,0.0000,1.0000,1.0000,0.0000,1.0000,0.9946,14,1
calibrated_learned_stack,adversarial_compensated_violation,1,1.0000,1.0000,1.0000,1.0000,0.0000,1.0000,1.0000,0.0000,1.0000,0.9951,14,1
calibrated_learned_stack,adversarial_compensated_violation,2,1.0000,1.0000,1.0000,1.0000,0.0000,1.0000,1.0000,0.0000,1.0000,0.9950,14,1
calibrated_learned_stack,adversarial_compensated_violation,3,1.0000,1.0000,1.0000,1.0000,0.0000,1.0000,1.0000,0.0000,1.0000,0.9949,14,1
calibrated_learned_stack,adversarial_compensated_violation,4,1.0000,1.0000,1.0000,1.0000,0.0000,1.0000,1.0000,0.0000,1.0000,0.9947,14,1
calibrated_learned_stack,adversarial_compensated_violation,5,1.0000,1.0000,1.0000,1.0000,0.0000,1.0000,1.0000,0.0000,1.0000,0.9943,14,1
calibrated_learned_stack,adversarial_compensated_violation,6,1.0000,1.0000,1.0000,1.0000,0.0000,1.0000,1.0000,0.0000,1.0000,0.9948,14,1
calibrated_learned_stack,adversarial_compensated_violation,7,1.0000,1.0000,1.0000,1.0000,0.0000,1.0000,1.0000,0.0000,1.0000,0.9952,14,1
calibrated_learned_stack,combined_violation_shift,0,1.0000,1.0000,1.0000,1.0000,0.0000,1.0000,1.0000,0.0000,1.0000,0.9992,14,1
calibrated_learned_stack,combined_violation_shift,1,1.0000,1.0000,1.0000,1.0000,0.0000,1.0000,1.0000,0.0000,1.0000,0.9992,14,1
calibrated_learned_stack,combined_violation_shift,2,1.0000,1.0000,1.0000,1.0000,0.0000,1.0000,1.0000,0.0000,1.0000,0.9992,14,1
calibrated_learned_stack,combined_violation_shift,3,1.0000,1.0000,1.0000,1.0000,0.0000,1.0000,1.0000,0.0000,1.0000,0.9992,14,1
calibrated_learned_stack,combined_violation_shift,4,1.0000,1.0000,1.0000,1.0000,0.0000,1.0000,1.0000,0.0000,1.0000,0.9991,14,1
calibrated_learned_stack,combined_violation_shift,5,1.0000,1.0000,1.0000,1.0000,0.0000,1.0000,1.0000,0.0000,1.0000,0.9992,14,1
calibrated_learned_stack,combined_violation_shift,6,1.0000,1.0000,1.0000,1.0000,0.0000,1.0000,1.0000,0.0000,1.0000,0.9992,14,1
calibrated_learned_stack,combined_violation_shift,7,1.0000,1.0000,1.0000,1.0000,0.0000,1.0000,1.0000,0.0000,1.0000,0.9991,14,1
calibrated_learned_stack,contact_corruption,0,1.0000,1.0000,1.0000,1.0000,0.0000,1.0000,1.0000,0.0000,1.0000,0.9988,14,1
calibrated_learned_stack,contact_corruption,1,1.0000,1.0000,1.0000,1.0000,0.0000,1.0000,1.0000,0.0000,1.0000,0.9988,14,1
calibrated_learned_stack,contact_corruption,2,1.0000,1.0000,1.0000,1.0000,0.0000,1.0000,1.0000,0.0000,1.0000,0.9988,14,1
calibrated_learned_stack,contact_corruption,3,1.0000,1.0000,1.0000,1.0000,0.0000,1.0000,1.0000,0.0000,1.0000,0.9988,14,1
calibrated_learned_stack,contact_corruption,4,1.0000,1.0000,1.0000,1.0000,0.0000,1.0000,1.0000,0.0000,1.0000,0.9988,14,1
calibrated_learned_stack,contact_corruption,5,1.0000,1.0000,1.0000,1.0000,0.0000,1.0000,1.0000,0.0000,1.0000,0.9988,14,1
calibrated_learned_stack,contact_corruption,6,1.0000,1.0000,1.0000,1.0000,0.0000,1.0000,1.0000,0.0000,1.0000,0.9988,14,1
calibrated_learned_stack,contact_corruption,7,1.0000,1.0000,1.0000,1.0000,0.0000,1.0000,1.0000,0.0000,1.0000,0.9988,14,1
calibrated_learned_stack,energy_work_corruption,0,1.0000,1.0000,1.0000,1.0000,0.0000,1.0000,1.0000,0.0000,1.0000,0.9937,14,1
calibrated_learned_stack,energy_work_corruption,1,1.0000,1.0000,1.0000,1.0000,0.0000,1.0000,1.0000,0.0000,1.0000,0.9937,14,1
calibrated_learned_stack,energy_work_corruption,2,1.0000,1.0000,1.0000,1.0000,0.0000,1.0000,1.0000,0.0000,1.0000,0.9939,14,1
calibrated_learned_stack,energy_work_corruption,3,1.0000,1.0000,1.0000,1.0000,0.0000,1.0000,1.0000,0.0000,1.0000,0.9935,14,1
calibrated_learned_stack,energy_work_corruption,4,1.0000,1.0000,1.0000,1.0000,0.0000,1.0000,1.0000,0.0000,1.0000,0.9934,14,1
calibrated_learned_stack,energy_work_corruption,5,1.0000,1.0000,1.0000,1.0000,0.0000,1.0000,1.0000,0.0000,1.0000,0.9934,14,1
calibrated_learned_stack,energy_work_corruption,6,1.0000,1.0000,1.0000,1.0000,0.0000,1.0000,1.0000,0.0000,1.0000,0.9940,14,1
calibrated_learned_stack,energy_work_corruption,7,1.0000,1.0000,1.0000,1.0000,0.0000,1.0000,1.0000,0.0000,1.0000,0.9935,14,1
calibrated_learned_stack,mixed_near_threshold,0,1.0000,1.0000,1.0000,1.0000,0.0000,1.0000,1.0000,0.0000,1.0000,0.9923,14,1
calibrated_learned_stack,mixed_near_threshold,1,1.0000,1.0000,1.0000,1.0000,0.0000,1.0000,1.0000,0.0000,1.0000,0.9927,14,1
calibrated_learned_stack,mixed_near_threshold,2,1.0000,1.0000,1.0000,1.0000,0.0000,1.0000,1.0000,0.0000,1.0000,0.9933,14,1
calibrated_learned_stack,mixed_near_threshold,3,1.0000,1.0000,1.0000,1.0000,0.0000,1.0000,1.0000,0.0000,1.0000,0.9925,14,1
calibrated_learned_stack,mixed_near_threshold,4,1.0000,1.0000,1.0000,1.0000,0.0000,1.0000,1.0000,0.0000,1.0000,0.9921,14,1
calibrated_learned_stack,mixed_near_threshold,5,1.0000,1.0000,1.0000,1.0000,0.0000,1.0000,1.0000,0.0000,1.0000,0.9923,14,1
calibrated_learned_stack,mixed_near_threshold,6,1.0000,1.0000,1.0000,1.0000,0.0000,1.0000,1.0000,0.0000,1.0000,0.9928,14,1
calibrated_learned_stack,mixed_near_threshold,7,1.0000,1.0000,1.0000,1.0000,0.0000,1.0000,1.0000,0.0000,1.0000,0.9924,14,1
calibrated_learned_stack,nominal_valid,0,0.0000,0.0000,0.0000,0.7857,0.2143,0.2143,0.0000,0.0000,0.0000,0.0135,14,1
calibrated_learned_stack,nominal_valid,1,0.0000,0.0000,0.0000,1.0000,0.0000,0.0000,0.0000,0.0000,0.0000,0.0094,14,1
calibrated_learned_stack,nominal_valid,2,0.0000,0.0000,0.0000,0.9286,0.0714,0.0714,0.0000,0.0000,0.0000,0.0703,14,1
calibrated_learned_stack,nominal_valid,3,0.0000,0.0000,0.0000,1.0000,0.0000,0.0000,0.0000,0.0000,0.0000,0.0069,14,1
calibrated_learned_stack,nominal_valid,4,0.0000,0.0000,0.0000,0.9286,0.0714,0.0714,0.0000,0.0000,0.0000,0.0395,14,1
calibrated_learned_stack,nominal_valid,5,0.0000,0.0000,0.0000,1.0000,0.0000,0.0000,0.0000,0.0000,0.0000,0.0063,14,1
calibrated_learned_stack,nominal_valid,6,0.0000,0.0000,0.0000,1.0000,0.0000,0.0000,0.0000,0.0000,0.0000,0.0081,14,1
calibrated_learned_stack,nominal_valid,7,0.0000,0.0000,0.0000,0.9286,0.0714,0.0714,0.0000,0.0000,0.0000,0.0617,14,1
calibrated_learned_stack,noncausal_teleport,0,1.0000,1.0000,1.0000,1.0000,0.0000,1.0000,1.0000,0.0000,1.0000,0.9944,14,1
calibrated_learned_stack,noncausal_teleport,1,1.0000,1.0000,1.0000,1.0000,0.0000,1.0000,1.0000,0.0000,1.0000,0.9946,14,1
calibrated_learned_stack,noncausal_teleport,2,1.0000,1.0000,1.0000,1.0000,0.0000,1.0000,1.0000,0.0000,1.0000,0.9947,14,1
calibrated_learned_stack,noncausal_teleport,3,1.0000,1.0000,1.0000,1.0000,0.0000,1.0000,1.0000,0.0000,1.0000,0.9945,14,1
calibrated_learned_stack,noncausal_teleport,4,1.0000,1.0000,1.0000,1.0000,0.0000,1.0000,1.0000,0.0000,1.0000,0.9942,14,1
calibrated_learned_stack,noncausal_teleport,5,1.0000,1.0000,1.0000,1.0000,0.0000,1.0000,1.0000,0.0000,1.0000,0.9939,14,1
calibrated_learned_stack,noncausal_teleport,6,1.0000,1.0000,1.0000,1.0000,0.0000,1.0000,1.0000,0.0000,1.0000,0.9944,14,1
calibrated_learned_stack,noncausal_teleport,7,1.0000,1.0000,1.0000,1.0000,0.0000,1.0000,1.0000,0.0000,1.0000,0.9944,14,1
calibrated_learned_stack,rare_valid_bounce,0,0.0000,0.0000,0.0000,0.5714,0.4286,0.4286,0.0000,0.0000,0.0000,0.2837,14,1
calibrated_learned_stack,rare_valid_bounce,1,0.0000,0.0000,0.0000,0.9286,0.0714,0.0714,0.0000,0.0000,0.0000,0.0122,14,1
calibrated_learned_stack,rare_valid_bounce,2,0.0000,0.0000,0.0000,0.7143,0.2857,0.2857,0.0000,0.0000,0.0000,0.0855,14,1
calibrated_learned_stack,rare_valid_bounce,3,0.0000,0.0000,0.0000,0.8571,0.1429,0.1429,0.0000,0.0000,0.0000,0.0841,14,1
calibrated_learned_stack,rare_valid_bounce,4,0.0000,0.0000,0.0000,0.8571,0.1429,0.1429,0.0000,0.0000,0.0000,0.1395,14,1
calibrated_learned_stack,rare_valid_bounce,5,0.0000,0.0000,0.0000,0.8571,0.1429,0.1429,0.0000,0.0000,0.0000,0.1496,14,1
calibrated_learned_stack,rare_valid_bounce,6,0.0000,0.0000,0.0000,0.7857,0.2143,0.2143,0.0000,0.0000,0.0000,0.0793,14,1
calibrated_learned_stack,rare_valid_bounce,7,0.0000,0.0000,0.0000,0.7143,0.2857,0.2857,0.0000,0.0000,0.0000,0.2153,14,1
calibrated_learned_stack,subtle_contact_corruption,0,1.0000,1.0000,1.0000,1.0000,0.0000,1.0000,1.0000,0.0000,1.0000,0.9949,14,1
calibrated_learned_stack,subtle_contact_corruption,1,1.0000,1.0000,1.0000,1.0000,0.0000,1.0000,1.0000,0.0000,1.0000,0.9951,14,1
calibrated_learned_stack,subtle_contact_corruption,2,1.0000,1.0000,1.0000,1.0000,0.0000,1.0000,1.0000,0.0000,1.0000,0.9951,14,1
calibrated_learned_stack,subtle_contact_corruption,3,1.0000,1.0000,1.0000,1.0000,0.0000,1.0000,1.0000,0.0000,1.0000,0.9950,14,1
calibrated_learned_stack,subtle_contact_corruption,4,1.0000,1.0000,1.0000,1.0000,0.0000,1.0000,1.0000,0.0000,1.0000,0.9948,14,1
calibrated_learned_stack,subtle_contact_corruption,5,1.0000,1.0000,1.0000,1.0000,0.0000,1.0000,1.0000,0.0000,1.0000,0.9950,14,1
calibrated_learned_stack,subtle_contact_corruption,6,1.0000,1.0000,1.0000,1.0000,0.0000,1.0000,1.0000,0.0000,1.0000,0.9951,14,1
calibrated_learned_stack,subtle_contact_corruption,7,1.0000,1.0000,1.0000,1.0000,0.0000,1.0000,1.0000,0.0000,1.0000,0.9949,14,1
calibrated_learned_stack,subtle_energy_corruption,0,1.0000,1.0000,1.0000,1.0000,0.0000,1.0000,1.0000,0.0000,1.0000,0.9794,14,1
calibrated_learned_stack,subtle_energy_corruption,1,1.0000,1.0000,1.0000,1.0000,0.0000,1.0000,1.0000,0.0000,1.0000,0.9792,14,1
calibrated_learned_stack,subtle_energy_corruption,2,1.0000,1.0000,1.0000,1.0000,0.0000,1.0000,1.0000,0.0000,1.0000,0.9793,14,1
calibrated_learned_stack,subtle_energy_corruption,3,1.0000,1.0000,1.0000,1.0000,0.0000,1.0000,1.0000,0.0000,1.0000,0.9743,14,1
calibrated_learned_stack,subtle_energy_corruption,4,1.0000,1.0000,1.0000,1.0000,0.0000,1.0000,1.0000,0.0000,1.0000,0.9725,14,1
calibrated_learned_stack,subtle_energy_corruption,5,1.0000,1.0000,1.0000,1.0000,0.0000,1.0000,1.0000,0.0000,1.0000,0.9750,14,1
calibrated_learned_stack,subtle_energy_corruption,6,1.0000,1.0000,1.0000,1.0000,0.0000,1.0000,1.0000,0.0000,1.0000,0.9812,14,1
calibrated_learned_stack,subtle_energy_corruption,7,1.0000,1.0000,1.0000,1.0000,0.0000,1.0000,1.0000,0.0000,1.0000,0.9755,14,1
calibrated_learned_stack,support_levitation,0,1.0000,1.0000,1.0000,1.0000,0.0000,1.0000,1.0000,0.0000,1.0000,0.9956,14,1
calibrated_learned_stack,support_levitation,1,1.0000,1.0000,1.0000,1.0000,0.0000,1.0000,1.0000,0.0000,1.0000,0.9959,14,1
calibrated_learned_stack,support_levitation,2,1.0000,1.0000,1.0000,1.0000,0.0000,1.0000,1.0000,0.0000,1.0000,0.9961,14,1
calibrated_learned_stack,support_levitation,3,1.0000,1.0000,1.0000,1.0000,0.0000,1.0000,1.0000,0.0000,1.0000,0.9957,14,1
calibrated_learned_stack,support_levitation,4,1.0000,1.0000,1.0000,1.0000,0.0000,1.0000,1.0000,0.0000,1.0000,0.9956,14,1
calibrated_learned_stack,support_levitation,5,1.0000,1.0000,1.0000,1.0000,0.0000,1.0000,1.0000,0.0000,1.0000,0.9955,14,1
calibrated_learned_stack,support_levitation,6,1.0000,1.0000,1.0000,1.0000,0.0000,1.0000,1.0000,0.0000,1.0000,0.9959,14,1
calibrated_learned_stack,support_levitation,7,1.0000,1.0000,1.0000,1.0000,0.0000,1.0000,1.0000,0.0000,1.0000,0.9956,14,1
calibrated_learned_stack,timestamp_noncausal_corruption,0,1.0000,1.0000,1.0000,1.0000,0.0000,1.0000,1.0000,0.0000,1.0000,0.9912,14,1
calibrated_learned_stack,timestamp_noncausal_corruption,1,1.0000,1.0000,1.0000,1.0000,0.0000,1.0000,1.0000,0.0000,1.0000,0.9910,14,1
calibrated_learned_stack,timestamp_noncausal_corruption,2,1.0000,1.0000,1.0000,1.0000,0.0000,1.0000,1.0000,0.0000,1.0000,0.9913,14,1
calibrated_learned_stack,timestamp_noncausal_corruption,3,1.0000,1.0000,1.0000,1.0000,0.0000,1.0000,1.0000,0.0000,1.0000,0.9911,14,1
calibrated_learned_stack,timestamp_noncausal_corruption,4,1.0000,1.0000,1.0000,1.0000,0.0000,1.0000,1.0000,0.0000,1.0000,0.9913,14,1
calibrated_learned_stack,timestamp_noncausal_corruption,5,1.0000,1.0000,1.0000,1.0000,0.0000,1.0000,1.0000,0.0000,1.0000,0.9905,14,1
calibrated_learned_stack,timestamp_noncausal_corruption,6,1.0000,1.0000,1.0000,1.0000,0.0000,1.0000,1.0000,0.0000,1.0000,0.9912,14,1
calibrated_learned_stack,timestamp_noncausal_corruption,7,1.0000,1.0000,1.0000,1.0000,0.0000,1.0000,1.0000,0.0000,1.0000,0.9918,14,1
calibrated_learned_stack,valid_clock_skew,0,0.0000,0.0000,0.0000,0.8571,0.1429,0.1429,0.0000,0.0000,0.0000,0.0609,14,1
calibrated_learned_stack,valid_clock_skew,1,0.0000,0.0000,0.0000,0.7857,0.2143,0.2143,0.0000,0.0000,0.0000,0.0167,14,1
calibrated_learned_stack,valid_clock_skew,2,0.0000,0.0000,0.0000,1.0000,0.0000,0.0000,0.0000,0.0000,0.0000,0.0055,14,1
calibrated_learned_stack,valid_clock_skew,3,0.0000,0.0000,0.0000,1.0000,0.0000,0.0000,0.0000,0.0000,0.0000,0.0098,14,1
calibrated_learned_stack,valid_clock_skew,4,0.0000,0.0000,0.0000,0.9286,0.0714,0.0714,0.0000,0.0000,0.0000,0.0094,14,1
calibrated_learned_stack,valid_clock_skew,5,0.0000,0.0000,0.0000,1.0000,0.0000,0.0000,0.0000,0.0000,0.0000,0.0080,14,1
calibrated_learned_stack,valid_clock_skew,6,0.0000,0.0000,0.0000,1.0000,0.0000,0.0000,0.0000,0.0000,0.0000,0.0102,14,1
calibrated_learned_stack,valid_clock_skew,7,0.0000,0.0000,0.0000,1.0000,0.0000,0.0000,0.0000,0.0000,0.0000,0.0076,14,1
calibrated_learned_stack,valid_low_friction_slip,0,0.0000,0.0000,0.0000,1.0000,0.0000,0.0000,0.0000,0.0000,0.0000,0.0037,14,1
calibrated_learned_stack,valid_low_friction_slip,1,0.0000,0.0000,0.0000,1.0000,0.0000,0.0000,0.0000,0.0000,0.0000,0.0036,14,1
calibrated_learned_stack,valid_low_friction_slip,2,0.0000,0.0000,0.0000,1.0000,0.0000,0.0000,0.0000,0.0000,0.0000,0.0036,14,1
calibrated_learned_stack,valid_low_friction_slip,3,0.0000,0.0000,0.0000,1.0000,0.0000,0.0000,0.0000,0.0000,0.0000,0.0042,14,1
calibrated_learned_stack,valid_low_friction_slip,4,0.0000,0.0000,0.0000,1.0000,0.0000,0.0000,0.0000,0.0000,0.0000,0.0039,14,1
calibrated_learned_stack,valid_low_friction_slip,5,0.0000,0.0000,0.0000,1.0000,0.0000,0.0000,0.0000,0.0000,0.0000,0.0041,14,1
calibrated_learned_stack,valid_low_friction_slip,6,0.0000,0.0000,0.0000,1.0000,0.0000,0.0000,0.0000,0.0000,0.0000,0.0037,14,1
calibrated_learned_stack,valid_low_friction_slip,7,0.0000,0.0000,0.0000,1.0000,0.0000,0.0000,0.0000,0.0000,0.0000,0.0037,14,1
conformal_residual_ensemble,actuator_saturation,0,1.0000,0.7857,0.8800,0.7857,0.0000,0.7857,1.0000,0.0000,1.0000,1.5195,14,1
conformal_residual_ensemble,actuator_saturation,1,1.0000,0.7143,0.8333,0.7143,0.0000,0.7143,1.0000,0.0000,1.0000,1.4724,14,1
conformal_residual_ensemble,actuator_saturation,2,1.0000,0.7143,0.8333,0.7143,0.0000,0.7143,1.0000,0.0000,1.0000,1.4970,14,1
conformal_residual_ensemble,actuator_saturation,3,1.0000,0.6429,0.7826,0.6429,0.0000,0.6429,1.0000,0.0000,1.0000,1.4980,14,1
conformal_residual_ensemble,actuator_saturation,4,1.0000,0.4286,0.6000,0.4286,0.0000,0.4286,1.0000,0.0000,1.0000,1.4733,14,1
conformal_residual_ensemble,actuator_saturation,5,1.0000,0.6429,0.7826,0.6429,0.0000,0.6429,1.0000,0.0000,1.0000,1.5536,14,1
conformal_residual_ensemble,actuator_saturation,6,1.0000,0.7857,0.8800,0.7857,0.0000,0.7857,1.0000,0.0000,1.0000,1.4672,14,1
conformal_residual_ensemble,actuator_saturation,7,1.0000,0.4286,0.6000,0.4286,0.0000,0.4286,1.0000,0.0000,1.0000,1.4372,14,1
conformal_residual_ensemble,adversarial_compensated_violation,0,1.0000,1.0000,1.0000,1.0000,0.0000,1.0000,1.0000,0.0000,1.0000,5.0452,14,1
conformal_residual_ensemble,adversarial_compensated_violation,1,1.0000,1.0000,1.0000,1.0000,0.0000,1.0000,1.0000,0.0000,1.0000,4.7732,14,1
conformal_residual_ensemble,adversarial_compensated_violation,2,1.0000,1.0000,1.0000,1.0000,0.0000,1.0000,1.0000,0.0000,1.0000,4.8323,14,1
conformal_residual_ensemble,adversarial_compensated_violation,3,1.0000,1.0000,1.0000,1.0000,0.0000,1.0000,1.0000,0.0000,1.0000,4.7189,14,1
conformal_residual_ensemble,adversarial_compensated_violation,4,1.0000,1.0000,1.0000,1.0000,0.0000,1.0000,1.0000,0.0000,1.0000,4.7592,14,1
conformal_residual_ensemble,adversarial_compensated_violation,5,1.0000,1.0000,1.0000,1.0000,0.0000,1.0000,1.0000,0.0000,1.0000,4.7920,14,1
conformal_residual_ensemble,adversarial_compensated_violation,6,1.0000,1.0000,1.0000,1.0000,0.0000,1.0000,1.0000,0.0000,1.0000,4.7145,14,1
conformal_residual_ensemble,adversarial_compensated_violation,7,1.0000,1.0000,1.0000,1.0000,0.0000,1.0000,1.0000,0.0000,1.0000,4.7919,14,1
conformal_residual_ensemble,combined_violation_shift,0,1.0000,1.0000,1.0000,1.0000,0.0000,1.0000,1.0000,0.0000,1.0000,2173912.5252,14,1
conformal_residual_ensemble,combined_violation_shift,1,1.0000,1.0000,1.0000,1.0000,0.0000,1.0000,1.0000,0.0000,1.0000,2173912.5252,14,1
conformal_residual_ensemble,combined_violation_shift,2,1.0000,1.0000,1.0000,1.0000,0.0000,1.0000,1.0000,0.0000,1.0000,2173912.5252,14,1
conformal_residual_ensemble,combined_violation_shift,3,1.0000,1.0000,1.0000,1.0000,0.0000,1.0000,1.0000,0.0000,1.0000,2173912.5252,14,1
conformal_residual_ensemble,combined_violation_shift,4,1.0000,1.0000,1.0000,1.0000,0.0000,1.0000,1.0000,0.0000,1.0000,2173912.5252,14,1
conformal_residual_ensemble,combined_violation_shift,5,1.0000,1.0000,1.0000,1.0000,0.0000,1.0000,1.0000,0.0000,1.0000,2173912.5252,14,1
conformal_residual_ensemble,combined_violation_shift,6,1.0000,1.0000,1.0000,1.0000,0.0000,1.0000,1.0000,0.0000,1.0000,2173912.5252,14,1
conformal_residual_ensemble,combined_violation_shift,7,1.0000,1.0000,1.0000,1.0000,0.0000,1.0000,1.0000,0.0000,1.0000,2173912.5252,14,1
conformal_residual_ensemble,contact_corruption,0,1.0000,1.0000,1.0000,1.0000,0.0000,1.0000,1.0000,0.0000,1.0000,36.1721,14,1
conformal_residual_ensemble,contact_corruption,1,1.0000,1.0000,1.0000,1.0000,0.0000,1.0000,1.0000,0.0000,1.0000,36.1605,14,1
conformal_residual_ensemble,contact_corruption,2,1.0000,1.0000,1.0000,1.0000,0.0000,1.0000,1.0000,0.0000,1.0000,36.2420,14,1
conformal_residual_ensemble,contact_corruption,3,1.0000,1.0000,1.0000,1.0000,0.0000,1.0000,1.0000,0.0000,1.0000,36.1809,14,1
conformal_residual_ensemble,contact_corruption,4,1.0000,1.0000,1.0000,1.0000,0.0000,1.0000,1.0000,0.0000,1.0000,36.2328,14,1
conformal_residual_ensemble,contact_corruption,5,1.0000,1.0000,1.0000,1.0000,0.0000,1.0000,1.0000,0.0000,1.0000,36.1219,14,1
conformal_residual_ensemble,contact_corruption,6,1.0000,1.0000,1.0000,1.0000,0.0000,1.0000,1.0000,0.0000,1.0000,36.1665,14,1
conformal_residual_ensemble,contact_corruption,7,1.0000,1.0000,1.0000,1.0000,0.0000,1.0000,1.0000,0.0000,1.0000,36.1722,14,1
conformal_residual_ensemble,energy_work_corruption,0,1.0000,1.0000,1.0000,1.0000,0.0000,1.0000,1.0000,0.0000,1.0000,2.4387,14,1
conformal_residual_ensemble,energy_work_corruption,1,1.0000,1.0000,1.0000,1.0000,0.0000,1.0000,1.0000,0.0000,1.0000,2.2862,14,1
conformal_residual_ensemble,energy_work_corruption,2,1.0000,1.0000,1.0000,1.0000,0.0000,1.0000,1.0000,0.0000,1.0000,2.3122,14,1
conformal_residual_ensemble,energy_work_corruption,3,1.0000,1.0000,1.0000,1.0000,0.0000,1.0000,1.0000,0.0000,1.0000,2.3812,14,1
conformal_residual_ensemble,energy_work_corruption,4,1.0000,1.0000,1.0000,1.0000,0.0000,1.0000,1.0000,0.0000,1.0000,2.4778,14,1
conformal_residual_ensemble,energy_work_corruption,5,1.0000,1.0000,1.0000,1.0000,0.0000,1.0000,1.0000,0.0000,1.0000,2.2171,14,1
conformal_residual_ensemble,energy_work_corruption,6,1.0000,1.0000,1.0000,1.0000,0.0000,1.0000,1.0000,0.0000,1.0000,2.2901,14,1
conformal_residual_ensemble,energy_work_corruption,7,1.0000,1.0000,1.0000,1.0000,0.0000,1.0000,1.0000,0.0000,1.0000,2.6635,14,1
conformal_residual_ensemble,mixed_near_threshold,0,0.0000,0.0000,0.0000,0.0000,0.0000,0.0000,1.0000,0.0000,1.0000,1.3148,14,1
conformal_residual_ensemble,mixed_near_threshold,1,0.0000,0.0000,0.0000,0.0000,0.0000,0.0000,1.0000,0.0000,1.0000,1.3336,14,1
conformal_residual_ensemble,mixed_near_threshold,2,0.0000,0.0000,0.0000,0.0000,0.0000,0.0000,1.0000,0.0000,1.0000,1.3554,14,1
conformal_residual_ensemble,mixed_near_threshold,3,0.0000,0.0000,0.0000,0.0000,0.0000,0.0000,1.0000,0.0000,1.0000,1.3011,14,1
conformal_residual_ensemble,mixed_near_threshold,4,0.0000,0.0000,0.0000,0.0000,0.0000,0.0000,1.0000,0.0000,1.0000,1.3242,14,1
conformal_residual_ensemble,mixed_near_threshold,5,0.0000,0.0000,0.0000,0.0000,0.0000,0.0000,1.0000,0.0000,1.0000,1.3318,14,1
conformal_residual_ensemble,mixed_near_threshold,6,0.0000,0.0000,0.0000,0.0000,0.0000,0.0000,1.0000,0.0000,1.0000,1.3204,14,1
conformal_residual_ensemble,mixed_near_threshold,7,0.0000,0.0000,0.0000,0.0000,0.0000,0.0000,1.0000,0.0000,1.0000,1.3255,14,1
conformal_residual_ensemble,nominal_valid,0,0.0000,0.0000,0.0000,1.0000,0.0000,0.0000,0.0000,0.0000,0.0000,0.5707,14,1
conformal_residual_ensemble,nominal_valid,1,0.0000,0.0000,0.0000,1.0000,0.0000,0.0000,0.0000,0.0000,0.0000,0.5337,14,1
conformal_residual_ensemble,nominal_valid,2,0.0000,0.0000,0.0000,1.0000,0.0000,0.0000,0.0000,0.0000,0.0000,0.6285,14,1
conformal_residual_ensemble,nominal_valid,3,0.0000,0.0000,0.0000,1.0000,0.0000,0.0000,0.0000,0.0000,0.0000,0.5339,14,1
conformal_residual_ensemble,nominal_valid,4,0.0000,0.0000,0.0000,1.0000,0.0000,0.0000,0.0000,0.0000,0.0000,0.6133,14,1
conformal_residual_ensemble,nominal_valid,5,0.0000,0.0000,0.0000,1.0000,0.0000,0.0000,0.0000,0.0000,0.0000,0.5677,14,1
conformal_residual_ensemble,nominal_valid,6,0.0000,0.0000,0.0000,1.0000,0.0000,0.0000,0.0000,0.0000,0.0000,0.5553,14,1
conformal_residual_ensemble,nominal_valid,7,0.0000,0.0000,0.0000,1.0000,0.0000,0.0000,0.0000,0.0000,0.0000,0.5905,14,1
conformal_residual_ensemble,noncausal_teleport,0,1.0000,1.0000,1.0000,1.0000,0.0000,1.0000,1.0000,0.0000,1.0000,2.6434,14,1
conformal_residual_ensemble,noncausal_teleport,1,1.0000,1.0000,1.0000,1.0000,0.0000,1.0000,1.0000,0.0000,1.0000,2.5258,14,1
conformal_residual_ensemble,noncausal_teleport,2,1.0000,1.0000,1.0000,1.0000,0.0000,1.0000,1.0000,0.0000,1.0000,2.5368,14,1
conformal_residual_ensemble,noncausal_teleport,3,1.0000,1.0000,1.0000,1.0000,0.0000,1.0000,1.0000,0.0000,1.0000,2.4875,14,1
conformal_residual_ensemble,noncausal_teleport,4,1.0000,1.0000,1.0000,1.0000,0.0000,1.0000,1.0000,0.0000,1.0000,2.6720,14,1
conformal_residual_ensemble,noncausal_teleport,5,1.0000,1.0000,1.0000,1.0000,0.0000,1.0000,1.0000,0.0000,1.0000,2.6404,14,1
conformal_residual_ensemble,noncausal_teleport,6,1.0000,1.0000,1.0000,1.0000,0.0000,1.0000,1.0000,0.0000,1.0000,2.4061,14,1
conformal_residual_ensemble,noncausal_teleport,7,1.0000,1.0000,1.0000,1.0000,0.0000,1.0000,1.0000,0.0000,1.0000,2.4931,14,1
conformal_residual_ensemble,rare_valid_bounce,0,0.0000,0.0000,0.0000,0.7857,0.2143,0.2143,0.0000,0.0000,0.0000,1.1458,14,1
conformal_residual_ensemble,rare_valid_bounce,1,0.0000,0.0000,0.0000,1.0000,0.0000,0.0000,0.0000,0.0000,0.0000,0.9197,14,1
conformal_residual_ensemble,rare_valid_bounce,2,0.0000,0.0000,0.0000,0.8571,0.1429,0.1429,0.0000,0.0000,0.0000,1.1311,14,1
conformal_residual_ensemble,rare_valid_bounce,3,0.0000,0.0000,0.0000,1.0000,0.0000,0.0000,0.0000,0.0000,0.0000,1.0042,14,1
conformal_residual_ensemble,rare_valid_bounce,4,0.0000,0.0000,0.0000,0.8571,0.1429,0.1429,0.0000,0.0000,0.0000,1.0654,14,1
conformal_residual_ensemble,rare_valid_bounce,5,0.0000,0.0000,0.0000,0.8571,0.1429,0.1429,0.0000,0.0000,0.0000,1.1588,14,1
conformal_residual_ensemble,rare_valid_bounce,6,0.0000,0.0000,0.0000,0.8571,0.1429,0.1429,0.0000,0.0000,0.0000,1.1410,14,1
conformal_residual_ensemble,rare_valid_bounce,7,0.0000,0.0000,0.0000,0.7857,0.2143,0.2143,0.0000,0.0000,0.0000,1.1535,14,1
conformal_residual_ensemble,subtle_contact_corruption,0,1.0000,1.0000,1.0000,1.0000,0.0000,1.0000,1.0000,0.0000,1.0000,13.6863,14,1
conformal_residual_ensemble,subtle_contact_corruption,1,1.0000,1.0000,1.0000,1.0000,0.0000,1.0000,1.0000,0.0000,1.0000,13.6546,14,1
conformal_residual_ensemble,subtle_contact_corruption,2,1.0000,1.0000,1.0000,1.0000,0.0000,1.0000,1.0000,0.0000,1.0000,13.7856,14,1
conformal_residual_ensemble,subtle_contact_corruption,3,1.0000,1.0000,1.0000,1.0000,0.0000,1.0000,1.0000,0.0000,1.0000,13.6191,14,1
conformal_residual_ensemble,subtle_contact_corruption,4,1.0000,1.0000,1.0000,1.0000,0.0000,1.0000,1.0000,0.0000,1.0000,13.6501,14,1
conformal_residual_ensemble,subtle_contact_corruption,5,1.0000,1.0000,1.0000,1.0000,0.0000,1.0000,1.0000,0.0000,1.0000,13.5995,14,1
conformal_residual_ensemble,subtle_contact_corruption,6,1.0000,1.0000,1.0000,1.0000,0.0000,1.0000,1.0000,0.0000,1.0000,13.7340,14,1
conformal_residual_ensemble,subtle_contact_corruption,7,1.0000,1.0000,1.0000,1.0000,0.0000,1.0000,1.0000,0.0000,1.0000,13.6834,14,1
conformal_residual_ensemble,subtle_energy_corruption,0,0.0000,0.0000,0.0000,0.0000,0.0000,0.0000,1.0000,0.0000,1.0000,0.7384,14,1
conformal_residual_ensemble,subtle_energy_corruption,1,0.0000,0.0000,0.0000,0.0000,0.0000,0.0000,1.0000,0.0000,1.0000,0.7346,14,1
conformal_residual_ensemble,subtle_energy_corruption,2,0.0000,0.0000,0.0000,0.0000,0.0000,0.0000,1.0000,0.0000,1.0000,0.7679,14,1
conformal_residual_ensemble,subtle_energy_corruption,3,0.0000,0.0000,0.0000,0.0000,0.0000,0.0000,1.0000,0.0000,1.0000,0.7146,14,1
conformal_residual_ensemble,subtle_energy_corruption,4,0.0000,0.0000,0.0000,0.0000,0.0000,0.0000,1.0000,0.0000,1.0000,0.7143,14,1
conformal_residual_ensemble,subtle_energy_corruption,5,0.0000,0.0000,0.0000,0.0000,0.0000,0.0000,1.0000,0.0000,1.0000,0.7267,14,1
conformal_residual_ensemble,subtle_energy_corruption,6,0.0000,0.0000,0.0000,0.0000,0.0000,0.0000,1.0000,0.0000,1.0000,0.7429,14,1
conformal_residual_ensemble,subtle_energy_corruption,7,0.0000,0.0000,0.0000,0.0000,0.0000,0.0000,1.0000,0.0000,1.0000,0.7788,14,1
conformal_residual_ensemble,support_levitation,0,1.0000,1.0000,1.0000,1.0000,0.0000,1.0000,1.0000,0.0000,1.0000,2173912.5252,14,1
conformal_residual_ensemble,support_levitation,1,1.0000,1.0000,1.0000,1.0000,0.0000,1.0000,1.0000,0.0000,1.0000,2173912.5252,14,1
conformal_residual_ensemble,support_levitation,2,1.0000,1.0000,1.0000,1.0000,0.0000,1.0000,1.0000,0.0000,1.0000,2173912.5252,14,1
conformal_residual_ensemble,support_levitation,3,1.0000,1.0000,1.0000,1.0000,0.0000,1.0000,1.0000,0.0000,1.0000,2173912.5252,14,1
conformal_residual_ensemble,support_levitation,4,1.0000,1.0000,1.0000,1.0000,0.0000,1.0000,1.0000,0.0000,1.0000,2173912.5252,14,1
conformal_residual_ensemble,support_levitation,5,1.0000,1.0000,1.0000,1.0000,0.0000,1.0000,1.0000,0.0000,1.0000,2173912.5252,14,1
conformal_residual_ensemble,support_levitation,6,1.0000,1.0000,1.0000,1.0000,0.0000,1.0000,1.0000,0.0000,1.0000,2173912.5252,14,1
conformal_residual_ensemble,support_levitation,7,1.0000,1.0000,1.0000,1.0000,0.0000,1.0000,1.0000,0.0000,1.0000,2173912.5252,14,1
conformal_residual_ensemble,timestamp_noncausal_corruption,0,1.0000,0.6429,0.7826,0.6429,0.0000,0.6429,1.0000,0.0000,1.0000,1.5213,14,1
conformal_residual_ensemble,timestamp_noncausal_corruption,1,1.0000,0.2857,0.4444,0.2857,0.0000,0.2857,1.0000,0.0000,1.0000,1.3930,14,1
conformal_residual_ensemble,timestamp_noncausal_corruption,2,1.0000,0.4286,0.6000,0.4286,0.0000,0.4286,1.0000,0.0000,1.0000,1.4373,14,1
conformal_residual_ensemble,timestamp_noncausal_corruption,3,1.0000,0.4286,0.6000,0.4286,0.0000,0.4286,1.0000,0.0000,1.0000,1.4264,14,1
conformal_residual_ensemble,timestamp_noncausal_corruption,4,1.0000,0.5714,0.7273,0.5714,0.0000,0.5714,1.0000,0.0000,1.0000,1.5488,14,1
conformal_residual_ensemble,timestamp_noncausal_corruption,5,1.0000,0.3571,0.5263,0.3571,0.0000,0.3571,1.0000,0.0000,1.0000,1.4626,14,1
conformal_residual_ensemble,timestamp_noncausal_corruption,6,1.0000,0.5000,0.6667,0.5000,0.0000,0.5000,1.0000,0.0000,1.0000,1.4257,14,1
conformal_residual_ensemble,timestamp_noncausal_corruption,7,1.0000,0.3571,0.5263,0.3571,0.0000,0.3571,1.0000,0.0000,1.0000,1.4359,14,1
conformal_residual_ensemble,valid_clock_skew,0,0.0000,0.0000,0.0000,1.0000,0.0000,0.0000,0.0000,0.0000,0.0000,0.5914,14,1
conformal_residual_ensemble,valid_clock_skew,1,0.0000,0.0000,0.0000,1.0000,0.0000,0.0000,0.0000,0.0000,0.0000,0.5752,14,1
conformal_residual_ensemble,valid_clock_skew,2,0.0000,0.0000,0.0000,1.0000,0.0000,0.0000,0.0000,0.0000,0.0000,0.5970,14,1
conformal_residual_ensemble,valid_clock_skew,3,0.0000,0.0000,0.0000,1.0000,0.0000,0.0000,0.0000,0.0000,0.0000,0.6008,14,1
conformal_residual_ensemble,valid_clock_skew,4,0.0000,0.0000,0.0000,1.0000,0.0000,0.0000,0.0000,0.0000,0.0000,0.5395,14,1
conformal_residual_ensemble,valid_clock_skew,5,0.0000,0.0000,0.0000,1.0000,0.0000,0.0000,0.0000,0.0000,0.0000,0.5739,14,1
conformal_residual_ensemble,valid_clock_skew,6,0.0000,0.0000,0.0000,1.0000,0.0000,0.0000,0.0000,0.0000,0.0000,0.5893,14,1
conformal_residual_ensemble,valid_clock_skew,7,0.0000,0.0000,0.0000,1.0000,0.0000,0.0000,0.0000,0.0000,0.0000,0.5188,14,1
conformal_residual_ensemble,valid_low_friction_slip,0,0.0000,0.0000,0.0000,1.0000,0.0000,0.0000,0.0000,0.0000,0.0000,0.8462,14,1
conformal_residual_ensemble,valid_low_friction_slip,1,0.0000,0.0000,0.0000,1.0000,0.0000,0.0000,0.0000,0.0000,0.0000,0.8910,14,1
conformal_residual_ensemble,valid_low_friction_slip,2,0.0000,0.0000,0.0000,1.0000,0.0000,0.0000,0.0000,0.0000,0.0000,0.8939,14,1
conformal_residual_ensemble,valid_low_friction_slip,3,0.0000,0.0000,0.0000,0.9286,0.0714,0.0714,0.0000,0.0000,0.0000,0.9399,14,1
conformal_residual_ensemble,valid_low_friction_slip,4,0.0000,0.0000,0.0000,1.0000,0.0000,0.0000,0.0000,0.0000,0.0000,0.9009,14,1
conformal_residual_ensemble,valid_low_friction_slip,5,0.0000,0.0000,0.0000,1.0000,0.0000,0.0000,0.0000,0.0000,0.0000,0.9594,14,1
conformal_residual_ensemble,valid_low_friction_slip,6,0.0000,0.0000,0.0000,1.0000,0.0000,0.0000,0.0000,0.0000,0.0000,0.9157,14,1
conformal_residual_ensemble,valid_low_friction_slip,7,0.0000,0.0000,0.0000,1.0000,0.0000,0.0000,0.0000,0.0000,0.0000,0.8822,14,1
contact_impulse_threshold,actuator_saturation,0,0.0000,0.0000,0.0000,0.0000,0.0000,0.0000,1.0000,0.0000,1.0000,0.0161,14,1
contact_impulse_threshold,actuator_saturation,1,0.0000,0.0000,0.0000,0.0000,0.0000,0.0000,1.0000,0.0000,1.0000,0.0147,14,1
contact_impulse_threshold,actuator_saturation,2,1.0000,0.0714,0.1333,0.0714,0.0000,0.0714,1.0000,0.0000,1.0000,0.0259,14,1
contact_impulse_threshold,actuator_saturation,3,0.0000,0.0000,0.0000,0.0000,0.0000,0.0000,1.0000,0.0000,1.0000,0.0149,14,1
contact_impulse_threshold,actuator_saturation,4,0.0000,0.0000,0.0000,0.0000,0.0000,0.0000,1.0000,0.0000,1.0000,0.0165,14,1
contact_impulse_threshold,actuator_saturation,5,0.0000,0.0000,0.0000,0.0000,0.0000,0.0000,1.0000,0.0000,1.0000,0.0114,14,1
contact_impulse_threshold,actuator_saturation,6,0.0000,0.0000,0.0000,0.0000,0.0000,0.0000,1.0000,0.0000,1.0000,0.0148,14,1
contact_impulse_threshold,actuator_saturation,7,0.0000,0.0000,0.0000,0.0000,0.0000,0.0000,1.0000,0.0000,1.0000,0.0151,14,1
contact_impulse_threshold,adversarial_compensated_violation,0,1.0000,1.0000,1.0000,1.0000,0.0000,1.0000,1.0000,0.0000,1.0000,0.3644,14,1
contact_impulse_threshold,adversarial_compensated_violation,1,1.0000,1.0000,1.0000,1.0000,0.0000,1.0000,1.0000,0.0000,1.0000,0.3448,14,1
contact_impulse_threshold,adversarial_compensated_violation,2,1.0000,1.0000,1.0000,1.0000,0.0000,1.0000,1.0000,0.0000,1.0000,0.3491,14,1
contact_impulse_threshold,adversarial_compensated_violation,3,1.0000,1.0000,1.0000,1.0000,0.0000,1.0000,1.0000,0.0000,1.0000,0.3409,14,1
contact_impulse_threshold,adversarial_compensated_violation,4,1.0000,1.0000,1.0000,1.0000,0.0000,1.0000,1.0000,0.0000,1.0000,0.3438,14,1
contact_impulse_threshold,adversarial_compensated_violation,5,1.0000,1.0000,1.0000,1.0000,0.0000,1.0000,1.0000,0.0000,1.0000,0.3461,14,1
contact_impulse_threshold,adversarial_compensated_violation,6,1.0000,1.0000,1.0000,1.0000,0.0000,1.0000,1.0000,0.0000,1.0000,0.3405,14,1
contact_impulse_threshold,adversarial_compensated_violation,7,1.0000,1.0000,1.0000,1.0000,0.0000,1.0000,1.0000,0.0000,1.0000,0.3461,14,1
contact_impulse_threshold,combined_violation_shift,0,0.0000,0.0000,0.0000,0.0000,0.0000,0.0000,1.0000,0.0000,1.0000,0.0161,14,1
contact_impulse_threshold,combined_violation_shift,1,0.0000,0.0000,0.0000,0.0000,0.0000,0.0000,1.0000,0.0000,1.0000,0.0175,14,1
contact_impulse_threshold,combined_violation_shift,2,0.0000,0.0000,0.0000,0.0000,0.0000,0.0000,1.0000,0.0000,1.0000,0.0222,14,1
contact_impulse_threshold,combined_violation_shift,3,0.0000,0.0000,0.0000,0.0000,0.0000,0.0000,1.0000,0.0000,1.0000,0.0137,14,1
contact_impulse_threshold,combined_violation_shift,4,0.0000,0.0000,0.0000,0.0000,0.0000,0.0000,1.0000,0.0000,1.0000,0.0189,14,1
contact_impulse_threshold,combined_violation_shift,5,0.0000,0.0000,0.0000,0.0000,0.0000,0.0000,1.0000,0.0000,1.0000,0.0149,14,1
contact_impulse_threshold,combined_violation_shift,6,0.0000,0.0000,0.0000,0.0000,0.0000,0.0000,1.0000,0.0000,1.0000,0.0171,14,1
contact_impulse_threshold,combined_violation_shift,7,0.0000,0.0000,0.0000,0.0000,0.0000,0.0000,1.0000,0.0000,1.0000,0.0155,14,1
contact_impulse_threshold,contact_corruption,0,1.0000,1.0000,1.0000,1.0000,0.0000,1.0000,1.0000,0.0000,1.0000,2.6129,14,1
contact_impulse_threshold,contact_corruption,1,1.0000,1.0000,1.0000,1.0000,0.0000,1.0000,1.0000,0.0000,1.0000,2.6121,14,1
contact_impulse_threshold,contact_corruption,2,1.0000,1.0000,1.0000,1.0000,0.0000,1.0000,1.0000,0.0000,1.0000,2.6179,14,1
contact_impulse_threshold,contact_corruption,3,1.0000,1.0000,1.0000,1.0000,0.0000,1.0000,1.0000,0.0000,1.0000,2.6135,14,1
contact_impulse_threshold,contact_corruption,4,1.0000,1.0000,1.0000,1.0000,0.0000,1.0000,1.0000,0.0000,1.0000,2.6173,14,1
contact_impulse_threshold,contact_corruption,5,1.0000,1.0000,1.0000,1.0000,0.0000,1.0000,1.0000,0.0000,1.0000,2.6093,14,1
contact_impulse_threshold,contact_corruption,6,1.0000,1.0000,1.0000,1.0000,0.0000,1.0000,1.0000,0.0000,1.0000,2.6125,14,1
contact_impulse_threshold,contact_corruption,7,1.0000,1.0000,1.0000,1.0000,0.0000,1.0000,1.0000,0.0000,1.0000,2.6129,14,1
contact_impulse_threshold,energy_work_corruption,0,0.0000,0.0000,0.0000,0.0000,0.0000,0.0000,1.0000,0.0000,1.0000,0.0205,14,1
contact_impulse_threshold,energy_work_corruption,1,0.0000,0.0000,0.0000,0.0000,0.0000,0.0000,1.0000,0.0000,1.0000,0.0199,14,1
contact_impulse_threshold,energy_work_corruption,2,0.0000,0.0000,0.0000,0.0000,0.0000,0.0000,1.0000,0.0000,1.0000,0.0258,14,1
contact_impulse_threshold,energy_work_corruption,3,0.0000,0.0000,0.0000,0.0000,0.0000,0.0000,1.0000,0.0000,1.0000,0.0171,14,1
contact_impulse_threshold,energy_work_corruption,4,0.0000,0.0000,0.0000,0.0000,0.0000,0.0000,1.0000,0.0000,1.0000,0.0192,14,1
contact_impulse_threshold,energy_work_corruption,5,0.0000,0.0000,0.0000,0.0000,0.0000,0.0000,1.0000,0.0000,1.0000,0.0171,14,1
contact_impulse_threshold,energy_work_corruption,6,0.0000,0.0000,0.0000,0.0000,0.0000,0.0000,1.0000,0.0000,1.0000,0.0205,14,1
contact_impulse_threshold,energy_work_corruption,7,0.0000,0.0000,0.0000,0.0000,0.0000,0.0000,1.0000,0.0000,1.0000,0.0175,14,1
contact_impulse_threshold,mixed_near_threshold,0,0.0000,0.0000,0.0000,0.0000,0.0000,0.0000,1.0000,0.0000,1.0000,0.0188,14,1
contact_impulse_threshold,mixed_near_threshold,1,0.0000,0.0000,0.0000,0.0000,0.0000,0.0000,1.0000,0.0000,1.0000,0.0180,14,1
contact_impulse_threshold,mixed_near_threshold,2,0.0000,0.0000,0.0000,0.0000,0.0000,0.0000,1.0000,0.0000,1.0000,0.0250,14,1
contact_impulse_threshold,mixed_near_threshold,3,0.0000,0.0000,0.0000,0.0000,0.0000,0.0000,1.0000,0.0000,1.0000,0.0143,14,1
contact_impulse_threshold,mixed_near_threshold,4,0.0000,0.0000,0.0000,0.0000,0.0000,0.0000,1.0000,0.0000,1.0000,0.0190,14,1
contact_impulse_threshold,mixed_near_threshold,5,0.0000,0.0000,0.0000,0.0000,0.0000,0.0000,1.0000,0.0000,1.0000,0.0159,14,1
contact_impulse_threshold,mixed_near_threshold,6,0.0000,0.0000,0.0000,0.0000,0.0000,0.0000,1.0000,0.0000,1.0000,0.0146,14,1
contact_impulse_threshold,mixed_near_threshold,7,0.0000,0.0000,0.0000,0.0000,0.0000,0.0000,1.0000,0.0000,1.0000,0.0148,14,1
contact_impulse_threshold,nominal_valid,0,0.0000,0.0000,0.0000,1.0000,0.0000,0.0000,0.0000,0.0000,0.0000,0.0143,14,1
contact_impulse_threshold,nominal_valid,1,0.0000,0.0000,0.0000,1.0000,0.0000,0.0000,0.0000,0.0000,0.0000,0.0185,14,1
contact_impulse_threshold,nominal_valid,2,0.0000,0.0000,0.0000,1.0000,0.0000,0.0000,0.0000,0.0000,0.0000,0.0244,14,1
contact_impulse_threshold,nominal_valid,3,0.0000,0.0000,0.0000,1.0000,0.0000,0.0000,0.0000,0.0000,0.0000,0.0148,14,1
contact_impulse_threshold,nominal_valid,4,0.0000,0.0000,0.0000,1.0000,0.0000,0.0000,0.0000,0.0000,0.0000,0.0176,14,1
contact_impulse_threshold,nominal_valid,5,0.0000,0.0000,0.0000,1.0000,0.0000,0.0000,0.0000,0.0000,0.0000,0.0127,14,1
contact_impulse_threshold,nominal_valid,6,0.0000,0.0000,0.0000,1.0000,0.0000,0.0000,0.0000,0.0000,0.0000,0.0204,14,1
contact_impulse_threshold,nominal_valid,7,0.0000,0.0000,0.0000,0.9286,0.0714,0.0714,0.0000,0.0000,0.0000,0.0156,14,1
contact_impulse_threshold,noncausal_teleport,0,0.0000,0.0000,0.0000,0.0000,0.0000,0.0000,1.0000,0.0000,1.0000,0.0168,14,1
contact_impulse_threshold,noncausal_teleport,1,0.0000,0.0000,0.0000,0.0000,0.0000,0.0000,1.0000,0.0000,1.0000,0.0172,14,1
contact_impulse_threshold,noncausal_teleport,2,0.0000,0.0000,0.0000,0.0000,0.0000,0.0000,1.0000,0.0000,1.0000,0.0251,14,1
contact_impulse_threshold,noncausal_teleport,3,0.0000,0.0000,0.0000,0.0000,0.0000,0.0000,1.0000,0.0000,1.0000,0.0142,14,1
contact_impulse_threshold,noncausal_teleport,4,0.0000,0.0000,0.0000,0.0000,0.0000,0.0000,1.0000,0.0000,1.0000,0.0159,14,1
contact_impulse_threshold,noncausal_teleport,5,0.0000,0.0000,0.0000,0.0000,0.0000,0.0000,1.0000,0.0000,1.0000,0.0149,14,1
contact_impulse_threshold,noncausal_teleport,6,0.0000,0.0000,0.0000,0.0000,0.0000,0.0000,1.0000,0.0000,1.0000,0.0178,14,1
contact_impulse_threshold,noncausal_teleport,7,0.0000,0.0000,0.0000,0.0000,0.0000,0.0000,1.0000,0.0000,1.0000,0.0156,14,1
contact_impulse_threshold,rare_valid_bounce,0,0.0000,0.0000,0.0000,1.0000,0.0000,0.0000,0.0000,0.0000,0.0000,0.0375,14,1
contact_impulse_threshold,rare_valid_bounce,1,0.0000,0.0000,0.0000,0.8571,0.1429,0.1429,0.0000,0.0000,0.0000,0.0411,14,1
contact_impulse_threshold,rare_valid_bounce,2,0.0000,0.0000,0.0000,0.7143,0.2857,0.2857,0.0000,0.0000,0.0000,0.0491,14,1
contact_impulse_threshold,rare_valid_bounce,3,0.0000,0.0000,0.0000,0.9286,0.0714,0.0714,0.0000,0.0000,0.0000,0.0322,14,1
contact_impulse_threshold,rare_valid_bounce,4,0.0000,0.0000,0.0000,0.9286,0.0714,0.0714,0.0000,0.0000,0.0000,0.0300,14,1
contact_impulse_threshold,rare_valid_bounce,5,0.0000,0.0000,0.0000,0.7857,0.2143,0.2143,0.0000,0.0000,0.0000,0.0467,14,1
contact_impulse_threshold,rare_valid_bounce,6,0.0000,0.0000,0.0000,0.8571,0.1429,0.1429,0.0000,0.0000,0.0000,0.0465,14,1
contact_impulse_threshold,rare_valid_bounce,7,0.0000,0.0000,0.0000,0.7857,0.2143,0.2143,0.0000,0.0000,0.0000,0.0411,14,1
contact_impulse_threshold,subtle_contact_corruption,0,1.0000,1.0000,1.0000,1.0000,0.0000,1.0000,1.0000,0.0000,1.0000,0.9886,14,1
contact_impulse_threshold,subtle_contact_corruption,1,1.0000,1.0000,1.0000,1.0000,0.0000,1.0000,1.0000,0.0000,1.0000,0.9863,14,1
contact_impulse_threshold,subtle_contact_corruption,2,1.0000,1.0000,1.0000,1.0000,0.0000,1.0000,1.0000,0.0000,1.0000,0.9958,14,1
contact_impulse_threshold,subtle_contact_corruption,3,1.0000,1.0000,1.0000,1.0000,0.0000,1.0000,1.0000,0.0000,1.0000,0.9838,14,1
contact_impulse_threshold,subtle_contact_corruption,4,1.0000,1.0000,1.0000,1.0000,0.0000,1.0000,1.0000,0.0000,1.0000,0.9860,14,1
contact_impulse_threshold,subtle_contact_corruption,5,1.0000,1.0000,1.0000,1.0000,0.0000,1.0000,1.0000,0.0000,1.0000,0.9824,14,1
contact_impulse_threshold,subtle_contact_corruption,6,1.0000,1.0000,1.0000,1.0000,0.0000,1.0000,1.0000,0.0000,1.0000,0.9921,14,1
contact_impulse_threshold,subtle_contact_corruption,7,1.0000,1.0000,1.0000,1.0000,0.0000,1.0000,1.0000,0.0000,1.0000,0.9884,14,1
contact_impulse_threshold,subtle_energy_corruption,0,0.0000,0.0000,0.0000,0.0000,0.0000,0.0000,1.0000,0.0000,1.0000,0.0171,14,1
contact_impulse_threshold,subtle_energy_corruption,1,0.0000,0.0000,0.0000,0.0000,0.0000,0.0000,1.0000,0.0000,1.0000,0.0187,14,1
contact_impulse_threshold,subtle_energy_corruption,2,1.0000,0.0714,0.1333,0.0714,0.0000,0.0714,1.0000,0.0000,1.0000,0.0265,14,1
contact_impulse_threshold,subtle_energy_corruption,3,0.0000,0.0000,0.0000,0.0000,0.0000,0.0000,1.0000,0.0000,1.0000,0.0139,14,1
contact_impulse_threshold,subtle_energy_corruption,4,0.0000,0.0000,0.0000,0.0000,0.0000,0.0000,1.0000,0.0000,1.0000,0.0193,14,1
contact_impulse_threshold,subtle_energy_corruption,5,0.0000,0.0000,0.0000,0.0000,0.0000,0.0000,1.0000,0.0000,1.0000,0.0159,14,1
contact_impulse_threshold,subtle_energy_corruption,6,0.0000,0.0000,0.0000,0.0000,0.0000,0.0000,1.0000,0.0000,1.0000,0.0191,14,1
contact_impulse_threshold,subtle_energy_corruption,7,1.0000,0.0714,0.1333,0.0714,0.0000,0.0714,1.0000,0.0000,1.0000,0.0155,14,1
contact_impulse_threshold,support_levitation,0,0.0000,0.0000,0.0000,0.0000,0.0000,0.0000,1.0000,0.0000,1.0000,0.0181,14,1
contact_impulse_threshold,support_levitation,1,0.0000,0.0000,0.0000,0.0000,0.0000,0.0000,1.0000,0.0000,1.0000,0.0150,14,1
contact_impulse_threshold,support_levitation,2,0.0000,0.0000,0.0000,0.0000,0.0000,0.0000,1.0000,0.0000,1.0000,0.0240,14,1
contact_impulse_threshold,support_levitation,3,0.0000,0.0000,0.0000,0.0000,0.0000,0.0000,1.0000,0.0000,1.0000,0.0156,14,1
contact_impulse_threshold,support_levitation,4,0.0000,0.0000,0.0000,0.0000,0.0000,0.0000,1.0000,0.0000,1.0000,0.0191,14,1
contact_impulse_threshold,support_levitation,5,0.0000,0.0000,0.0000,0.0000,0.0000,0.0000,1.0000,0.0000,1.0000,0.0148,14,1
contact_impulse_threshold,support_levitation,6,0.0000,0.0000,0.0000,0.0000,0.0000,0.0000,1.0000,0.0000,1.0000,0.0134,14,1
contact_impulse_threshold,support_levitation,7,0.0000,0.0000,0.0000,0.0000,0.0000,0.0000,1.0000,0.0000,1.0000,0.0124,14,1
contact_impulse_threshold,timestamp_noncausal_corruption,0,0.0000,0.0000,0.0000,0.0000,0.0000,0.0000,1.0000,0.0000,1.0000,0.0166,14,1
contact_impulse_threshold,timestamp_noncausal_corruption,1,0.0000,0.0000,0.0000,0.0000,0.0000,0.0000,1.0000,0.0000,1.0000,0.0186,14,1
contact_impulse_threshold,timestamp_noncausal_corruption,2,0.0000,0.0000,0.0000,0.0000,0.0000,0.0000,1.0000,0.0000,1.0000,0.0241,14,1
contact_impulse_threshold,timestamp_noncausal_corruption,3,0.0000,0.0000,0.0000,0.0000,0.0000,0.0000,1.0000,0.0000,1.0000,0.0164,14,1
contact_impulse_threshold,timestamp_noncausal_corruption,4,0.0000,0.0000,0.0000,0.0000,0.0000,0.0000,1.0000,0.0000,1.0000,0.0216,14,1
contact_impulse_threshold,timestamp_noncausal_corruption,5,0.0000,0.0000,0.0000,0.0000,0.0000,0.0000,1.0000,0.0000,1.0000,0.0128,14,1
contact_impulse_threshold,timestamp_noncausal_corruption,6,0.0000,0.0000,0.0000,0.0000,0.0000,0.0000,1.0000,0.0000,1.0000,0.0195,14,1
contact_impulse_threshold,timestamp_noncausal_corruption,7,0.0000,0.0000,0.0000,0.0000,0.0000,0.0000,1.0000,0.0000,1.0000,0.0140,14,1
contact_impulse_threshold,valid_clock_skew,0,0.0000,0.0000,0.0000,1.0000,0.0000,0.0000,0.0000,0.0000,0.0000,0.0215,14,1
contact_impulse_threshold,valid_clock_skew,1,0.0000,0.0000,0.0000,1.0000,0.0000,0.0000,0.0000,0.0000,0.0000,0.0168,14,1
contact_impulse_threshold,valid_clock_skew,2,0.0000,0.0000,0.0000,1.0000,0.0000,0.0000,0.0000,0.0000,0.0000,0.0166,14,1
contact_impulse_threshold,valid_clock_skew,3,0.0000,0.0000,0.0000,1.0000,0.0000,0.0000,0.0000,0.0000,0.0000,0.0171,14,1
contact_impulse_threshold,valid_clock_skew,4,0.0000,0.0000,0.0000,1.0000,0.0000,0.0000,0.0000,0.0000,0.0000,0.0159,14,1
contact_impulse_threshold,valid_clock_skew,5,0.0000,0.0000,0.0000,1.0000,0.0000,0.0000,0.0000,0.0000,0.0000,0.0208,14,1
contact_impulse_threshold,valid_clock_skew,6,0.0000,0.0000,0.0000,1.0000,0.0000,0.0000,0.0000,0.0000,0.0000,0.0200,14,1
contact_impulse_threshold,valid_clock_skew,7,0.0000,0.0000,0.0000,1.0000,0.0000,0.0000,0.0000,0.0000,0.0000,0.0168,14,1
contact_impulse_threshold,valid_low_friction_slip,0,0.0000,0.0000,0.0000,1.0000,0.0000,0.0000,0.0000,0.0000,0.0000,0.0089,14,1
contact_impulse_threshold,valid_low_friction_slip,1,0.0000,0.0000,0.0000,1.0000,0.0000,0.0000,0.0000,0.0000,0.0000,0.0096,14,1
contact_impulse_threshold,valid_low_friction_slip,2,0.0000,0.0000,0.0000,1.0000,0.0000,0.0000,0.0000,0.0000,0.0000,0.0121,14,1
contact_impulse_threshold,valid_low_friction_slip,3,0.0000,0.0000,0.0000,1.0000,0.0000,0.0000,0.0000,0.0000,0.0000,0.0145,14,1
contact_impulse_threshold,valid_low_friction_slip,4,0.0000,0.0000,0.0000,1.0000,0.0000,0.0000,0.0000,0.0000,0.0000,0.0103,14,1
contact_impulse_threshold,valid_low_friction_slip,5,0.0000,0.0000,0.0000,1.0000,0.0000,0.0000,0.0000,0.0000,0.0000,0.0094,14,1
contact_impulse_threshold,valid_low_friction_slip,6,0.0000,0.0000,0.0000,1.0000,0.0000,0.0000,0.0000,0.0000,0.0000,0.0097,14,1
contact_impulse_threshold,valid_low_friction_slip,7,0.0000,0.0000,0.0000,1.0000,0.0000,0.0000,0.0000,0.0000,0.0000,0.0111,14,1
energy_residual_threshold,actuator_saturation,0,0.0000,0.0000,0.0000,0.0000,0.0000,0.0000,1.0000,0.0000,1.0000,0.3723,14,1
energy_residual_threshold,actuator_saturation,1,0.0000,0.0000,0.0000,0.0000,0.0000,0.0000,1.0000,0.0000,1.0000,0.4112,14,1
energy_residual_threshold,actuator_saturation,2,0.0000,0.0000,0.0000,0.0000,0.0000,0.0000,1.0000,0.0000,1.0000,0.4675,14,1
energy_residual_threshold,actuator_saturation,3,0.0000,0.0000,0.0000,0.0000,0.0000,0.0000,1.0000,0.0000,1.0000,0.3630,14,1
energy_residual_threshold,actuator_saturation,4,0.0000,0.0000,0.0000,0.0000,0.0000,0.0000,1.0000,0.0000,1.0000,0.4345,14,1
energy_residual_threshold,actuator_saturation,5,0.0000,0.0000,0.0000,0.0000,0.0000,0.0000,1.0000,0.0000,1.0000,0.3481,14,1
energy_residual_threshold,actuator_saturation,6,0.0000,0.0000,0.0000,0.0000,0.0000,0.0000,1.0000,0.0000,1.0000,0.3882,14,1
energy_residual_threshold,actuator_saturation,7,0.0000,0.0000,0.0000,0.0000,0.0000,0.0000,1.0000,0.0000,1.0000,0.4706,14,1
energy_residual_threshold,adversarial_compensated_violation,0,1.0000,0.6429,0.7826,0.6429,0.0000,0.6429,1.0000,0.0000,1.0000,3.9389,14,1
energy_residual_threshold,adversarial_compensated_violation,1,1.0000,0.1429,0.2500,0.1429,0.0000,0.1429,1.0000,0.0000,1.0000,2.7417,14,1
energy_residual_threshold,adversarial_compensated_violation,2,1.0000,0.2143,0.3529,0.2143,0.0000,0.2143,1.0000,0.0000,1.0000,2.9603,14,1
energy_residual_threshold,adversarial_compensated_violation,3,1.0000,0.3571,0.5263,0.3571,0.0000,0.3571,1.0000,0.0000,1.0000,3.0642,14,1
energy_residual_threshold,adversarial_compensated_violation,4,1.0000,0.2143,0.3529,0.2143,0.0000,0.2143,1.0000,0.0000,1.0000,3.6401,14,1
energy_residual_threshold,adversarial_compensated_violation,5,1.0000,0.4286,0.6000,0.4286,0.0000,0.4286,1.0000,0.0000,1.0000,3.5143,14,1
energy_residual_threshold,adversarial_compensated_violation,6,1.0000,0.2857,0.4444,0.2857,0.0000,0.2857,1.0000,0.0000,1.0000,3.1625,14,1
energy_residual_threshold,adversarial_compensated_violation,7,1.0000,0.2857,0.4444,0.2857,0.0000,0.2857,1.0000,0.0000,1.0000,3.4745,14,1
energy_residual_threshold,combined_violation_shift,0,1.0000,1.0000,1.0000,1.0000,0.0000,1.0000,1.0000,0.0000,1.0000,7.2385,14,1
energy_residual_threshold,combined_violation_shift,1,1.0000,1.0000,1.0000,1.0000,0.0000,1.0000,1.0000,0.0000,1.0000,6.3999,14,1
energy_residual_threshold,combined_violation_shift,2,1.0000,1.0000,1.0000,1.0000,0.0000,1.0000,1.0000,0.0000,1.0000,6.5441,14,1
energy_residual_threshold,combined_violation_shift,3,1.0000,1.0000,1.0000,1.0000,0.0000,1.0000,1.0000,0.0000,1.0000,6.7228,14,1
energy_residual_threshold,combined_violation_shift,4,1.0000,1.0000,1.0000,1.0000,0.0000,1.0000,1.0000,0.0000,1.0000,7.3800,14,1
energy_residual_threshold,combined_violation_shift,5,1.0000,1.0000,1.0000,1.0000,0.0000,1.0000,1.0000,0.0000,1.0000,6.5256,14,1
energy_residual_threshold,combined_violation_shift,6,1.0000,1.0000,1.0000,1.0000,0.0000,1.0000,1.0000,0.0000,1.0000,6.7794,14,1
energy_residual_threshold,combined_violation_shift,7,1.0000,1.0000,1.0000,1.0000,0.0000,1.0000,1.0000,0.0000,1.0000,7.6193,14,1
energy_residual_threshold,contact_corruption,0,0.0000,0.0000,0.0000,0.0000,0.0000,0.0000,1.0000,0.0000,1.0000,0.4541,14,1
energy_residual_threshold,contact_corruption,1,0.0000,0.0000,0.0000,0.0000,0.0000,0.0000,1.0000,0.0000,1.0000,0.4265,14,1
energy_residual_threshold,contact_corruption,2,0.0000,0.0000,0.0000,0.0000,0.0000,0.0000,1.0000,0.0000,1.0000,0.5190,14,1
energy_residual_threshold,contact_corruption,3,0.0000,0.0000,0.0000,0.0000,0.0000,0.0000,1.0000,0.0000,1.0000,0.3910,14,1
energy_residual_threshold,contact_corruption,4,0.0000,0.0000,0.0000,0.0000,0.0000,0.0000,1.0000,0.0000,1.0000,0.5148,14,1
energy_residual_threshold,contact_corruption,5,0.0000,0.0000,0.0000,0.0000,0.0000,0.0000,1.0000,0.0000,1.0000,0.3780,14,1
energy_residual_threshold,contact_corruption,6,0.0000,0.0000,0.0000,0.0000,0.0000,0.0000,1.0000,0.0000,1.0000,0.4393,14,1
energy_residual_threshold,contact_corruption,7,0.0000,0.0000,0.0000,0.0000,0.0000,0.0000,1.0000,0.0000,1.0000,0.5631,14,1
energy_residual_threshold,energy_work_corruption,0,1.0000,1.0000,1.0000,1.0000,0.0000,1.0000,1.0000,0.0000,1.0000,8.8050,14,1
energy_residual_threshold,energy_work_corruption,1,1.0000,1.0000,1.0000,1.0000,0.0000,1.0000,1.0000,0.0000,1.0000,8.0514,14,1
energy_residual_threshold,energy_work_corruption,2,1.0000,1.0000,1.0000,1.0000,0.0000,1.0000,1.0000,0.0000,1.0000,8.3550,14,1
energy_residual_threshold,energy_work_corruption,3,1.0000,1.0000,1.0000,1.0000,0.0000,1.0000,1.0000,0.0000,1.0000,8.5055,14,1
energy_residual_threshold,energy_work_corruption,4,1.0000,1.0000,1.0000,1.0000,0.0000,1.0000,1.0000,0.0000,1.0000,8.9852,14,1
energy_residual_threshold,energy_work_corruption,5,1.0000,1.0000,1.0000,1.0000,0.0000,1.0000,1.0000,0.0000,1.0000,7.8280,14,1
energy_residual_threshold,energy_work_corruption,6,1.0000,1.0000,1.0000,1.0000,0.0000,1.0000,1.0000,0.0000,1.0000,8.1913,14,1
energy_residual_threshold,energy_work_corruption,7,1.0000,1.0000,1.0000,1.0000,0.0000,1.0000,1.0000,0.0000,1.0000,9.6038,14,1
energy_residual_threshold,mixed_near_threshold,0,0.0000,0.0000,0.0000,0.0000,0.0000,0.0000,1.0000,0.0000,1.0000,2.6262,14,1
energy_residual_threshold,mixed_near_threshold,1,0.0000,0.0000,0.0000,0.0000,0.0000,0.0000,1.0000,0.0000,1.0000,2.4201,14,1
energy_residual_threshold,mixed_near_threshold,2,1.0000,0.0714,0.1333,0.0714,0.0000,0.0714,1.0000,0.0000,1.0000,2.5276,14,1
energy_residual_threshold,mixed_near_threshold,3,0.0000,0.0000,0.0000,0.0000,0.0000,0.0000,1.0000,0.0000,1.0000,2.5460,14,1
energy_residual_threshold,mixed_near_threshold,4,0.0000,0.0000,0.0000,0.0000,0.0000,0.0000,1.0000,0.0000,1.0000,2.7702,14,1
energy_residual_threshold,mixed_near_threshold,5,0.0000,0.0000,0.0000,0.0000,0.0000,0.0000,1.0000,0.0000,1.0000,2.4966,14,1
energy_residual_threshold,mixed_near_threshold,6,0.0000,0.0000,0.0000,0.0000,0.0000,0.0000,1.0000,0.0000,1.0000,2.5305,14,1
energy_residual_threshold,mixed_near_threshold,7,0.0000,0.0000,0.0000,0.0000,0.0000,0.0000,1.0000,0.0000,1.0000,2.8568,14,1
energy_residual_threshold,nominal_valid,0,0.0000,0.0000,0.0000,1.0000,0.0000,0.0000,0.0000,0.0000,0.0000,0.6002,14,1
energy_residual_threshold,nominal_valid,1,0.0000,0.0000,0.0000,1.0000,0.0000,0.0000,0.0000,0.0000,0.0000,0.5989,14,1
energy_residual_threshold,nominal_valid,2,0.0000,0.0000,0.0000,1.0000,0.0000,0.0000,0.0000,0.0000,0.0000,0.6188,14,1
energy_residual_threshold,nominal_valid,3,0.0000,0.0000,0.0000,1.0000,0.0000,0.0000,0.0000,0.0000,0.0000,0.5454,14,1
energy_residual_threshold,nominal_valid,4,0.0000,0.0000,0.0000,1.0000,0.0000,0.0000,0.0000,0.0000,0.0000,0.7078,14,1
energy_residual_threshold,nominal_valid,5,0.0000,0.0000,0.0000,1.0000,0.0000,0.0000,0.0000,0.0000,0.0000,0.5264,14,1
energy_residual_threshold,nominal_valid,6,0.0000,0.0000,0.0000,1.0000,0.0000,0.0000,0.0000,0.0000,0.0000,0.5396,14,1
energy_residual_threshold,nominal_valid,7,0.0000,0.0000,0.0000,1.0000,0.0000,0.0000,0.0000,0.0000,0.0000,0.6964,14,1
energy_residual_threshold,noncausal_teleport,0,0.0000,0.0000,0.0000,0.0000,0.0000,0.0000,1.0000,0.0000,1.0000,0.4502,14,1
energy_residual_threshold,noncausal_teleport,1,0.0000,0.0000,0.0000,0.0000,0.0000,0.0000,1.0000,0.0000,1.0000,0.4529,14,1
energy_residual_threshold,noncausal_teleport,2,0.0000,0.0000,0.0000,0.0000,0.0000,0.0000,1.0000,0.0000,1.0000,0.5422,14,1
energy_residual_threshold,noncausal_teleport,3,0.0000,0.0000,0.0000,0.0000,0.0000,0.0000,1.0000,0.0000,1.0000,0.4509,14,1
energy_residual_threshold,noncausal_teleport,4,0.0000,0.0000,0.0000,0.0000,0.0000,0.0000,1.0000,0.0000,1.0000,0.4946,14,1
energy_residual_threshold,noncausal_teleport,5,0.0000,0.0000,0.0000,0.0000,0.0000,0.0000,1.0000,0.0000,1.0000,0.3714,14,1
energy_residual_threshold,noncausal_teleport,6,0.0000,0.0000,0.0000,0.0000,0.0000,0.0000,1.0000,0.0000,1.0000,0.3714,14,1
energy_residual_threshold,noncausal_teleport,7,0.0000,0.0000,0.0000,0.0000,0.0000,0.0000,1.0000,0.0000,1.0000,0.5023,14,1
energy_residual_threshold,rare_valid_bounce,0,0.0000,0.0000,0.0000,0.3571,0.6429,0.6429,0.0000,0.0000,0.0000,3.6322,14,1
energy_residual_threshold,rare_valid_bounce,1,0.0000,0.0000,0.0000,0.8571,0.1429,0.1429,0.0000,0.0000,0.0000,2.5178,14,1
energy_residual_threshold,rare_valid_bounce,2,0.0000,0.0000,0.0000,0.8571,0.1429,0.1429,0.0000,0.0000,0.0000,2.4593,14,1
energy_residual_threshold,rare_valid_bounce,3,0.0000,0.0000,0.0000,0.7143,0.2857,0.2857,0.0000,0.0000,0.0000,2.6043,14,1
energy_residual_threshold,rare_valid_bounce,4,0.0000,0.0000,0.0000,0.8571,0.1429,0.1429,0.0000,0.0000,0.0000,2.6851,14,1
energy_residual_threshold,rare_valid_bounce,5,0.0000,0.0000,0.0000,0.7143,0.2857,0.2857,0.0000,0.0000,0.0000,3.1782,14,1
energy_residual_threshold,rare_valid_bounce,6,0.0000,0.0000,0.0000,0.7857,0.2143,0.2143,0.0000,0.0000,0.0000,2.9796,14,1
energy_residual_threshold,rare_valid_bounce,7,0.0000,0.0000,0.0000,0.7143,0.2857,0.2857,0.0000,0.0000,0.0000,3.0555,14,1
energy_residual_threshold,subtle_contact_corruption,0,0.0000,0.0000,0.0000,0.0000,0.0000,0.0000,1.0000,0.0000,1.0000,0.3808,14,1
energy_residual_threshold,subtle_contact_corruption,1,0.0000,0.0000,0.0000,0.0000,0.0000,0.0000,1.0000,0.0000,1.0000,0.4273,14,1
energy_residual_threshold,subtle_contact_corruption,2,0.0000,0.0000,0.0000,0.0000,0.0000,0.0000,1.0000,0.0000,1.0000,0.4874,14,1
energy_residual_threshold,subtle_contact_corruption,3,0.0000,0.0000,0.0000,0.0000,0.0000,0.0000,1.0000,0.0000,1.0000,0.3648,14,1
energy_residual_threshold,subtle_contact_corruption,4,0.0000,0.0000,0.0000,0.0000,0.0000,0.0000,1.0000,0.0000,1.0000,0.4615,14,1
energy_residual_threshold,subtle_contact_corruption,5,0.0000,0.0000,0.0000,0.0000,0.0000,0.0000,1.0000,0.0000,1.0000,0.3413,14,1
energy_residual_threshold,subtle_contact_corruption,6,0.0000,0.0000,0.0000,0.0000,0.0000,0.0000,1.0000,0.0000,1.0000,0.4713,14,1
energy_residual_threshold,subtle_contact_corruption,7,0.0000,0.0000,0.0000,0.0000,0.0000,0.0000,1.0000,0.0000,1.0000,0.5058,14,1
energy_residual_threshold,subtle_energy_corruption,0,0.0000,0.0000,0.0000,0.0000,0.0000,0.0000,1.0000,0.0000,1.0000,1.7478,14,1
energy_residual_threshold,subtle_energy_corruption,1,0.0000,0.0000,0.0000,0.0000,0.0000,0.0000,1.0000,0.0000,1.0000,1.5748,14,1
energy_residual_threshold,subtle_energy_corruption,2,0.0000,0.0000,0.0000,0.0000,0.0000,0.0000,1.0000,0.0000,1.0000,1.6026,14,1
energy_residual_threshold,subtle_energy_corruption,3,0.0000,0.0000,0.0000,0.0000,0.0000,0.0000,1.0000,0.0000,1.0000,1.5769,14,1
energy_residual_threshold,subtle_energy_corruption,4,0.0000,0.0000,0.0000,0.0000,0.0000,0.0000,1.0000,0.0000,1.0000,1.7646,14,1
energy_residual_threshold,subtle_energy_corruption,5,0.0000,0.0000,0.0000,0.0000,0.0000,0.0000,1.0000,0.0000,1.0000,1.6494,14,1
energy_residual_threshold,subtle_energy_corruption,6,0.0000,0.0000,0.0000,0.0000,0.0000,0.0000,1.0000,0.0000,1.0000,1.8350,14,1
energy_residual_threshold,subtle_energy_corruption,7,0.0000,0.0000,0.0000,0.0000,0.0000,0.0000,1.0000,0.0000,1.0000,2.0238,14,1
energy_residual_threshold,support_levitation,0,1.0000,0.4286,0.6000,0.4286,0.0000,0.4286,1.0000,0.0000,1.0000,3.5267,14,1
energy_residual_threshold,support_levitation,1,1.0000,0.2143,0.3529,0.2143,0.0000,0.2143,1.0000,0.0000,1.0000,3.0918,14,1
energy_residual_threshold,support_levitation,2,1.0000,0.1429,0.2500,0.1429,0.0000,0.1429,1.0000,0.0000,1.0000,3.1590,14,1
energy_residual_threshold,support_levitation,3,1.0000,0.2857,0.4444,0.2857,0.0000,0.2857,1.0000,0.0000,1.0000,3.2731,14,1
energy_residual_threshold,support_levitation,4,1.0000,0.5000,0.6667,0.5000,0.0000,0.5000,1.0000,0.0000,1.0000,3.6075,14,1
energy_residual_threshold,support_levitation,5,1.0000,0.3571,0.5263,0.3571,0.0000,0.3571,1.0000,0.0000,1.0000,3.1978,14,1
energy_residual_threshold,support_levitation,6,1.0000,0.2143,0.3529,0.2143,0.0000,0.2143,1.0000,0.0000,1.0000,3.1839,14,1
energy_residual_threshold,support_levitation,7,1.0000,0.5714,0.7273,0.5714,0.0000,0.5714,1.0000,0.0000,1.0000,3.6607,14,1
energy_residual_threshold,timestamp_noncausal_corruption,0,0.0000,0.0000,0.0000,0.0000,0.0000,0.0000,1.0000,0.0000,1.0000,0.3701,14,1
energy_residual_threshold,timestamp_noncausal_corruption,1,0.0000,0.0000,0.0000,0.0000,0.0000,0.0000,1.0000,0.0000,1.0000,0.4394,14,1
energy_residual_threshold,timestamp_noncausal_corruption,2,0.0000,0.0000,0.0000,0.0000,0.0000,0.0000,1.0000,0.0000,1.0000,0.4668,14,1
energy_residual_threshold,timestamp_noncausal_corruption,3,0.0000,0.0000,0.0000,0.0000,0.0000,0.0000,1.0000,0.0000,1.0000,0.3731,14,1
energy_residual_threshold,timestamp_noncausal_corruption,4,0.0000,0.0000,0.0000,0.0000,0.0000,0.0000,1.0000,0.0000,1.0000,0.4391,14,1
energy_residual_threshold,timestamp_noncausal_corruption,5,0.0000,0.0000,0.0000,0.0000,0.0000,0.0000,1.0000,0.0000,1.0000,0.3672,14,1
energy_residual_threshold,timestamp_noncausal_corruption,6,0.0000,0.0000,0.0000,0.0000,0.0000,0.0000,1.0000,0.0000,1.0000,0.3679,14,1
energy_residual_threshold,timestamp_noncausal_corruption,7,0.0000,0.0000,0.0000,0.0000,0.0000,0.0000,1.0000,0.0000,1.0000,0.5816,14,1
energy_residual_threshold,valid_clock_skew,0,0.0000,0.0000,0.0000,1.0000,0.0000,0.0000,0.0000,0.0000,0.0000,0.6134,14,1
energy_residual_threshold,valid_clock_skew,1,0.0000,0.0000,0.0000,1.0000,0.0000,0.0000,0.0000,0.0000,0.0000,0.6071,14,1
energy_residual_threshold,valid_clock_skew,2,0.0000,0.0000,0.0000,1.0000,0.0000,0.0000,0.0000,0.0000,0.0000,0.5900,14,1
energy_residual_threshold,valid_clock_skew,3,0.0000,0.0000,0.0000,1.0000,0.0000,0.0000,0.0000,0.0000,0.0000,0.6189,14,1
energy_residual_threshold,valid_clock_skew,4,0.0000,0.0000,0.0000,1.0000,0.0000,0.0000,0.0000,0.0000,0.0000,0.5935,14,1
energy_residual_threshold,valid_clock_skew,5,0.0000,0.0000,0.0000,1.0000,0.0000,0.0000,0.0000,0.0000,0.0000,0.6342,14,1
energy_residual_threshold,valid_clock_skew,6,0.0000,0.0000,0.0000,1.0000,0.0000,0.0000,0.0000,0.0000,0.0000,0.6254,14,1
energy_residual_threshold,valid_clock_skew,7,0.0000,0.0000,0.0000,1.0000,0.0000,0.0000,0.0000,0.0000,0.0000,0.5524,14,1
energy_residual_threshold,valid_low_friction_slip,0,0.0000,0.0000,0.0000,1.0000,0.0000,0.0000,0.0000,0.0000,0.0000,0.6020,14,1
energy_residual_threshold,valid_low_friction_slip,1,0.0000,0.0000,0.0000,1.0000,0.0000,0.0000,0.0000,0.0000,0.0000,0.6241,14,1
energy_residual_threshold,valid_low_friction_slip,2,0.0000,0.0000,0.0000,1.0000,0.0000,0.0000,0.0000,0.0000,0.0000,0.5174,14,1
energy_residual_threshold,valid_low_friction_slip,3,0.0000,0.0000,0.0000,1.0000,0.0000,0.0000,0.0000,0.0000,0.0000,0.6143,14,1
energy_residual_threshold,valid_low_friction_slip,4,0.0000,0.0000,0.0000,1.0000,0.0000,0.0000,0.0000,0.0000,0.0000,0.5415,14,1
energy_residual_threshold,valid_low_friction_slip,5,0.0000,0.0000,0.0000,1.0000,0.0000,0.0000,0.0000,0.0000,0.0000,0.5156,14,1
energy_residual_threshold,valid_low_friction_slip,6,0.0000,0.0000,0.0000,1.0000,0.0000,0.0000,0.0000,0.0000,0.0000,0.6107,14,1
energy_residual_threshold,valid_low_friction_slip,7,0.0000,0.0000,0.0000,1.0000,0.0000,0.0000,0.0000,0.0000,0.0000,0.6191,14,1
hgb_failure_classifier,actuator_saturation,0,1.0000,1.0000,1.0000,1.0000,0.0000,1.0000,1.0000,0.0000,1.0000,0.9994,14,1
hgb_failure_classifier,actuator_saturation,1,1.0000,1.0000,1.0000,1.0000,0.0000,1.0000,1.0000,0.0000,1.0000,0.9992,14,1
hgb_failure_classifier,actuator_saturation,2,1.0000,1.0000,1.0000,1.0000,0.0000,1.0000,1.0000,0.0000,1.0000,0.9994,14,1
hgb_failure_classifier,actuator_saturation,3,1.0000,1.0000,1.0000,1.0000,0.0000,1.0000,1.0000,0.0000,1.0000,0.9994,14,1
hgb_failure_classifier,actuator_saturation,4,1.0000,1.0000,1.0000,1.0000,0.0000,1.0000,1.0000,0.0000,1.0000,0.9986,14,1
hgb_failure_classifier,actuator_saturation,5,1.0000,1.0000,1.0000,1.0000,0.0000,1.0000,1.0000,0.0000,1.0000,0.9985,14,1
hgb_failure_classifier,actuator_saturation,6,1.0000,1.0000,1.0000,1.0000,0.0000,1.0000,1.0000,0.0000,1.0000,0.9988,14,1
hgb_failure_classifier,actuator_saturation,7,1.0000,1.0000,1.0000,1.0000,0.0000,1.0000,1.0000,0.0000,1.0000,0.9990,14,1
hgb_failure_classifier,adversarial_compensated_violation,0,1.0000,1.0000,1.0000,1.0000,0.0000,1.0000,1.0000,0.0000,1.0000,0.9994,14,1
hgb_failure_classifier,adversarial_compensated_violation,1,1.0000,1.0000,1.0000,1.0000,0.0000,1.0000,1.0000,0.0000,1.0000,0.9997,14,1
hgb_failure_classifier,adversarial_compensated_violation,2,1.0000,1.0000,1.0000,1.0000,0.0000,1.0000,1.0000,0.0000,1.0000,0.9994,14,1
hgb_failure_classifier,adversarial_compensated_violation,3,1.0000,1.0000,1.0000,1.0000,0.0000,1.0000,1.0000,0.0000,1.0000,0.9996,14,1
hgb_failure_classifier,adversarial_compensated_violation,4,1.0000,1.0000,1.0000,1.0000,0.0000,1.0000,1.0000,0.0000,1.0000,0.9994,14,1
hgb_failure_classifier,adversarial_compensated_violation,5,1.0000,1.0000,1.0000,1.0000,0.0000,1.0000,1.0000,0.0000,1.0000,0.9991,14,1
hgb_failure_classifier,adversarial_compensated_violation,6,1.0000,1.0000,1.0000,1.0000,0.0000,1.0000,1.0000,0.0000,1.0000,0.9993,14,1
hgb_failure_classifier,adversarial_compensated_violation,7,1.0000,1.0000,1.0000,1.0000,0.0000,1.0000,1.0000,0.0000,1.0000,0.9996,14,1
hgb_failure_classifier,combined_violation_shift,0,1.0000,1.0000,1.0000,1.0000,0.0000,1.0000,1.0000,0.0000,1.0000,0.9899,14,1
hgb_failure_classifier,combined_violation_shift,1,1.0000,1.0000,1.0000,1.0000,0.0000,1.0000,1.0000,0.0000,1.0000,0.9889,14,1
hgb_failure_classifier,combined_violation_shift,2,1.0000,1.0000,1.0000,1.0000,0.0000,1.0000,1.0000,0.0000,1.0000,0.9903,14,1
hgb_failure_classifier,combined_violation_shift,3,1.0000,1.0000,1.0000,1.0000,0.0000,1.0000,1.0000,0.0000,1.0000,0.9920,14,1
hgb_failure_classifier,combined_violation_shift,4,1.0000,1.0000,1.0000,1.0000,0.0000,1.0000,1.0000,0.0000,1.0000,0.9887,14,1
hgb_failure_classifier,combined_violation_shift,5,1.0000,1.0000,1.0000,1.0000,0.0000,1.0000,1.0000,0.0000,1.0000,0.9907,14,1
hgb_failure_classifier,combined_violation_shift,6,1.0000,1.0000,1.0000,1.0000,0.0000,1.0000,1.0000,0.0000,1.0000,0.9902,14,1
hgb_failure_classifier,combined_violation_shift,7,1.0000,1.0000,1.0000,1.0000,0.0000,1.0000,1.0000,0.0000,1.0000,0.9897,14,1
hgb_failure_classifier,contact_corruption,0,1.0000,1.0000,1.0000,1.0000,0.0000,1.0000,1.0000,0.0000,1.0000,0.9999,14,1
hgb_failure_classifier,contact_corruption,1,1.0000,1.0000,1.0000,1.0000,0.0000,1.0000,1.0000,0.0000,1.0000,0.9999,14,1
hgb_failure_classifier,contact_corruption,2,1.0000,1.0000,1.0000,1.0000,0.0000,1.0000,1.0000,0.0000,1.0000,0.9999,14,1
hgb_failure_classifier,contact_corruption,3,1.0000,1.0000,1.0000,1.0000,0.0000,1.0000,1.0000,0.0000,1.0000,0.9999,14,1
hgb_failure_classifier,contact_corruption,4,1.0000,1.0000,1.0000,1.0000,0.0000,1.0000,1.0000,0.0000,1.0000,0.9999,14,1
hgb_failure_classifier,contact_corruption,5,1.0000,1.0000,1.0000,1.0000,0.0000,1.0000,1.0000,0.0000,1.0000,0.9999,14,1
hgb_failure_classifier,contact_corruption,6,1.0000,1.0000,1.0000,1.0000,0.0000,1.0000,1.0000,0.0000,1.0000,0.9999,14,1
hgb_failure_classifier,contact_corruption,7,1.0000,1.0000,1.0000,1.0000,0.0000,1.0000,1.0000,0.0000,1.0000,0.9999,14,1
hgb_failure_classifier,energy_work_corruption,0,1.0000,1.0000,1.0000,1.0000,0.0000,1.0000,1.0000,0.0000,1.0000,1.0000,14,1
hgb_failure_classifier,energy_work_corruption,1,1.0000,1.0000,1.0000,1.0000,0.0000,1.0000,1.0000,0.0000,1.0000,1.0000,14,1
hgb_failure_classifier,energy_work_corruption,2,1.0000,1.0000,1.0000,1.0000,0.0000,1.0000,1.0000,0.0000,1.0000,1.0000,14,1
hgb_failure_classifier,energy_work_corruption,3,1.0000,1.0000,1.0000,1.0000,0.0000,1.0000,1.0000,0.0000,1.0000,0.9999,14,1
hgb_failure_classifier,energy_work_corruption,4,1.0000,1.0000,1.0000,1.0000,0.0000,1.0000,1.0000,0.0000,1.0000,1.0000,14,1
hgb_failure_classifier,energy_work_corruption,5,1.0000,1.0000,1.0000,1.0000,0.0000,1.0000,1.0000,0.0000,1.0000,1.0000,14,1
hgb_failure_classifier,energy_work_corruption,6,1.0000,1.0000,1.0000,1.0000,0.0000,1.0000,1.0000,0.0000,1.0000,1.0000,14,1
hgb_failure_classifier,energy_work_corruption,7,1.0000,1.0000,1.0000,1.0000,0.0000,1.0000,1.0000,0.0000,1.0000,1.0000,14,1
hgb_failure_classifier,mixed_near_threshold,0,1.0000,1.0000,1.0000,1.0000,0.0000,1.0000,1.0000,0.0000,1.0000,0.9999,14,1
hgb_failure_classifier,mixed_near_threshold,1,1.0000,1.0000,1.0000,1.0000,0.0000,1.0000,1.0000,0.0000,1.0000,0.9999,14,1
hgb_failure_classifier,mixed_near_threshold,2,1.0000,1.0000,1.0000,1.0000,0.0000,1.0000,1.0000,0.0000,1.0000,0.9999,14,1
hgb_failure_classifier,mixed_near_threshold,3,1.0000,1.0000,1.0000,1.0000,0.0000,1.0000,1.0000,0.0000,1.0000,0.9999,14,1
hgb_failure_classifier,mixed_near_threshold,4,1.0000,1.0000,1.0000,1.0000,0.0000,1.0000,1.0000,0.0000,1.0000,0.9999,14,1
hgb_failure_classifier,mixed_near_threshold,5,1.0000,1.0000,1.0000,1.0000,0.0000,1.0000,1.0000,0.0000,1.0000,0.9999,14,1
hgb_failure_classifier,mixed_near_threshold,6,1.0000,1.0000,1.0000,1.0000,0.0000,1.0000,1.0000,0.0000,1.0000,0.9999,14,1
hgb_failure_classifier,mixed_near_threshold,7,1.0000,1.0000,1.0000,1.0000,0.0000,1.0000,1.0000,0.0000,1.0000,0.9999,14,1
hgb_failure_classifier,nominal_valid,0,0.0000,0.0000,0.0000,0.7857,0.2143,0.2143,0.0000,0.0000,0.0000,0.0065,14,1
hgb_failure_classifier,nominal_valid,1,0.0000,0.0000,0.0000,0.9286,0.0714,0.0714,0.0000,0.0000,0.0000,0.0013,14,1
hgb_failure_classifier,nominal_valid,2,0.0000,0.0000,0.0000,0.7857,0.2143,0.2143,0.0000,0.0000,0.0000,0.0716,14,1
hgb_failure_classifier,nominal_valid,3,0.0000,0.0000,0.0000,1.0000,0.0000,0.0000,0.0000,0.0000,0.0000,0.0007,14,1
hgb_failure_classifier,nominal_valid,4,0.0000,0.0000,0.0000,0.9286,0.0714,0.0714,0.0000,0.0000,0.0000,0.0329,14,1
hgb_failure_classifier,nominal_valid,5,0.0000,0.0000,0.0000,1.0000,0.0000,0.0000,0.0000,0.0000,0.0000,0.0006,14,1
hgb_failure_classifier,nominal_valid,6,0.0000,0.0000,0.0000,0.8571,0.1429,0.1429,0.0000,0.0000,0.0000,0.0017,14,1
hgb_failure_classifier,nominal_valid,7,0.0000,0.0000,0.0000,0.9286,0.0714,0.0714,0.0000,0.0000,0.0000,0.0688,14,1
hgb_failure_classifier,noncausal_teleport,0,1.0000,1.0000,1.0000,1.0000,0.0000,1.0000,1.0000,0.0000,1.0000,0.9999,14,1
hgb_failure_classifier,noncausal_teleport,1,1.0000,1.0000,1.0000,1.0000,0.0000,1.0000,1.0000,0.0000,1.0000,0.9996,14,1
hgb_failure_classifier,noncausal_teleport,2,1.0000,1.0000,1.0000,1.0000,0.0000,1.0000,1.0000,0.0000,1.0000,0.9999,14,1
hgb_failure_classifier,noncausal_teleport,3,1.0000,1.0000,1.0000,1.0000,0.0000,1.0000,1.0000,0.0000,1.0000,0.9999,14,1
hgb_failure_classifier,noncausal_teleport,4,1.0000,1.0000,1.0000,1.0000,0.0000,1.0000,1.0000,0.0000,1.0000,0.9998,14,1
hgb_failure_classifier,noncausal_teleport,5,1.0000,1.0000,1.0000,1.0000,0.0000,1.0000,1.0000,0.0000,1.0000,0.9998,14,1
hgb_failure_classifier,noncausal_teleport,6,1.0000,1.0000,1.0000,1.0000,0.0000,1.0000,1.0000,0.0000,1.0000,0.9999,14,1
hgb_failure_classifier,noncausal_teleport,7,1.0000,1.0000,1.0000,1.0000,0.0000,1.0000,1.0000,0.0000,1.0000,0.9998,14,1
hgb_failure_classifier,rare_valid_bounce,0,0.0000,0.0000,0.0000,0.6429,0.3571,0.3571,0.0000,0.0000,0.0000,0.2794,14,1
hgb_failure_classifier,rare_valid_bounce,1,0.0000,0.0000,0.0000,1.0000,0.0000,0.0000,0.0000,0.0000,0.0000,0.0007,14,1
hgb_failure_classifier,rare_valid_bounce,2,0.0000,0.0000,0.0000,0.8571,0.1429,0.1429,0.0000,0.0000,0.0000,0.0676,14,1
hgb_failure_classifier,rare_valid_bounce,3,0.0000,0.0000,0.0000,0.7857,0.2143,0.2143,0.0000,0.0000,0.0000,0.0729,14,1
hgb_failure_classifier,rare_valid_bounce,4,0.0000,0.0000,0.0000,0.8571,0.1429,0.1429,0.0000,0.0000,0.0000,0.1357,14,1
hgb_failure_classifier,rare_valid_bounce,5,0.0000,0.0000,0.0000,0.8571,0.1429,0.1429,0.0000,0.0000,0.0000,0.1406,14,1
hgb_failure_classifier,rare_valid_bounce,6,0.0000,0.0000,0.0000,0.8571,0.1429,0.1429,0.0000,0.0000,0.0000,0.0623,14,1
hgb_failure_classifier,rare_valid_bounce,7,0.0000,0.0000,0.0000,0.7143,0.2857,0.2857,0.0000,0.0000,0.0000,0.2059,14,1
hgb_failure_classifier,subtle_contact_corruption,0,1.0000,1.0000,1.0000,1.0000,0.0000,1.0000,1.0000,0.0000,1.0000,0.9999,14,1
hgb_failure_classifier,subtle_contact_corruption,1,1.0000,1.0000,1.0000,1.0000,0.0000,1.0000,1.0000,0.0000,1.0000,0.9999,14,1
hgb_failure_classifier,subtle_contact_corruption,2,1.0000,1.0000,1.0000,1.0000,0.0000,1.0000,1.0000,0.0000,1.0000,0.9999,14,1
hgb_failure_classifier,subtle_contact_corruption,3,1.0000,1.0000,1.0000,1.0000,0.0000,1.0000,1.0000,0.0000,1.0000,0.9999,14,1
hgb_failure_classifier,subtle_contact_corruption,4,1.0000,1.0000,1.0000,1.0000,0.0000,1.0000,1.0000,0.0000,1.0000,0.9999,14,1
hgb_failure_classifier,subtle_contact_corruption,5,1.0000,1.0000,1.0000,1.0000,0.0000,1.0000,1.0000,0.0000,1.0000,0.9999,14,1
hgb_failure_classifier,subtle_contact_corruption,6,1.0000,1.0000,1.0000,1.0000,0.0000,1.0000,1.0000,0.0000,1.0000,0.9999,14,1
hgb_failure_classifier,subtle_contact_corruption,7,1.0000,1.0000,1.0000,1.0000,0.0000,1.0000,1.0000,0.0000,1.0000,0.9999,14,1
hgb_failure_classifier,subtle_energy_corruption,0,1.0000,1.0000,1.0000,1.0000,0.0000,1.0000,1.0000,0.0000,1.0000,0.9998,14,1
hgb_failure_classifier,subtle_energy_corruption,1,1.0000,1.0000,1.0000,1.0000,0.0000,1.0000,1.0000,0.0000,1.0000,0.9998,14,1
hgb_failure_classifier,subtle_energy_corruption,2,1.0000,1.0000,1.0000,1.0000,0.0000,1.0000,1.0000,0.0000,1.0000,0.9998,14,1
hgb_failure_classifier,subtle_energy_corruption,3,1.0000,1.0000,1.0000,1.0000,0.0000,1.0000,1.0000,0.0000,1.0000,0.9998,14,1
hgb_failure_classifier,subtle_energy_corruption,4,1.0000,1.0000,1.0000,1.0000,0.0000,1.0000,1.0000,0.0000,1.0000,0.9994,14,1
hgb_failure_classifier,subtle_energy_corruption,5,1.0000,1.0000,1.0000,1.0000,0.0000,1.0000,1.0000,0.0000,1.0000,0.9998,14,1
hgb_failure_classifier,subtle_energy_corruption,6,1.0000,1.0000,1.0000,1.0000,0.0000,1.0000,1.0000,0.0000,1.0000,0.9999,14,1
hgb_failure_classifier,subtle_energy_corruption,7,1.0000,1.0000,1.0000,1.0000,0.0000,1.0000,1.0000,0.0000,1.0000,0.9998,14,1
hgb_failure_classifier,support_levitation,0,1.0000,1.0000,1.0000,1.0000,0.0000,1.0000,1.0000,0.0000,1.0000,0.9999,14,1
hgb_failure_classifier,support_levitation,1,1.0000,1.0000,1.0000,1.0000,0.0000,1.0000,1.0000,0.0000,1.0000,0.9999,14,1
hgb_failure_classifier,support_levitation,2,1.0000,1.0000,1.0000,1.0000,0.0000,1.0000,1.0000,0.0000,1.0000,0.9999,14,1
hgb_failure_classifier,support_levitation,3,1.0000,1.0000,1.0000,1.0000,0.0000,1.0000,1.0000,0.0000,1.0000,0.9998,14,1
hgb_failure_classifier,support_levitation,4,1.0000,1.0000,1.0000,1.0000,0.0000,1.0000,1.0000,0.0000,1.0000,0.9999,14,1
hgb_failure_classifier,support_levitation,5,1.0000,1.0000,1.0000,1.0000,0.0000,1.0000,1.0000,0.0000,1.0000,0.9998,14,1
hgb_failure_classifier,support_levitation,6,1.0000,1.0000,1.0000,1.0000,0.0000,1.0000,1.0000,0.0000,1.0000,0.9999,14,1
hgb_failure_classifier,support_levitation,7,1.0000,1.0000,1.0000,1.0000,0.0000,1.0000,1.0000,0.0000,1.0000,0.9998,14,1
hgb_failure_classifier,timestamp_noncausal_corruption,0,1.0000,1.0000,1.0000,1.0000,0.0000,1.0000,1.0000,0.0000,1.0000,1.0000,14,1
hgb_failure_classifier,timestamp_noncausal_corruption,1,1.0000,1.0000,1.0000,1.0000,0.0000,1.0000,1.0000,0.0000,1.0000,1.0000,14,1
hgb_failure_classifier,timestamp_noncausal_corruption,2,1.0000,1.0000,1.0000,1.0000,0.0000,1.0000,1.0000,0.0000,1.0000,1.0000,14,1
hgb_failure_classifier,timestamp_noncausal_corruption,3,1.0000,1.0000,1.0000,1.0000,0.0000,1.0000,1.0000,0.0000,1.0000,0.9999,14,1
hgb_failure_classifier,timestamp_noncausal_corruption,4,1.0000,1.0000,1.0000,1.0000,0.0000,1.0000,1.0000,0.0000,1.0000,0.9999,14,1
hgb_failure_classifier,timestamp_noncausal_corruption,5,1.0000,1.0000,1.0000,1.0000,0.0000,1.0000,1.0000,0.0000,1.0000,0.9999,14,1
hgb_failure_classifier,timestamp_noncausal_corruption,6,1.0000,1.0000,1.0000,1.0000,0.0000,1.0000,1.0000,0.0000,1.0000,0.9999,14,1
hgb_failure_classifier,timestamp_noncausal_corruption,7,1.0000,1.0000,1.0000,1.0000,0.0000,1.0000,1.0000,0.0000,1.0000,1.0000,14,1
hgb_failure_classifier,valid_clock_skew,0,0.0000,0.0000,0.0000,0.7857,0.2143,0.2143,0.0000,0.0000,0.0000,0.0694,14,1
hgb_failure_classifier,valid_clock_skew,1,0.0000,0.0000,0.0000,0.8571,0.1429,0.1429,0.0000,0.0000,0.0000,0.0109,14,1
hgb_failure_classifier,valid_clock_skew,2,0.0000,0.0000,0.0000,1.0000,0.0000,0.0000,0.0000,0.0000,0.0000,0.0005,14,1
hgb_failure_classifier,valid_clock_skew,3,0.0000,0.0000,0.0000,0.8571,0.1429,0.1429,0.0000,0.0000,0.0000,0.0027,14,1
hgb_failure_classifier,valid_clock_skew,4,0.0000,0.0000,0.0000,0.8571,0.1429,0.1429,0.0000,0.0000,0.0000,0.0026,14,1
hgb_failure_classifier,valid_clock_skew,5,0.0000,0.0000,0.0000,0.9286,0.0714,0.0714,0.0000,0.0000,0.0000,0.0013,14,1
hgb_failure_classifier,valid_clock_skew,6,0.0000,0.0000,0.0000,0.7857,0.2143,0.2143,0.0000,0.0000,0.0000,0.0023,14,1
hgb_failure_classifier,valid_clock_skew,7,0.0000,0.0000,0.0000,1.0000,0.0000,0.0000,0.0000,0.0000,0.0000,0.0009,14,1
hgb_failure_classifier,valid_low_friction_slip,0,0.0000,0.0000,0.0000,1.0000,0.0000,0.0000,0.0000,0.0000,0.0000,0.0002,14,1
hgb_failure_classifier,valid_low_friction_slip,1,0.0000,0.0000,0.0000,1.0000,0.0000,0.0000,0.0000,0.0000,0.0000,0.0002,14,1
hgb_failure_classifier,valid_low_friction_slip,2,0.0000,0.0000,0.0000,1.0000,0.0000,0.0000,0.0000,0.0000,0.0000,0.0002,14,1
hgb_failure_classifier,valid_low_friction_slip,3,0.0000,0.0000,0.0000,1.0000,0.0000,0.0000,0.0000,0.0000,0.0000,0.0002,14,1
hgb_failure_classifier,valid_low_friction_slip,4,0.0000,0.0000,0.0000,1.0000,0.0000,0.0000,0.0000,0.0000,0.0000,0.0002,14,1
hgb_failure_classifier,valid_low_friction_slip,5,0.0000,0.0000,0.0000,1.0000,0.0000,0.0000,0.0000,0.0000,0.0000,0.0002,14,1
hgb_failure_classifier,valid_low_friction_slip,6,0.0000,0.0000,0.0000,1.0000,0.0000,0.0000,0.0000,0.0000,0.0000,0.0002,14,1
hgb_failure_classifier,valid_low_friction_slip,7,0.0000,0.0000,0.0000,1.0000,0.0000,0.0000,0.0000,0.0000,0.0000,0.0002,14,1
isolation_forest_detector,actuator_saturation,0,0.0000,0.0000,0.0000,0.0000,0.0000,0.0000,1.0000,0.0000,1.0000,0.5533,14,1
isolation_forest_detector,actuator_saturation,1,0.0000,0.0000,0.0000,0.0000,0.0000,0.0000,1.0000,0.0000,1.0000,0.5327,14,1
isolation_forest_detector,actuator_saturation,2,0.0000,0.0000,0.0000,0.0000,0.0000,0.0000,1.0000,0.0000,1.0000,0.5514,14,1
isolation_forest_detector,actuator_saturation,3,0.0000,0.0000,0.0000,0.0000,0.0000,0.0000,1.0000,0.0000,1.0000,0.5355,14,1
isolation_forest_detector,actuator_saturation,4,0.0000,0.0000,0.0000,0.0000,0.0000,0.0000,1.0000,0.0000,1.0000,0.5397,14,1
isolation_forest_detector,actuator_saturation,5,0.0000,0.0000,0.0000,0.0000,0.0000,0.0000,1.0000,0.0000,1.0000,0.5395,14,1
isolation_forest_detector,actuator_saturation,6,0.0000,0.0000,0.0000,0.0000,0.0000,0.0000,1.0000,0.0000,1.0000,0.5321,14,1
isolation_forest_detector,actuator_saturation,7,0.0000,0.0000,0.0000,0.0000,0.0000,0.0000,1.0000,0.0000,1.0000,0.5405,14,1
isolation_forest_detector,adversarial_compensated_violation,0,1.0000,1.0000,1.0000,1.0000,0.0000,1.0000,1.0000,0.0000,1.0000,0.6810,14,1
isolation_forest_detector,adversarial_compensated_violation,1,1.0000,1.0000,1.0000,1.0000,0.0000,1.0000,1.0000,0.0000,1.0000,0.6693,14,1
isolation_forest_detector,adversarial_compensated_violation,2,1.0000,1.0000,1.0000,1.0000,0.0000,1.0000,1.0000,0.0000,1.0000,0.6757,14,1
isolation_forest_detector,adversarial_compensated_violation,3,1.0000,1.0000,1.0000,1.0000,0.0000,1.0000,1.0000,0.0000,1.0000,0.6776,14,1
isolation_forest_detector,adversarial_compensated_violation,4,1.0000,1.0000,1.0000,1.0000,0.0000,1.0000,1.0000,0.0000,1.0000,0.6737,14,1
isolation_forest_detector,adversarial_compensated_violation,5,1.0000,1.0000,1.0000,1.0000,0.0000,1.0000,1.0000,0.0000,1.0000,0.6721,14,1
isolation_forest_detector,adversarial_compensated_violation,6,1.0000,1.0000,1.0000,1.0000,0.0000,1.0000,1.0000,0.0000,1.0000,0.6727,14,1
isolation_forest_detector,adversarial_compensated_violation,7,1.0000,1.0000,1.0000,1.0000,0.0000,1.0000,1.0000,0.0000,1.0000,0.6783,14,1
isolation_forest_detector,combined_violation_shift,0,1.0000,1.0000,1.0000,1.0000,0.0000,1.0000,1.0000,0.0000,1.0000,0.6685,14,1
isolation_forest_detector,combined_violation_shift,1,1.0000,1.0000,1.0000,1.0000,0.0000,1.0000,1.0000,0.0000,1.0000,0.6656,14,1
isolation_forest_detector,combined_violation_shift,2,1.0000,1.0000,1.0000,1.0000,0.0000,1.0000,1.0000,0.0000,1.0000,0.6674,14,1
isolation_forest_detector,combined_violation_shift,3,1.0000,1.0000,1.0000,1.0000,0.0000,1.0000,1.0000,0.0000,1.0000,0.6658,14,1
isolation_forest_detector,combined_violation_shift,4,1.0000,1.0000,1.0000,1.0000,0.0000,1.0000,1.0000,0.0000,1.0000,0.6697,14,1
isolation_forest_detector,combined_violation_shift,5,1.0000,1.0000,1.0000,1.0000,0.0000,1.0000,1.0000,0.0000,1.0000,0.6630,14,1
isolation_forest_detector,combined_violation_shift,6,1.0000,1.0000,1.0000,1.0000,0.0000,1.0000,1.0000,0.0000,1.0000,0.6676,14,1
isolation_forest_detector,combined_violation_shift,7,1.0000,1.0000,1.0000,1.0000,0.0000,1.0000,1.0000,0.0000,1.0000,0.6699,14,1
isolation_forest_detector,contact_corruption,0,1.0000,1.0000,1.0000,1.0000,0.0000,1.0000,1.0000,0.0000,1.0000,0.6589,14,1
isolation_forest_detector,contact_corruption,1,1.0000,1.0000,1.0000,1.0000,0.0000,1.0000,1.0000,0.0000,1.0000,0.6589,14,1
isolation_forest_detector,contact_corruption,2,1.0000,1.0000,1.0000,1.0000,0.0000,1.0000,1.0000,0.0000,1.0000,0.6602,14,1
isolation_forest_detector,contact_corruption,3,1.0000,1.0000,1.0000,1.0000,0.0000,1.0000,1.0000,0.0000,1.0000,0.6592,14,1
isolation_forest_detector,contact_corruption,4,1.0000,1.0000,1.0000,1.0000,0.0000,1.0000,1.0000,0.0000,1.0000,0.6593,14,1
isolation_forest_detector,contact_corruption,5,1.0000,1.0000,1.0000,1.0000,0.0000,1.0000,1.0000,0.0000,1.0000,0.6582,14,1
isolation_forest_detector,contact_corruption,6,1.0000,1.0000,1.0000,1.0000,0.0000,1.0000,1.0000,0.0000,1.0000,0.6608,14,1
isolation_forest_detector,contact_corruption,7,1.0000,1.0000,1.0000,1.0000,0.0000,1.0000,1.0000,0.0000,1.0000,0.6586,14,1
isolation_forest_detector,energy_work_corruption,0,1.0000,0.2857,0.4444,0.2857,0.0000,0.2857,1.0000,0.0000,1.0000,0.6181,14,1
isolation_forest_detector,energy_work_corruption,1,1.0000,0.1429,0.2500,0.1429,0.0000,0.1429,1.0000,0.0000,1.0000,0.6084,14,1
isolation_forest_detector,energy_work_corruption,2,1.0000,0.2857,0.4444,0.2857,0.0000,0.2857,1.0000,0.0000,1.0000,0.6137,14,1
isolation_forest_detector,energy_work_corruption,3,1.0000,0.0714,0.1333,0.0714,0.0000,0.0714,1.0000,0.0000,1.0000,0.6054,14,1
isolation_forest_detector,energy_work_corruption,4,1.0000,0.1429,0.2500,0.1429,0.0000,0.1429,1.0000,0.0000,1.0000,0.6145,14,1
isolation_forest_detector,energy_work_corruption,5,0.0000,0.0000,0.0000,0.0000,0.0000,0.0000,1.0000,0.0000,1.0000,0.6036,14,1
isolation_forest_detector,energy_work_corruption,6,1.0000,0.3571,0.5263,0.3571,0.0000,0.3571,1.0000,0.0000,1.0000,0.6093,14,1
isolation_forest_detector,energy_work_corruption,7,1.0000,0.2143,0.3529,0.2143,0.0000,0.2143,1.0000,0.0000,1.0000,0.6114,14,1
isolation_forest_detector,mixed_near_threshold,0,0.0000,0.0000,0.0000,0.0000,0.0000,0.0000,1.0000,0.0000,1.0000,0.6082,14,1
isolation_forest_detector,mixed_near_threshold,1,0.0000,0.0000,0.0000,0.0000,0.0000,0.0000,1.0000,0.0000,1.0000,0.6071,14,1
isolation_forest_detector,mixed_near_threshold,2,1.0000,0.1429,0.2500,0.1429,0.0000,0.1429,1.0000,0.0000,1.0000,0.6150,14,1
isolation_forest_detector,mixed_near_threshold,3,0.0000,0.0000,0.0000,0.0000,0.0000,0.0000,1.0000,0.0000,1.0000,0.6035,14,1
isolation_forest_detector,mixed_near_threshold,4,0.0000,0.0000,0.0000,0.0000,0.0000,0.0000,1.0000,0.0000,1.0000,0.6075,14,1
isolation_forest_detector,mixed_near_threshold,5,0.0000,0.0000,0.0000,0.0000,0.0000,0.0000,1.0000,0.0000,1.0000,0.6022,14,1
isolation_forest_detector,mixed_near_threshold,6,1.0000,0.1429,0.2500,0.1429,0.0000,0.1429,1.0000,0.0000,1.0000,0.6075,14,1
isolation_forest_detector,mixed_near_threshold,7,1.0000,0.0714,0.1333,0.0714,0.0000,0.0714,1.0000,0.0000,1.0000,0.6069,14,1
isolation_forest_detector,nominal_valid,0,0.0000,0.0000,0.0000,1.0000,0.0000,0.0000,0.0000,0.0000,0.0000,0.4248,14,1
isolation_forest_detector,nominal_valid,1,0.0000,0.0000,0.0000,1.0000,0.0000,0.0000,0.0000,0.0000,0.0000,0.4306,14,1
isolation_forest_detector,nominal_valid,2,0.0000,0.0000,0.0000,1.0000,0.0000,0.0000,0.0000,0.0000,0.0000,0.4433,14,1
isolation_forest_detector,nominal_valid,3,0.0000,0.0000,0.0000,1.0000,0.0000,0.0000,0.0000,0.0000,0.0000,0.4204,14,1
isolation_forest_detector,nominal_valid,4,0.0000,0.0000,0.0000,1.0000,0.0000,0.0000,0.0000,0.0000,0.0000,0.4315,14,1
isolation_forest_detector,nominal_valid,5,0.0000,0.0000,0.0000,1.0000,0.0000,0.0000,0.0000,0.0000,0.0000,0.4142,14,1
isolation_forest_detector,nominal_valid,6,0.0000,0.0000,0.0000,1.0000,0.0000,0.0000,0.0000,0.0000,0.0000,0.4297,14,1
isolation_forest_detector,nominal_valid,7,0.0000,0.0000,0.0000,1.0000,0.0000,0.0000,0.0000,0.0000,0.0000,0.4231,14,1
isolation_forest_detector,noncausal_teleport,0,0.0000,0.0000,0.0000,0.0000,0.0000,0.0000,1.0000,0.0000,1.0000,0.5706,14,1
isolation_forest_detector,noncausal_teleport,1,0.0000,0.0000,0.0000,0.0000,0.0000,0.0000,1.0000,0.0000,1.0000,0.5699,14,1
isolation_forest_detector,noncausal_teleport,2,0.0000,0.0000,0.0000,0.0000,0.0000,0.0000,1.0000,0.0000,1.0000,0.5774,14,1
isolation_forest_detector,noncausal_teleport,3,0.0000,0.0000,0.0000,0.0000,0.0000,0.0000,1.0000,0.0000,1.0000,0.5679,14,1
isolation_forest_detector,noncausal_teleport,4,0.0000,0.0000,0.0000,0.0000,0.0000,0.0000,1.0000,0.0000,1.0000,0.5719,14,1
isolation_forest_detector,noncausal_teleport,5,0.0000,0.0000,0.0000,0.0000,0.0000,0.0000,1.0000,0.0000,1.0000,0.5657,14,1
isolation_forest_detector,noncausal_teleport,6,0.0000,0.0000,0.0000,0.0000,0.0000,0.0000,1.0000,0.0000,1.0000,0.5723,14,1
isolation_forest_detector,noncausal_teleport,7,0.0000,0.0000,0.0000,0.0000,0.0000,0.0000,1.0000,0.0000,1.0000,0.5707,14,1
isolation_forest_detector,rare_valid_bounce,0,0.0000,0.0000,0.0000,0.7143,0.2857,0.2857,0.0000,0.0000,0.0000,0.5643,14,1
isolation_forest_detector,rare_valid_bounce,1,0.0000,0.0000,0.0000,1.0000,0.0000,0.0000,0.0000,0.0000,0.0000,0.5036,14,1
isolation_forest_detector,rare_valid_bounce,2,0.0000,0.0000,0.0000,0.8571,0.1429,0.1429,0.0000,0.0000,0.0000,0.5303,14,1
isolation_forest_detector,rare_valid_bounce,3,0.0000,0.0000,0.0000,0.8571,0.1429,0.1429,0.0000,0.0000,0.0000,0.5249,14,1
isolation_forest_detector,rare_valid_bounce,4,0.0000,0.0000,0.0000,0.9286,0.0714,0.0714,0.0000,0.0000,0.0000,0.5138,14,1
isolation_forest_detector,rare_valid_bounce,5,0.0000,0.0000,0.0000,0.8571,0.1429,0.1429,0.0000,0.0000,0.0000,0.5470,14,1
isolation_forest_detector,rare_valid_bounce,6,0.0000,0.0000,0.0000,0.8571,0.1429,0.1429,0.0000,0.0000,0.0000,0.5428,14,1
isolation_forest_detector,rare_valid_bounce,7,0.0000,0.0000,0.0000,0.8571,0.1429,0.1429,0.0000,0.0000,0.0000,0.5372,14,1
isolation_forest_detector,subtle_contact_corruption,0,1.0000,1.0000,1.0000,1.0000,0.0000,1.0000,1.0000,0.0000,1.0000,0.6580,14,1
isolation_forest_detector,subtle_contact_corruption,1,1.0000,1.0000,1.0000,1.0000,0.0000,1.0000,1.0000,0.0000,1.0000,0.6597,14,1
isolation_forest_detector,subtle_contact_corruption,2,1.0000,1.0000,1.0000,1.0000,0.0000,1.0000,1.0000,0.0000,1.0000,0.6587,14,1
isolation_forest_detector,subtle_contact_corruption,3,1.0000,1.0000,1.0000,1.0000,0.0000,1.0000,1.0000,0.0000,1.0000,0.6582,14,1
isolation_forest_detector,subtle_contact_corruption,4,1.0000,1.0000,1.0000,1.0000,0.0000,1.0000,1.0000,0.0000,1.0000,0.6581,14,1
isolation_forest_detector,subtle_contact_corruption,5,1.0000,1.0000,1.0000,1.0000,0.0000,1.0000,1.0000,0.0000,1.0000,0.6581,14,1
isolation_forest_detector,subtle_contact_corruption,6,1.0000,1.0000,1.0000,1.0000,0.0000,1.0000,1.0000,0.0000,1.0000,0.6599,14,1
isolation_forest_detector,subtle_contact_corruption,7,1.0000,1.0000,1.0000,1.0000,0.0000,1.0000,1.0000,0.0000,1.0000,0.6572,14,1
isolation_forest_detector,subtle_energy_corruption,0,0.0000,0.0000,0.0000,0.0000,0.0000,0.0000,1.0000,0.0000,1.0000,0.5080,14,1
isolation_forest_detector,subtle_energy_corruption,1,0.0000,0.0000,0.0000,0.0000,0.0000,0.0000,1.0000,0.0000,1.0000,0.4976,14,1
isolation_forest_detector,subtle_energy_corruption,2,0.0000,0.0000,0.0000,0.0000,0.0000,0.0000,1.0000,0.0000,1.0000,0.5148,14,1
isolation_forest_detector,subtle_energy_corruption,3,0.0000,0.0000,0.0000,0.0000,0.0000,0.0000,1.0000,0.0000,1.0000,0.4914,14,1
isolation_forest_detector,subtle_energy_corruption,4,0.0000,0.0000,0.0000,0.0000,0.0000,0.0000,1.0000,0.0000,1.0000,0.4934,14,1
isolation_forest_detector,subtle_energy_corruption,5,0.0000,0.0000,0.0000,0.0000,0.0000,0.0000,1.0000,0.0000,1.0000,0.4864,14,1
isolation_forest_detector,subtle_energy_corruption,6,0.0000,0.0000,0.0000,0.0000,0.0000,0.0000,1.0000,0.0000,1.0000,0.5057,14,1
isolation_forest_detector,subtle_energy_corruption,7,0.0000,0.0000,0.0000,0.0000,0.0000,0.0000,1.0000,0.0000,1.0000,0.4957,14,1
isolation_forest_detector,support_levitation,0,0.0000,0.0000,0.0000,0.0000,0.0000,0.0000,1.0000,0.0000,1.0000,0.5707,14,1
isolation_forest_detector,support_levitation,1,0.0000,0.0000,0.0000,0.0000,0.0000,0.0000,1.0000,0.0000,1.0000,0.5622,14,1
isolation_forest_detector,support_levitation,2,1.0000,0.0714,0.1333,0.0714,0.0000,0.0714,1.0000,0.0000,1.0000,0.5752,14,1
isolation_forest_detector,support_levitation,3,0.0000,0.0000,0.0000,0.0000,0.0000,0.0000,1.0000,0.0000,1.0000,0.5609,14,1
isolation_forest_detector,support_levitation,4,0.0000,0.0000,0.0000,0.0000,0.0000,0.0000,1.0000,0.0000,1.0000,0.5757,14,1
isolation_forest_detector,support_levitation,5,0.0000,0.0000,0.0000,0.0000,0.0000,0.0000,1.0000,0.0000,1.0000,0.5633,14,1
isolation_forest_detector,support_levitation,6,0.0000,0.0000,0.0000,0.0000,0.0000,0.0000,1.0000,0.0000,1.0000,0.5647,14,1
isolation_forest_detector,support_levitation,7,0.0000,0.0000,0.0000,0.0000,0.0000,0.0000,1.0000,0.0000,1.0000,0.5637,14,1
isolation_forest_detector,timestamp_noncausal_corruption,0,0.0000,0.0000,0.0000,0.0000,0.0000,0.0000,1.0000,0.0000,1.0000,0.5674,14,1
isolation_forest_detector,timestamp_noncausal_corruption,1,0.0000,0.0000,0.0000,0.0000,0.0000,0.0000,1.0000,0.0000,1.0000,0.5620,14,1
isolation_forest_detector,timestamp_noncausal_corruption,2,0.0000,0.0000,0.0000,0.0000,0.0000,0.0000,1.0000,0.0000,1.0000,0.5692,14,1
isolation_forest_detector,timestamp_noncausal_corruption,3,0.0000,0.0000,0.0000,0.0000,0.0000,0.0000,1.0000,0.0000,1.0000,0.5614,14,1
isolation_forest_detector,timestamp_noncausal_corruption,4,0.0000,0.0000,0.0000,0.0000,0.0000,0.0000,1.0000,0.0000,1.0000,0.5727,14,1
isolation_forest_detector,timestamp_noncausal_corruption,5,0.0000,0.0000,0.0000,0.0000,0.0000,0.0000,1.0000,0.0000,1.0000,0.5614,14,1
isolation_forest_detector,timestamp_noncausal_corruption,6,0.0000,0.0000,0.0000,0.0000,0.0000,0.0000,1.0000,0.0000,1.0000,0.5677,14,1
isolation_forest_detector,timestamp_noncausal_corruption,7,0.0000,0.0000,0.0000,0.0000,0.0000,0.0000,1.0000,0.0000,1.0000,0.5715,14,1
isolation_forest_detector,valid_clock_skew,0,0.0000,0.0000,0.0000,1.0000,0.0000,0.0000,0.0000,0.0000,0.0000,0.4510,14,1
isolation_forest_detector,valid_clock_skew,1,0.0000,0.0000,0.0000,1.0000,0.0000,0.0000,0.0000,0.0000,0.0000,0.4413,14,1
isolation_forest_detector,valid_clock_skew,2,0.0000,0.0000,0.0000,1.0000,0.0000,0.0000,0.0000,0.0000,0.0000,0.4324,14,1
isolation_forest_detector,valid_clock_skew,3,0.0000,0.0000,0.0000,1.0000,0.0000,0.0000,0.0000,0.0000,0.0000,0.4469,14,1
isolation_forest_detector,valid_clock_skew,4,0.0000,0.0000,0.0000,1.0000,0.0000,0.0000,0.0000,0.0000,0.0000,0.4445,14,1
isolation_forest_detector,valid_clock_skew,5,0.0000,0.0000,0.0000,1.0000,0.0000,0.0000,0.0000,0.0000,0.0000,0.4488,14,1
isolation_forest_detector,valid_clock_skew,6,0.0000,0.0000,0.0000,1.0000,0.0000,0.0000,0.0000,0.0000,0.0000,0.4554,14,1
isolation_forest_detector,valid_clock_skew,7,0.0000,0.0000,0.0000,1.0000,0.0000,0.0000,0.0000,0.0000,0.0000,0.4452,14,1
isolation_forest_detector,valid_low_friction_slip,0,0.0000,0.0000,0.0000,1.0000,0.0000,0.0000,0.0000,0.0000,0.0000,0.4061,14,1
isolation_forest_detector,valid_low_friction_slip,1,0.0000,0.0000,0.0000,1.0000,0.0000,0.0000,0.0000,0.0000,0.0000,0.4087,14,1
isolation_forest_detector,valid_low_friction_slip,2,0.0000,0.0000,0.0000,1.0000,0.0000,0.0000,0.0000,0.0000,0.0000,0.4062,14,1
isolation_forest_detector,valid_low_friction_slip,3,0.0000,0.0000,0.0000,1.0000,0.0000,0.0000,0.0000,0.0000,0.0000,0.4148,14,1
isolation_forest_detector,valid_low_friction_slip,4,0.0000,0.0000,0.0000,1.0000,0.0000,0.0000,0.0000,0.0000,0.0000,0.4081,14,1
isolation_forest_detector,valid_low_friction_slip,5,0.0000,0.0000,0.0000,1.0000,0.0000,0.0000,0.0000,0.0000,0.0000,0.4114,14,1
isolation_forest_detector,valid_low_friction_slip,6,0.0000,0.0000,0.0000,1.0000,0.0000,0.0000,0.0000,0.0000,0.0000,0.4105,14,1
isolation_forest_detector,valid_low_friction_slip,7,0.0000,0.0000,0.0000,1.0000,0.0000,0.0000,0.0000,0.0000,0.0000,0.4078,14,1
kinematic_residual_threshold,actuator_saturation,0,0.0000,0.0000,0.0000,0.0000,0.0000,0.0000,1.0000,0.0000,1.0000,1.6636,14,1
kinematic_residual_threshold,actuator_saturation,1,0.0000,0.0000,0.0000,0.0000,0.0000,0.0000,1.0000,0.0000,1.0000,1.7027,14,1
kinematic_residual_threshold,actuator_saturation,2,0.0000,0.0000,0.0000,0.0000,0.0000,0.0000,1.0000,0.0000,1.0000,1.7531,14,1
kinematic_residual_threshold,actuator_saturation,3,0.0000,0.0000,0.0000,0.0000,0.0000,0.0000,1.0000,0.0000,1.0000,1.6497,14,1
kinematic_residual_threshold,actuator_saturation,4,0.0000,0.0000,0.0000,0.0000,0.0000,0.0000,1.0000,0.0000,1.0000,1.6313,14,1
kinematic_residual_threshold,actuator_saturation,5,0.0000,0.0000,0.0000,0.0000,0.0000,0.0000,1.0000,0.0000,1.0000,1.6376,14,1
kinematic_residual_threshold,actuator_saturation,6,0.0000,0.0000,0.0000,0.0000,0.0000,0.0000,1.0000,0.0000,1.0000,1.6811,14,1
kinematic_residual_threshold,actuator_saturation,7,0.0000,0.0000,0.0000,0.0000,0.0000,0.0000,1.0000,0.0000,1.0000,1.6416,14,1
kinematic_residual_threshold,adversarial_compensated_violation,0,1.0000,1.0000,1.0000,1.0000,0.0000,1.0000,1.0000,0.0000,1.0000,2.5616,14,1
kinematic_residual_threshold,adversarial_compensated_violation,1,1.0000,1.0000,1.0000,1.0000,0.0000,1.0000,1.0000,0.0000,1.0000,2.4666,14,1
kinematic_residual_threshold,adversarial_compensated_violation,2,1.0000,1.0000,1.0000,1.0000,0.0000,1.0000,1.0000,0.0000,1.0000,2.5651,14,1
kinematic_residual_threshold,adversarial_compensated_violation,3,1.0000,1.0000,1.0000,1.0000,0.0000,1.0000,1.0000,0.0000,1.0000,2.5337,14,1
kinematic_residual_threshold,adversarial_compensated_violation,4,1.0000,1.0000,1.0000,1.0000,0.0000,1.0000,1.0000,0.0000,1.0000,2.6064,14,1
kinematic_residual_threshold,adversarial_compensated_violation,5,1.0000,1.0000,1.0000,1.0000,0.0000,1.0000,1.0000,0.0000,1.0000,2.5871,14,1
kinematic_residual_threshold,adversarial_compensated_violation,6,1.0000,1.0000,1.0000,1.0000,0.0000,1.0000,1.0000,0.0000,1.0000,2.5223,14,1
kinematic_residual_threshold,adversarial_compensated_violation,7,1.0000,1.0000,1.0000,1.0000,0.0000,1.0000,1.0000,0.0000,1.0000,2.6605,14,1
kinematic_residual_threshold,combined_violation_shift,0,1.0000,1.0000,1.0000,1.0000,0.0000,1.0000,1.0000,0.0000,1.0000,6.6412,14,1
kinematic_residual_threshold,combined_violation_shift,1,1.0000,1.0000,1.0000,1.0000,0.0000,1.0000,1.0000,0.0000,1.0000,6.5894,14,1
kinematic_residual_threshold,combined_violation_shift,2,1.0000,1.0000,1.0000,1.0000,0.0000,1.0000,1.0000,0.0000,1.0000,6.6186,14,1
kinematic_residual_threshold,combined_violation_shift,3,1.0000,1.0000,1.0000,1.0000,0.0000,1.0000,1.0000,0.0000,1.0000,6.5640,14,1
kinematic_residual_threshold,combined_violation_shift,4,1.0000,1.0000,1.0000,1.0000,0.0000,1.0000,1.0000,0.0000,1.0000,6.5397,14,1
kinematic_residual_threshold,combined_violation_shift,5,1.0000,1.0000,1.0000,1.0000,0.0000,1.0000,1.0000,0.0000,1.0000,6.5821,14,1
kinematic_residual_threshold,combined_violation_shift,6,1.0000,1.0000,1.0000,1.0000,0.0000,1.0000,1.0000,0.0000,1.0000,6.6139,14,1
kinematic_residual_threshold,combined_violation_shift,7,1.0000,1.0000,1.0000,1.0000,0.0000,1.0000,1.0000,0.0000,1.0000,6.5279,14,1
kinematic_residual_threshold,contact_corruption,0,0.0000,0.0000,0.0000,0.0000,0.0000,0.0000,1.0000,0.0000,1.0000,0.7385,14,1
kinematic_residual_threshold,contact_corruption,1,0.0000,0.0000,0.0000,0.0000,0.0000,0.0000,1.0000,0.0000,1.0000,0.7570,14,1
kinematic_residual_threshold,contact_corruption,2,0.0000,0.0000,0.0000,0.0000,0.0000,0.0000,1.0000,0.0000,1.0000,0.8278,14,1
kinematic_residual_threshold,contact_corruption,3,0.0000,0.0000,0.0000,0.0000,0.0000,0.0000,1.0000,0.0000,1.0000,0.7630,14,1
kinematic_residual_threshold,contact_corruption,4,0.0000,0.0000,0.0000,0.0000,0.0000,0.0000,1.0000,0.0000,1.0000,0.8023,14,1
kinematic_residual_threshold,contact_corruption,5,0.0000,0.0000,0.0000,0.0000,0.0000,0.0000,1.0000,0.0000,1.0000,0.7595,14,1
kinematic_residual_threshold,contact_corruption,6,0.0000,0.0000,0.0000,0.0000,0.0000,0.0000,1.0000,0.0000,1.0000,0.7982,14,1
kinematic_residual_threshold,contact_corruption,7,0.0000,0.0000,0.0000,0.0000,0.0000,0.0000,1.0000,0.0000,1.0000,0.8308,14,1
kinematic_residual_threshold,energy_work_corruption,0,1.0000,1.0000,1.0000,1.0000,0.0000,1.0000,1.0000,0.0000,1.0000,3.7019,14,1
kinematic_residual_threshold,energy_work_corruption,1,1.0000,1.0000,1.0000,1.0000,0.0000,1.0000,1.0000,0.0000,1.0000,3.7001,14,1
kinematic_residual_threshold,energy_work_corruption,2,1.0000,1.0000,1.0000,1.0000,0.0000,1.0000,1.0000,0.0000,1.0000,3.7620,14,1
kinematic_residual_threshold,energy_work_corruption,3,1.0000,1.0000,1.0000,1.0000,0.0000,1.0000,1.0000,0.0000,1.0000,3.6990,14,1
kinematic_residual_threshold,energy_work_corruption,4,1.0000,1.0000,1.0000,1.0000,0.0000,1.0000,1.0000,0.0000,1.0000,3.7093,14,1
kinematic_residual_threshold,energy_work_corruption,5,1.0000,1.0000,1.0000,1.0000,0.0000,1.0000,1.0000,0.0000,1.0000,3.6959,14,1
kinematic_residual_threshold,energy_work_corruption,6,1.0000,1.0000,1.0000,1.0000,0.0000,1.0000,1.0000,0.0000,1.0000,3.7037,14,1
kinematic_residual_threshold,energy_work_corruption,7,1.0000,1.0000,1.0000,1.0000,0.0000,1.0000,1.0000,0.0000,1.0000,3.7045,14,1
kinematic_residual_threshold,mixed_near_threshold,0,1.0000,0.7857,0.8800,0.7857,0.0000,0.7857,1.0000,0.0000,1.0000,2.1195,14,1
kinematic_residual_threshold,mixed_near_threshold,1,1.0000,0.9286,0.9630,0.9286,0.0000,0.9286,1.0000,0.0000,1.0000,2.1860,14,1
kinematic_residual_threshold,mixed_near_threshold,2,1.0000,1.0000,1.0000,1.0000,0.0000,1.0000,1.0000,0.0000,1.0000,2.2124,14,1
kinematic_residual_threshold,mixed_near_threshold,3,1.0000,1.0000,1.0000,1.0000,0.0000,1.0000,1.0000,0.0000,1.0000,2.1664,14,1
kinematic_residual_threshold,mixed_near_threshold,4,1.0000,0.9286,0.9630,0.9286,0.0000,0.9286,1.0000,0.0000,1.0000,2.1735,14,1
kinematic_residual_threshold,mixed_near_threshold,5,1.0000,0.9286,0.9630,0.9286,0.0000,0.9286,1.0000,0.0000,1.0000,2.1504,14,1
kinematic_residual_threshold,mixed_near_threshold,6,1.0000,0.7857,0.8800,0.7857,0.0000,0.7857,1.0000,0.0000,1.0000,2.1543,14,1
kinematic_residual_threshold,mixed_near_threshold,7,1.0000,0.9286,0.9630,0.9286,0.0000,0.9286,1.0000,0.0000,1.0000,2.1490,14,1
kinematic_residual_threshold,nominal_valid,0,0.0000,0.0000,0.0000,1.0000,0.0000,0.0000,0.0000,0.0000,0.0000,0.8453,14,1
kinematic_residual_threshold,nominal_valid,1,0.0000,0.0000,0.0000,1.0000,0.0000,0.0000,0.0000,0.0000,0.0000,0.8360,14,1
kinematic_residual_threshold,nominal_valid,2,0.0000,0.0000,0.0000,1.0000,0.0000,0.0000,0.0000,0.0000,0.0000,0.9519,14,1
kinematic_residual_threshold,nominal_valid,3,0.0000,0.0000,0.0000,1.0000,0.0000,0.0000,0.0000,0.0000,0.0000,0.8106,14,1
kinematic_residual_threshold,nominal_valid,4,0.0000,0.0000,0.0000,1.0000,0.0000,0.0000,0.0000,0.0000,0.0000,0.8538,14,1
kinematic_residual_threshold,nominal_valid,5,0.0000,0.0000,0.0000,1.0000,0.0000,0.0000,0.0000,0.0000,0.0000,0.8138,14,1
kinematic_residual_threshold,nominal_valid,6,0.0000,0.0000,0.0000,1.0000,0.0000,0.0000,0.0000,0.0000,0.0000,0.8269,14,1
kinematic_residual_threshold,nominal_valid,7,0.0000,0.0000,0.0000,1.0000,0.0000,0.0000,0.0000,0.0000,0.0000,0.8388,14,1
kinematic_residual_threshold,noncausal_teleport,0,1.0000,1.0000,1.0000,1.0000,0.0000,1.0000,1.0000,0.0000,1.0000,2.7939,14,1
kinematic_residual_threshold,noncausal_teleport,1,1.0000,1.0000,1.0000,1.0000,0.0000,1.0000,1.0000,0.0000,1.0000,2.8965,14,1
kinematic_residual_threshold,noncausal_teleport,2,1.0000,1.0000,1.0000,1.0000,0.0000,1.0000,1.0000,0.0000,1.0000,2.8599,14,1
kinematic_residual_threshold,noncausal_teleport,3,1.0000,1.0000,1.0000,1.0000,0.0000,1.0000,1.0000,0.0000,1.0000,2.7934,14,1
kinematic_residual_threshold,noncausal_teleport,4,1.0000,1.0000,1.0000,1.0000,0.0000,1.0000,1.0000,0.0000,1.0000,2.8065,14,1
kinematic_residual_threshold,noncausal_teleport,5,1.0000,1.0000,1.0000,1.0000,0.0000,1.0000,1.0000,0.0000,1.0000,2.7171,14,1
kinematic_residual_threshold,noncausal_teleport,6,1.0000,1.0000,1.0000,1.0000,0.0000,1.0000,1.0000,0.0000,1.0000,2.6974,14,1
kinematic_residual_threshold,noncausal_teleport,7,1.0000,1.0000,1.0000,1.0000,0.0000,1.0000,1.0000,0.0000,1.0000,2.8186,14,1
kinematic_residual_threshold,rare_valid_bounce,0,0.0000,0.0000,0.0000,0.6429,0.3571,0.3571,0.0000,0.0000,0.0000,1.9648,14,1
kinematic_residual_threshold,rare_valid_bounce,1,0.0000,0.0000,0.0000,0.7857,0.2143,0.2143,0.0000,0.0000,0.0000,1.7621,14,1
kinematic_residual_threshold,rare_valid_bounce,2,0.0000,0.0000,0.0000,0.8571,0.1429,0.1429,0.0000,0.0000,0.0000,1.7482,14,1
kinematic_residual_threshold,rare_valid_bounce,3,0.0000,0.0000,0.0000,0.7857,0.2143,0.2143,0.0000,0.0000,0.0000,1.7642,14,1
kinematic_residual_threshold,rare_valid_bounce,4,0.0000,0.0000,0.0000,0.9286,0.0714,0.0714,0.0000,0.0000,0.0000,1.7101,14,1
kinematic_residual_threshold,rare_valid_bounce,5,0.0000,0.0000,0.0000,0.7857,0.2143,0.2143,0.0000,0.0000,0.0000,1.9017,14,1
kinematic_residual_threshold,rare_valid_bounce,6,0.0000,0.0000,0.0000,0.7857,0.2143,0.2143,0.0000,0.0000,0.0000,1.8828,14,1
kinematic_residual_threshold,rare_valid_bounce,7,0.0000,0.0000,0.0000,0.7143,0.2857,0.2857,0.0000,0.0000,0.0000,1.9520,14,1
kinematic_residual_threshold,subtle_contact_corruption,0,0.0000,0.0000,0.0000,0.0000,0.0000,0.0000,1.0000,0.0000,1.0000,0.6480,14,1
kinematic_residual_threshold,subtle_contact_corruption,1,0.0000,0.0000,0.0000,0.0000,0.0000,0.0000,1.0000,0.0000,1.0000,0.6698,14,1
kinematic_residual_threshold,subtle_contact_corruption,2,0.0000,0.0000,0.0000,0.0000,0.0000,0.0000,1.0000,0.0000,1.0000,0.7358,14,1
kinematic_residual_threshold,subtle_contact_corruption,3,0.0000,0.0000,0.0000,0.0000,0.0000,0.0000,1.0000,0.0000,1.0000,0.6292,14,1
kinematic_residual_threshold,subtle_contact_corruption,4,0.0000,0.0000,0.0000,0.0000,0.0000,0.0000,1.0000,0.0000,1.0000,0.6541,14,1
kinematic_residual_threshold,subtle_contact_corruption,5,0.0000,0.0000,0.0000,0.0000,0.0000,0.0000,1.0000,0.0000,1.0000,0.6334,14,1
kinematic_residual_threshold,subtle_contact_corruption,6,0.0000,0.0000,0.0000,0.0000,0.0000,0.0000,1.0000,0.0000,1.0000,0.6574,14,1
kinematic_residual_threshold,subtle_contact_corruption,7,0.0000,0.0000,0.0000,0.0000,0.0000,0.0000,1.0000,0.0000,1.0000,0.6380,14,1
kinematic_residual_threshold,subtle_energy_corruption,0,0.0000,0.0000,0.0000,0.0000,0.0000,0.0000,1.0000,0.0000,1.0000,1.4769,14,1
kinematic_residual_threshold,subtle_energy_corruption,1,0.0000,0.0000,0.0000,0.0000,0.0000,0.0000,1.0000,0.0000,1.0000,1.4959,14,1
kinematic_residual_threshold,subtle_energy_corruption,2,0.0000,0.0000,0.0000,0.0000,0.0000,0.0000,1.0000,0.0000,1.0000,1.4900,14,1
kinematic_residual_threshold,subtle_energy_corruption,3,0.0000,0.0000,0.0000,0.0000,0.0000,0.0000,1.0000,0.0000,1.0000,1.4562,14,1
kinematic_residual_threshold,subtle_energy_corruption,4,0.0000,0.0000,0.0000,0.0000,0.0000,0.0000,1.0000,0.0000,1.0000,1.4406,14,1
kinematic_residual_threshold,subtle_energy_corruption,5,0.0000,0.0000,0.0000,0.0000,0.0000,0.0000,1.0000,0.0000,1.0000,1.4807,14,1
kinematic_residual_threshold,subtle_energy_corruption,6,0.0000,0.0000,0.0000,0.0000,0.0000,0.0000,1.0000,0.0000,1.0000,1.5138,14,1
kinematic_residual_threshold,subtle_energy_corruption,7,0.0000,0.0000,0.0000,0.0000,0.0000,0.0000,1.0000,0.0000,1.0000,1.5006,14,1
kinematic_residual_threshold,support_levitation,0,1.0000,1.0000,1.0000,1.0000,0.0000,1.0000,1.0000,0.0000,1.0000,2.8160,14,1
kinematic_residual_threshold,support_levitation,1,1.0000,1.0000,1.0000,1.0000,0.0000,1.0000,1.0000,0.0000,1.0000,2.8390,14,1
kinematic_residual_threshold,support_levitation,2,1.0000,1.0000,1.0000,1.0000,0.0000,1.0000,1.0000,0.0000,1.0000,2.8820,14,1
kinematic_residual_threshold,support_levitation,3,1.0000,1.0000,1.0000,1.0000,0.0000,1.0000,1.0000,0.0000,1.0000,2.8019,14,1
kinematic_residual_threshold,support_levitation,4,1.0000,1.0000,1.0000,1.0000,0.0000,1.0000,1.0000,0.0000,1.0000,2.8158,14,1
kinematic_residual_threshold,support_levitation,5,1.0000,1.0000,1.0000,1.0000,0.0000,1.0000,1.0000,0.0000,1.0000,2.7968,14,1
kinematic_residual_threshold,support_levitation,6,1.0000,1.0000,1.0000,1.0000,0.0000,1.0000,1.0000,0.0000,1.0000,2.8050,14,1
kinematic_residual_threshold,support_levitation,7,1.0000,1.0000,1.0000,1.0000,0.0000,1.0000,1.0000,0.0000,1.0000,2.8143,14,1
kinematic_residual_threshold,timestamp_noncausal_corruption,0,1.0000,0.1429,0.2500,0.1429,0.0000,0.1429,1.0000,0.0000,1.0000,1.8099,14,1
kinematic_residual_threshold,timestamp_noncausal_corruption,1,1.0000,0.1429,0.2500,0.1429,0.0000,0.1429,1.0000,0.0000,1.0000,1.8554,14,1
kinematic_residual_threshold,timestamp_noncausal_corruption,2,0.0000,0.0000,0.0000,0.0000,0.0000,0.0000,1.0000,0.0000,1.0000,1.8467,14,1
kinematic_residual_threshold,timestamp_noncausal_corruption,3,0.0000,0.0000,0.0000,0.0000,0.0000,0.0000,1.0000,0.0000,1.0000,1.7783,14,1
kinematic_residual_threshold,timestamp_noncausal_corruption,4,1.0000,0.1429,0.2500,0.1429,0.0000,0.1429,1.0000,0.0000,1.0000,1.8654,14,1
kinematic_residual_threshold,timestamp_noncausal_corruption,5,1.0000,0.0714,0.1333,0.0714,0.0000,0.0714,1.0000,0.0000,1.0000,1.7279,14,1
kinematic_residual_threshold,timestamp_noncausal_corruption,6,1.0000,0.0714,0.1333,0.0714,0.0000,0.0714,1.0000,0.0000,1.0000,1.7854,14,1
kinematic_residual_threshold,timestamp_noncausal_corruption,7,1.0000,0.2143,0.3529,0.2143,0.0000,0.2143,1.0000,0.0000,1.0000,1.9117,14,1
kinematic_residual_threshold,valid_clock_skew,0,0.0000,0.0000,0.0000,1.0000,0.0000,0.0000,0.0000,0.0000,0.0000,0.8789,14,1
kinematic_residual_threshold,valid_clock_skew,1,0.0000,0.0000,0.0000,1.0000,0.0000,0.0000,0.0000,0.0000,0.0000,0.9062,14,1
kinematic_residual_threshold,valid_clock_skew,2,0.0000,0.0000,0.0000,1.0000,0.0000,0.0000,0.0000,0.0000,0.0000,0.8528,14,1
kinematic_residual_threshold,valid_clock_skew,3,0.0000,0.0000,0.0000,1.0000,0.0000,0.0000,0.0000,0.0000,0.0000,0.8542,14,1
kinematic_residual_threshold,valid_clock_skew,4,0.0000,0.0000,0.0000,1.0000,0.0000,0.0000,0.0000,0.0000,0.0000,0.8348,14,1
kinematic_residual_threshold,valid_clock_skew,5,0.0000,0.0000,0.0000,1.0000,0.0000,0.0000,0.0000,0.0000,0.0000,0.8700,14,1
kinematic_residual_threshold,valid_clock_skew,6,0.0000,0.0000,0.0000,1.0000,0.0000,0.0000,0.0000,0.0000,0.0000,0.9046,14,1
kinematic_residual_threshold,valid_clock_skew,7,0.0000,0.0000,0.0000,1.0000,0.0000,0.0000,0.0000,0.0000,0.0000,0.8317,14,1
kinematic_residual_threshold,valid_low_friction_slip,0,0.0000,0.0000,0.0000,1.0000,0.0000,0.0000,0.0000,0.0000,0.0000,0.8355,14,1
kinematic_residual_threshold,valid_low_friction_slip,1,0.0000,0.0000,0.0000,1.0000,0.0000,0.0000,0.0000,0.0000,0.0000,0.8119,14,1
kinematic_residual_threshold,valid_low_friction_slip,2,0.0000,0.0000,0.0000,1.0000,0.0000,0.0000,0.0000,0.0000,0.0000,0.8373,14,1
kinematic_residual_threshold,valid_low_friction_slip,3,0.0000,0.0000,0.0000,1.0000,0.0000,0.0000,0.0000,0.0000,0.0000,0.8361,14,1
kinematic_residual_threshold,valid_low_friction_slip,4,0.0000,0.0000,0.0000,1.0000,0.0000,0.0000,0.0000,0.0000,0.0000,0.8049,14,1
kinematic_residual_threshold,valid_low_friction_slip,5,0.0000,0.0000,0.0000,1.0000,0.0000,0.0000,0.0000,0.0000,0.0000,0.8505,14,1
kinematic_residual_threshold,valid_low_friction_slip,6,0.0000,0.0000,0.0000,1.0000,0.0000,0.0000,0.0000,0.0000,0.0000,0.8327,14,1
kinematic_residual_threshold,valid_low_friction_slip,7,0.0000,0.0000,0.0000,1.0000,0.0000,0.0000,0.0000,0.0000,0.0000,0.8437,14,1
logistic_residual_stack,actuator_saturation,0,1.0000,0.6429,0.7826,0.6429,0.0000,0.6429,1.0000,0.0000,1.0000,0.7209,14,1
logistic_residual_stack,actuator_saturation,1,1.0000,0.9286,0.9630,0.9286,0.0000,0.9286,1.0000,0.0000,1.0000,0.8609,14,1
logistic_residual_stack,actuator_saturation,2,1.0000,0.8571,0.9231,0.8571,0.0000,0.8571,1.0000,0.0000,1.0000,0.8083,14,1
logistic_residual_stack,actuator_saturation,3,1.0000,0.7857,0.8800,0.7857,0.0000,0.7857,1.0000,0.0000,1.0000,0.7850,14,1
logistic_residual_stack,actuator_saturation,4,1.0000,0.7857,0.8800,0.7857,0.0000,0.7857,1.0000,0.0000,1.0000,0.7598,14,1
logistic_residual_stack,actuator_saturation,5,1.0000,0.5714,0.7273,0.5714,0.0000,0.5714,1.0000,0.0000,1.0000,0.6874,14,1
logistic_residual_stack,actuator_saturation,6,1.0000,1.0000,1.0000,1.0000,0.0000,1.0000,1.0000,0.0000,1.0000,0.8581,14,1
logistic_residual_stack,actuator_saturation,7,1.0000,0.7143,0.8333,0.7143,0.0000,0.7143,1.0000,0.0000,1.0000,0.7554,14,1
logistic_residual_stack,adversarial_compensated_violation,0,1.0000,1.0000,1.0000,1.0000,0.0000,1.0000,1.0000,0.0000,1.0000,0.8947,14,1
logistic_residual_stack,adversarial_compensated_violation,1,1.0000,0.9286,0.9630,0.9286,0.0000,0.9286,1.0000,0.0000,1.0000,0.8873,14,1
logistic_residual_stack,adversarial_compensated_violation,2,1.0000,1.0000,1.0000,1.0000,0.0000,1.0000,1.0000,0.0000,1.0000,0.8905,14,1
logistic_residual_stack,adversarial_compensated_violation,3,1.0000,1.0000,1.0000,1.0000,0.0000,1.0000,1.0000,0.0000,1.0000,0.8934,14,1
logistic_residual_stack,adversarial_compensated_violation,4,1.0000,0.9286,0.9630,0.9286,0.0000,0.9286,1.0000,0.0000,1.0000,0.8472,14,1
logistic_residual_stack,adversarial_compensated_violation,5,1.0000,1.0000,1.0000,1.0000,0.0000,1.0000,1.0000,0.0000,1.0000,0.9212,14,1
logistic_residual_stack,adversarial_compensated_violation,6,1.0000,1.0000,1.0000,1.0000,0.0000,1.0000,1.0000,0.0000,1.0000,0.8953,14,1
logistic_residual_stack,adversarial_compensated_violation,7,1.0000,1.0000,1.0000,1.0000,0.0000,1.0000,1.0000,0.0000,1.0000,0.8985,14,1
logistic_residual_stack,combined_violation_shift,0,1.0000,1.0000,1.0000,1.0000,0.0000,1.0000,1.0000,0.0000,1.0000,0.9999,14,1
logistic_residual_stack,combined_violation_shift,1,1.0000,1.0000,1.0000,1.0000,0.0000,1.0000,1.0000,0.0000,1.0000,1.0000,14,1
logistic_residual_stack,combined_violation_shift,2,1.0000,1.0000,1.0000,1.0000,0.0000,1.0000,1.0000,0.0000,1.0000,1.0000,14,1
logistic_residual_stack,combined_violation_shift,3,1.0000,1.0000,1.0000,1.0000,0.0000,1.0000,1.0000,0.0000,1.0000,0.9999,14,1
logistic_residual_stack,combined_violation_shift,4,1.0000,1.0000,1.0000,1.0000,0.0000,1.0000,1.0000,0.0000,1.0000,0.9999,14,1
logistic_residual_stack,combined_violation_shift,5,1.0000,1.0000,1.0000,1.0000,0.0000,1.0000,1.0000,0.0000,1.0000,0.9999,14,1
logistic_residual_stack,combined_violation_shift,6,1.0000,1.0000,1.0000,1.0000,0.0000,1.0000,1.0000,0.0000,1.0000,1.0000,14,1
logistic_residual_stack,combined_violation_shift,7,1.0000,1.0000,1.0000,1.0000,0.0000,1.0000,1.0000,0.0000,1.0000,1.0000,14,1
logistic_residual_stack,contact_corruption,0,1.0000,1.0000,1.0000,1.0000,0.0000,1.0000,1.0000,0.0000,1.0000,0.9977,14,1
logistic_residual_stack,contact_corruption,1,1.0000,1.0000,1.0000,1.0000,0.0000,1.0000,1.0000,0.0000,1.0000,0.9978,14,1
logistic_residual_stack,contact_corruption,2,1.0000,1.0000,1.0000,1.0000,0.0000,1.0000,1.0000,0.0000,1.0000,0.9981,14,1
logistic_residual_stack,contact_corruption,3,1.0000,1.0000,1.0000,1.0000,0.0000,1.0000,1.0000,0.0000,1.0000,0.9979,14,1
logistic_residual_stack,contact_corruption,4,1.0000,1.0000,1.0000,1.0000,0.0000,1.0000,1.0000,0.0000,1.0000,0.9978,14,1
logistic_residual_stack,contact_corruption,5,1.0000,1.0000,1.0000,1.0000,0.0000,1.0000,1.0000,0.0000,1.0000,0.9977,14,1
logistic_residual_stack,contact_corruption,6,1.0000,1.0000,1.0000,1.0000,0.0000,1.0000,1.0000,0.0000,1.0000,0.9980,14,1
logistic_residual_stack,contact_corruption,7,1.0000,1.0000,1.0000,1.0000,0.0000,1.0000,1.0000,0.0000,1.0000,0.9978,14,1
logistic_residual_stack,energy_work_corruption,0,1.0000,0.7857,0.8800,0.7857,0.0000,0.7857,1.0000,0.0000,1.0000,0.8112,14,1
logistic_residual_stack,energy_work_corruption,1,1.0000,0.9286,0.9630,0.9286,0.0000,0.9286,1.0000,0.0000,1.0000,0.8810,14,1
logistic_residual_stack,energy_work_corruption,2,1.0000,1.0000,1.0000,1.0000,0.0000,1.0000,1.0000,0.0000,1.0000,0.9094,14,1
logistic_residual_stack,energy_work_corruption,3,1.0000,0.9286,0.9630,0.9286,0.0000,0.9286,1.0000,0.0000,1.0000,0.8732,14,1
logistic_residual_stack,energy_work_corruption,4,1.0000,0.7143,0.8333,0.7143,0.0000,0.7143,1.0000,0.0000,1.0000,0.8018,14,1
logistic_residual_stack,energy_work_corruption,5,1.0000,0.9286,0.9630,0.9286,0.0000,0.9286,1.0000,0.0000,1.0000,0.8593,14,1
logistic_residual_stack,energy_work_corruption,6,1.0000,1.0000,1.0000,1.0000,0.0000,1.0000,1.0000,0.0000,1.0000,0.9228,14,1
logistic_residual_stack,energy_work_corruption,7,1.0000,0.7857,0.8800,0.7857,0.0000,0.7857,1.0000,0.0000,1.0000,0.8178,14,1
logistic_residual_stack,mixed_near_threshold,0,1.0000,1.0000,1.0000,1.0000,0.0000,1.0000,1.0000,0.0000,1.0000,0.8435,14,1
logistic_residual_stack,mixed_near_threshold,1,1.0000,1.0000,1.0000,1.0000,0.0000,1.0000,1.0000,0.0000,1.0000,0.8888,14,1
logistic_residual_stack,mixed_near_threshold,2,1.0000,1.0000,1.0000,1.0000,0.0000,1.0000,1.0000,0.0000,1.0000,0.8992,14,1
logistic_residual_stack,mixed_near_threshold,3,1.0000,1.0000,1.0000,1.0000,0.0000,1.0000,1.0000,0.0000,1.0000,0.8671,14,1
logistic_residual_stack,mixed_near_threshold,4,1.0000,1.0000,1.0000,1.0000,0.0000,1.0000,1.0000,0.0000,1.0000,0.8443,14,1
logistic_residual_stack,mixed_near_threshold,5,1.0000,1.0000,1.0000,1.0000,0.0000,1.0000,1.0000,0.0000,1.0000,0.8660,14,1
logistic_residual_stack,mixed_near_threshold,6,1.0000,1.0000,1.0000,1.0000,0.0000,1.0000,1.0000,0.0000,1.0000,0.8735,14,1
logistic_residual_stack,mixed_near_threshold,7,1.0000,1.0000,1.0000,1.0000,0.0000,1.0000,1.0000,0.0000,1.0000,0.8454,14,1
logistic_residual_stack,nominal_valid,0,0.0000,0.0000,0.0000,1.0000,0.0000,0.0000,0.0000,0.0000,0.0000,0.2374,14,1
logistic_residual_stack,nominal_valid,1,0.0000,0.0000,0.0000,1.0000,0.0000,0.0000,0.0000,0.0000,0.0000,0.2454,14,1
logistic_residual_stack,nominal_valid,2,0.0000,0.0000,0.0000,1.0000,0.0000,0.0000,0.0000,0.0000,0.0000,0.3030,14,1
logistic_residual_stack,nominal_valid,3,0.0000,0.0000,0.0000,1.0000,0.0000,0.0000,0.0000,0.0000,0.0000,0.2336,14,1
logistic_residual_stack,nominal_valid,4,0.0000,0.0000,0.0000,1.0000,0.0000,0.0000,0.0000,0.0000,0.0000,0.2295,14,1
logistic_residual_stack,nominal_valid,5,0.0000,0.0000,0.0000,1.0000,0.0000,0.0000,0.0000,0.0000,0.0000,0.2203,14,1
logistic_residual_stack,nominal_valid,6,0.0000,0.0000,0.0000,1.0000,0.0000,0.0000,0.0000,0.0000,0.0000,0.2417,14,1
logistic_residual_stack,nominal_valid,7,0.0000,0.0000,0.0000,1.0000,0.0000,0.0000,0.0000,0.0000,0.0000,0.2146,14,1
logistic_residual_stack,noncausal_teleport,0,1.0000,0.9286,0.9630,0.9286,0.0000,0.9286,1.0000,0.0000,1.0000,0.9236,14,1
logistic_residual_stack,noncausal_teleport,1,1.0000,1.0000,1.0000,1.0000,0.0000,1.0000,1.0000,0.0000,1.0000,0.9681,14,1
logistic_residual_stack,noncausal_teleport,2,1.0000,1.0000,1.0000,1.0000,0.0000,1.0000,1.0000,0.0000,1.0000,0.9635,14,1
logistic_residual_stack,noncausal_teleport,3,1.0000,1.0000,1.0000,1.0000,0.0000,1.0000,1.0000,0.0000,1.0000,0.9605,14,1
logistic_residual_stack,noncausal_teleport,4,1.0000,1.0000,1.0000,1.0000,0.0000,1.0000,1.0000,0.0000,1.0000,0.9143,14,1
logistic_residual_stack,noncausal_teleport,5,1.0000,1.0000,1.0000,1.0000,0.0000,1.0000,1.0000,0.0000,1.0000,0.9149,14,1
logistic_residual_stack,noncausal_teleport,6,1.0000,1.0000,1.0000,1.0000,0.0000,1.0000,1.0000,0.0000,1.0000,0.9588,14,1
logistic_residual_stack,noncausal_teleport,7,1.0000,1.0000,1.0000,1.0000,0.0000,1.0000,1.0000,0.0000,1.0000,0.9516,14,1
logistic_residual_stack,rare_valid_bounce,0,0.0000,0.0000,0.0000,0.7857,0.2143,0.2143,0.0000,0.0000,0.0000,0.5211,14,1
logistic_residual_stack,rare_valid_bounce,1,0.0000,0.0000,0.0000,0.7857,0.2143,0.2143,0.0000,0.0000,0.0000,0.5055,14,1
logistic_residual_stack,rare_valid_bounce,2,0.0000,0.0000,0.0000,0.6429,0.3571,0.3571,0.0000,0.0000,0.0000,0.5117,14,1
logistic_residual_stack,rare_valid_bounce,3,0.0000,0.0000,0.0000,0.9286,0.0714,0.0714,0.0000,0.0000,0.0000,0.4756,14,1
logistic_residual_stack,rare_valid_bounce,4,0.0000,0.0000,0.0000,0.9286,0.0714,0.0714,0.0000,0.0000,0.0000,0.4077,14,1
logistic_residual_stack,rare_valid_bounce,5,0.0000,0.0000,0.0000,0.7143,0.2857,0.2857,0.0000,0.0000,0.0000,0.5472,14,1
logistic_residual_stack,rare_valid_bounce,6,0.0000,0.0000,0.0000,0.8571,0.1429,0.1429,0.0000,0.0000,0.0000,0.5409,14,1
logistic_residual_stack,rare_valid_bounce,7,0.0000,0.0000,0.0000,0.7143,0.2857,0.2857,0.0000,0.0000,0.0000,0.5504,14,1
logistic_residual_stack,subtle_contact_corruption,0,1.0000,0.7143,0.8333,0.7143,0.0000,0.7143,1.0000,0.0000,1.0000,0.7584,14,1
logistic_residual_stack,subtle_contact_corruption,1,1.0000,0.9286,0.9630,0.9286,0.0000,0.9286,1.0000,0.0000,1.0000,0.7731,14,1
logistic_residual_stack,subtle_contact_corruption,2,1.0000,0.8571,0.9231,0.8571,0.0000,0.8571,1.0000,0.0000,1.0000,0.7944,14,1
logistic_residual_stack,subtle_contact_corruption,3,1.0000,1.0000,1.0000,1.0000,0.0000,1.0000,1.0000,0.0000,1.0000,0.7592,14,1
logistic_residual_stack,subtle_contact_corruption,4,1.0000,0.9286,0.9630,0.9286,0.0000,0.9286,1.0000,0.0000,1.0000,0.7470,14,1
logistic_residual_stack,subtle_contact_corruption,5,1.0000,0.9286,0.9630,0.9286,0.0000,0.9286,1.0000,0.0000,1.0000,0.7495,14,1
logistic_residual_stack,subtle_contact_corruption,6,1.0000,1.0000,1.0000,1.0000,0.0000,1.0000,1.0000,0.0000,1.0000,0.7672,14,1
logistic_residual_stack,subtle_contact_corruption,7,1.0000,0.9286,0.9630,0.9286,0.0000,0.9286,1.0000,0.0000,1.0000,0.7448,14,1
logistic_residual_stack,subtle_energy_corruption,0,0.0000,0.0000,0.0000,0.0000,0.0000,0.0000,1.0000,0.0000,1.0000,0.4540,14,1
logistic_residual_stack,subtle_energy_corruption,1,0.0000,0.0000,0.0000,0.0000,0.0000,0.0000,1.0000,0.0000,1.0000,0.4999,14,1
logistic_residual_stack,subtle_energy_corruption,2,1.0000,0.0714,0.1333,0.0714,0.0000,0.0714,1.0000,0.0000,1.0000,0.4888,14,1
logistic_residual_stack,subtle_energy_corruption,3,0.0000,0.0000,0.0000,0.0000,0.0000,0.0000,1.0000,0.0000,1.0000,0.4576,14,1
logistic_residual_stack,subtle_energy_corruption,4,0.0000,0.0000,0.0000,0.0000,0.0000,0.0000,1.0000,0.0000,1.0000,0.4111,14,1
logistic_residual_stack,subtle_energy_corruption,5,0.0000,0.0000,0.0000,0.0000,0.0000,0.0000,1.0000,0.0000,1.0000,0.4441,14,1
logistic_residual_stack,subtle_energy_corruption,6,0.0000,0.0000,0.0000,0.0000,0.0000,0.0000,1.0000,0.0000,1.0000,0.4913,14,1
logistic_residual_stack,subtle_energy_corruption,7,0.0000,0.0000,0.0000,0.0000,0.0000,0.0000,1.0000,0.0000,1.0000,0.4145,14,1
logistic_residual_stack,support_levitation,0,1.0000,1.0000,1.0000,1.0000,0.0000,1.0000,1.0000,0.0000,1.0000,0.9954,14,1
logistic_residual_stack,support_levitation,1,1.0000,1.0000,1.0000,1.0000,0.0000,1.0000,1.0000,0.0000,1.0000,0.9966,14,1
logistic_residual_stack,support_levitation,2,1.0000,1.0000,1.0000,1.0000,0.0000,1.0000,1.0000,0.0000,1.0000,0.9969,14,1
logistic_residual_stack,support_levitation,3,1.0000,1.0000,1.0000,1.0000,0.0000,1.0000,1.0000,0.0000,1.0000,0.9960,14,1
logistic_residual_stack,support_levitation,4,1.0000,1.0000,1.0000,1.0000,0.0000,1.0000,1.0000,0.0000,1.0000,0.9953,14,1
logistic_residual_stack,support_levitation,5,1.0000,1.0000,1.0000,1.0000,0.0000,1.0000,1.0000,0.0000,1.0000,0.9959,14,1
logistic_residual_stack,support_levitation,6,1.0000,1.0000,1.0000,1.0000,0.0000,1.0000,1.0000,0.0000,1.0000,0.9964,14,1
logistic_residual_stack,support_levitation,7,1.0000,1.0000,1.0000,1.0000,0.0000,1.0000,1.0000,0.0000,1.0000,0.9954,14,1
logistic_residual_stack,timestamp_noncausal_corruption,0,1.0000,0.6429,0.7826,0.6429,0.0000,0.6429,1.0000,0.0000,1.0000,0.7089,14,1
logistic_residual_stack,timestamp_noncausal_corruption,1,1.0000,0.7857,0.8800,0.7857,0.0000,0.7857,1.0000,0.0000,1.0000,0.7589,14,1
logistic_residual_stack,timestamp_noncausal_corruption,2,1.0000,0.8571,0.9231,0.8571,0.0000,0.8571,1.0000,0.0000,1.0000,0.7782,14,1
logistic_residual_stack,timestamp_noncausal_corruption,3,1.0000,0.6429,0.7826,0.6429,0.0000,0.6429,1.0000,0.0000,1.0000,0.7336,14,1
logistic_residual_stack,timestamp_noncausal_corruption,4,1.0000,0.5714,0.7273,0.5714,0.0000,0.5714,1.0000,0.0000,1.0000,0.6897,14,1
logistic_residual_stack,timestamp_noncausal_corruption,5,1.0000,0.5000,0.6667,0.5000,0.0000,0.5000,1.0000,0.0000,1.0000,0.6474,14,1
logistic_residual_stack,timestamp_noncausal_corruption,6,1.0000,0.7143,0.8333,0.7143,0.0000,0.7143,1.0000,0.0000,1.0000,0.7449,14,1
logistic_residual_stack,timestamp_noncausal_corruption,7,1.0000,0.7857,0.8800,0.7857,0.0000,0.7857,1.0000,0.0000,1.0000,0.7410,14,1
logistic_residual_stack,valid_clock_skew,0,0.0000,0.0000,0.0000,1.0000,0.0000,0.0000,0.0000,0.0000,0.0000,0.2637,14,1
logistic_residual_stack,valid_clock_skew,1,0.0000,0.0000,0.0000,1.0000,0.0000,0.0000,0.0000,0.0000,0.0000,0.2783,14,1
logistic_residual_stack,valid_clock_skew,2,0.0000,0.0000,0.0000,1.0000,0.0000,0.0000,0.0000,0.0000,0.0000,0.2346,14,1
logistic_residual_stack,valid_clock_skew,3,0.0000,0.0000,0.0000,1.0000,0.0000,0.0000,0.0000,0.0000,0.0000,0.2361,14,1
logistic_residual_stack,valid_clock_skew,4,0.0000,0.0000,0.0000,1.0000,0.0000,0.0000,0.0000,0.0000,0.0000,0.2360,14,1
logistic_residual_stack,valid_clock_skew,5,0.0000,0.0000,0.0000,1.0000,0.0000,0.0000,0.0000,0.0000,0.0000,0.2443,14,1
logistic_residual_stack,valid_clock_skew,6,0.0000,0.0000,0.0000,1.0000,0.0000,0.0000,0.0000,0.0000,0.0000,0.2874,14,1
logistic_residual_stack,valid_clock_skew,7,0.0000,0.0000,0.0000,1.0000,0.0000,0.0000,0.0000,0.0000,0.0000,0.2393,14,1
logistic_residual_stack,valid_low_friction_slip,0,0.0000,0.0000,0.0000,1.0000,0.0000,0.0000,0.0000,0.0000,0.0000,0.1352,14,1
logistic_residual_stack,valid_low_friction_slip,1,0.0000,0.0000,0.0000,1.0000,0.0000,0.0000,0.0000,0.0000,0.0000,0.1213,14,1
logistic_residual_stack,valid_low_friction_slip,2,0.0000,0.0000,0.0000,1.0000,0.0000,0.0000,0.0000,0.0000,0.0000,0.1343,14,1
logistic_residual_stack,valid_low_friction_slip,3,0.0000,0.0000,0.0000,1.0000,0.0000,0.0000,0.0000,0.0000,0.0000,0.1239,14,1
logistic_residual_stack,valid_low_friction_slip,4,0.0000,0.0000,0.0000,1.0000,0.0000,0.0000,0.0000,0.0000,0.0000,0.1223,14,1
logistic_residual_stack,valid_low_friction_slip,5,0.0000,0.0000,0.0000,1.0000,0.0000,0.0000,0.0000,0.0000,0.0000,0.1273,14,1
logistic_residual_stack,valid_low_friction_slip,6,0.0000,0.0000,0.0000,1.0000,0.0000,0.0000,0.0000,0.0000,0.0000,0.1258,14,1
logistic_residual_stack,valid_low_friction_slip,7,0.0000,0.0000,0.0000,1.0000,0.0000,0.0000,0.0000,0.0000,0.0000,0.1332,14,1
max_residual_detector,actuator_saturation,0,1.0000,0.4286,0.6000,0.4286,0.0000,0.4286,1.0000,0.0000,1.0000,361.4483,14,1
max_residual_detector,actuator_saturation,1,1.0000,0.0714,0.1333,0.0714,0.0000,0.0714,1.0000,0.0000,1.0000,161.9597,14,1
max_residual_detector,actuator_saturation,2,1.0000,0.2143,0.3529,0.2143,0.0000,0.2143,1.0000,0.0000,1.0000,281.4759,14,1
max_residual_detector,actuator_saturation,3,1.0000,0.2143,0.3529,0.2143,0.0000,0.2143,1.0000,0.0000,1.0000,268.6741,14,1
max_residual_detector,actuator_saturation,4,1.0000,0.2143,0.3529,0.2143,0.0000,0.2143,1.0000,0.0000,1.0000,276.1570,14,1
max_residual_detector,actuator_saturation,5,1.0000,0.3571,0.5263,0.3571,0.0000,0.3571,1.0000,0.0000,1.0000,408.2910,14,1
max_residual_detector,actuator_saturation,6,1.0000,0.0714,0.1333,0.0714,0.0000,0.0714,1.0000,0.0000,1.0000,174.0845,14,1
max_residual_detector,actuator_saturation,7,1.0000,0.2857,0.4444,0.2857,0.0000,0.2857,1.0000,0.0000,1.0000,309.4302,14,1
max_residual_detector,adversarial_compensated_violation,0,1.0000,0.3571,0.5263,0.3571,0.0000,0.3571,1.0000,0.0000,1.0000,513.3297,14,1
max_residual_detector,adversarial_compensated_violation,1,1.0000,0.7143,0.8333,0.7143,0.0000,0.7143,1.0000,0.0000,1.0000,595.0444,14,1
max_residual_detector,adversarial_compensated_violation,2,1.0000,0.5714,0.7273,0.5714,0.0000,0.5714,1.0000,0.0000,1.0000,602.1037,14,1
max_residual_detector,adversarial_compensated_violation,3,1.0000,0.6429,0.7826,0.6429,0.0000,0.6429,1.0000,0.0000,1.0000,606.4825,14,1
max_residual_detector,adversarial_compensated_violation,4,1.0000,0.7143,0.8333,0.7143,0.0000,0.7143,1.0000,0.0000,1.0000,744.6079,14,1
max_residual_detector,adversarial_compensated_violation,5,1.0000,0.3571,0.5263,0.3571,0.0000,0.3571,1.0000,0.0000,1.0000,421.5513,14,1
max_residual_detector,adversarial_compensated_violation,6,1.0000,0.5714,0.7273,0.5714,0.0000,0.5714,1.0000,0.0000,1.0000,572.2879,14,1
max_residual_detector,adversarial_compensated_violation,7,1.0000,0.7857,0.8800,0.7857,0.0000,0.7857,1.0000,0.0000,1.0000,645.6838,14,1
max_residual_detector,combined_violation_shift,0,1.0000,1.0000,1.0000,1.0000,0.0000,1.0000,1.0000,0.0000,1.0000,1301.3912,14,1
max_residual_detector,combined_violation_shift,1,1.0000,1.0000,1.0000,1.0000,0.0000,1.0000,1.0000,0.0000,1.0000,1115.5521,14,1
max_residual_detector,combined_violation_shift,2,1.0000,1.0000,1.0000,1.0000,0.0000,1.0000,1.0000,0.0000,1.0000,1090.9838,14,1
max_residual_detector,combined_violation_shift,3,1.0000,1.0000,1.0000,1.0000,0.0000,1.0000,1.0000,0.0000,1.0000,1176.4056,14,1
max_residual_detector,combined_violation_shift,4,1.0000,1.0000,1.0000,1.0000,0.0000,1.0000,1.0000,0.0000,1.0000,1401.2830,14,1
max_residual_detector,combined_violation_shift,5,1.0000,1.0000,1.0000,1.0000,0.0000,1.0000,1.0000,0.0000,1.0000,1382.5380,14,1
max_residual_detector,combined_violation_shift,6,1.0000,1.0000,1.0000,1.0000,0.0000,1.0000,1.0000,0.0000,1.0000,1134.9210,14,1
max_residual_detector,combined_violation_shift,7,1.0000,1.0000,1.0000,1.0000,0.0000,1.0000,1.0000,0.0000,1.0000,1280.2762,14,1
max_residual_detector,contact_corruption,0,0.0000,0.0000,0.0000,0.0000,0.0000,0.0000,1.0000,0.0000,1.0000,86.2273,14,1
max_residual_detector,contact_corruption,1,0.0000,0.0000,0.0000,0.0000,0.0000,0.0000,1.0000,0.0000,1.0000,73.7684,14,1
max_residual_detector,contact_corruption,2,0.0000,0.0000,0.0000,0.0000,0.0000,0.0000,1.0000,0.0000,1.0000,79.2860,14,1
max_residual_detector,contact_corruption,3,0.0000,0.0000,0.0000,0.0000,0.0000,0.0000,1.0000,0.0000,1.0000,75.6330,14,1
max_residual_detector,contact_corruption,4,0.0000,0.0000,0.0000,0.0000,0.0000,0.0000,1.0000,0.0000,1.0000,99.2164,14,1
max_residual_detector,contact_corruption,5,0.0000,0.0000,0.0000,0.0000,0.0000,0.0000,1.0000,0.0000,1.0000,96.0880,14,1
max_residual_detector,contact_corruption,6,0.0000,0.0000,0.0000,0.0000,0.0000,0.0000,1.0000,0.0000,1.0000,77.3247,14,1
max_residual_detector,contact_corruption,7,0.0000,0.0000,0.0000,0.0000,0.0000,0.0000,1.0000,0.0000,1.0000,91.6459,14,1
max_residual_detector,energy_work_corruption,0,1.0000,0.3571,0.5263,0.3571,0.0000,0.3571,1.0000,0.0000,1.0000,318.5212,14,1
max_residual_detector,energy_work_corruption,1,1.0000,0.2143,0.3529,0.2143,0.0000,0.2143,1.0000,0.0000,1.0000,273.7595,14,1
max_residual_detector,energy_work_corruption,2,1.0000,0.0714,0.1333,0.0714,0.0000,0.0714,1.0000,0.0000,1.0000,226.1442,14,1
max_residual_detector,energy_work_corruption,3,1.0000,0.0714,0.1333,0.0714,0.0000,0.0714,1.0000,0.0000,1.0000,213.1739,14,1
max_residual_detector,energy_work_corruption,4,1.0000,0.4286,0.6000,0.4286,0.0000,0.4286,1.0000,0.0000,1.0000,405.3321,14,1
max_residual_detector,energy_work_corruption,5,1.0000,0.3571,0.5263,0.3571,0.0000,0.3571,1.0000,0.0000,1.0000,405.7010,14,1
max_residual_detector,energy_work_corruption,6,1.0000,0.0714,0.1333,0.0714,0.0000,0.0714,1.0000,0.0000,1.0000,133.7219,14,1
max_residual_detector,energy_work_corruption,7,1.0000,0.2143,0.3529,0.2143,0.0000,0.2143,1.0000,0.0000,1.0000,218.8653,14,1
max_residual_detector,mixed_near_threshold,0,0.0000,0.0000,0.0000,0.0000,0.0000,0.0000,1.0000,0.0000,1.0000,156.2081,14,1
max_residual_detector,mixed_near_threshold,1,0.0000,0.0000,0.0000,0.0000,0.0000,0.0000,1.0000,0.0000,1.0000,114.5960,14,1
max_residual_detector,mixed_near_threshold,2,0.0000,0.0000,0.0000,0.0000,0.0000,0.0000,1.0000,0.0000,1.0000,103.5800,14,1
max_residual_detector,mixed_near_threshold,3,0.0000,0.0000,0.0000,0.0000,0.0000,0.0000,1.0000,0.0000,1.0000,132.2759,14,1
max_residual_detector,mixed_near_threshold,4,0.0000,0.0000,0.0000,0.0000,0.0000,0.0000,1.0000,0.0000,1.0000,176.2765,14,1
max_residual_detector,mixed_near_threshold,5,0.0000,0.0000,0.0000,0.0000,0.0000,0.0000,1.0000,0.0000,1.0000,141.4936,14,1
max_residual_detector,mixed_near_threshold,6,0.0000,0.0000,0.0000,0.0000,0.0000,0.0000,1.0000,0.0000,1.0000,120.0733,14,1
max_residual_detector,mixed_near_threshold,7,0.0000,0.0000,0.0000,0.0000,0.0000,0.0000,1.0000,0.0000,1.0000,137.8561,14,1
max_residual_detector,nominal_valid,0,0.0000,0.0000,0.0000,1.0000,0.0000,0.0000,0.0000,0.0000,0.0000,172.6133,14,1
max_residual_detector,nominal_valid,1,0.0000,0.0000,0.0000,1.0000,0.0000,0.0000,0.0000,0.0000,0.0000,135.3301,14,1
max_residual_detector,nominal_valid,2,0.0000,0.0000,0.0000,1.0000,0.0000,0.0000,0.0000,0.0000,0.0000,153.1163,14,1
max_residual_detector,nominal_valid,3,0.0000,0.0000,0.0000,1.0000,0.0000,0.0000,0.0000,0.0000,0.0000,151.9735,14,1
max_residual_detector,nominal_valid,4,0.0000,0.0000,0.0000,1.0000,0.0000,0.0000,0.0000,0.0000,0.0000,190.1145,14,1
max_residual_detector,nominal_valid,5,0.0000,0.0000,0.0000,1.0000,0.0000,0.0000,0.0000,0.0000,0.0000,189.7924,14,1
max_residual_detector,nominal_valid,6,0.0000,0.0000,0.0000,1.0000,0.0000,0.0000,0.0000,0.0000,0.0000,149.1170,14,1
max_residual_detector,nominal_valid,7,0.0000,0.0000,0.0000,1.0000,0.0000,0.0000,0.0000,0.0000,0.0000,186.5909,14,1
max_residual_detector,noncausal_teleport,0,1.0000,1.0000,1.0000,1.0000,0.0000,1.0000,1.0000,0.0000,1.0000,903.6625,14,1
max_residual_detector,noncausal_teleport,1,1.0000,1.0000,1.0000,1.0000,0.0000,1.0000,1.0000,0.0000,1.0000,804.8998,14,1
max_residual_detector,noncausal_teleport,2,1.0000,1.0000,1.0000,1.0000,0.0000,1.0000,1.0000,0.0000,1.0000,780.7934,14,1
max_residual_detector,noncausal_teleport,3,1.0000,1.0000,1.0000,1.0000,0.0000,1.0000,1.0000,0.0000,1.0000,823.7379,14,1
max_residual_detector,noncausal_teleport,4,1.0000,1.0000,1.0000,1.0000,0.0000,1.0000,1.0000,0.0000,1.0000,994.7262,14,1
max_residual_detector,noncausal_teleport,5,1.0000,1.0000,1.0000,1.0000,0.0000,1.0000,1.0000,0.0000,1.0000,989.5488,14,1
max_residual_detector,noncausal_teleport,6,1.0000,1.0000,1.0000,1.0000,0.0000,1.0000,1.0000,0.0000,1.0000,784.1439,14,1
max_residual_detector,noncausal_teleport,7,1.0000,1.0000,1.0000,1.0000,0.0000,1.0000,1.0000,0.0000,1.0000,926.3941,14,1
max_residual_detector,rare_valid_bounce,0,0.0000,0.0000,0.0000,1.0000,0.0000,0.0000,0.0000,0.0000,0.0000,291.0909,14,1
max_residual_detector,rare_valid_bounce,1,0.0000,0.0000,0.0000,1.0000,0.0000,0.0000,0.0000,0.0000,0.0000,283.3173,14,1
max_residual_detector,rare_valid_bounce,2,0.0000,0.0000,0.0000,0.8571,0.1429,0.1429,0.0000,0.0000,0.0000,282.5048,14,1
max_residual_detector,rare_valid_bounce,3,0.0000,0.0000,0.0000,1.0000,0.0000,0.0000,0.0000,0.0000,0.0000,315.1220,14,1
max_residual_detector,rare_valid_bounce,4,0.0000,0.0000,0.0000,0.7143,0.2857,0.2857,0.0000,0.0000,0.0000,356.3979,14,1
max_residual_detector,rare_valid_bounce,5,0.0000,0.0000,0.0000,0.9286,0.0714,0.0714,0.0000,0.0000,0.0000,244.1403,14,1
max_residual_detector,rare_valid_bounce,6,0.0000,0.0000,0.0000,0.9286,0.0714,0.0714,0.0000,0.0000,0.0000,288.4778,14,1
max_residual_detector,rare_valid_bounce,7,0.0000,0.0000,0.0000,0.9286,0.0714,0.0714,0.0000,0.0000,0.0000,314.4976,14,1
max_residual_detector,subtle_contact_corruption,0,0.0000,0.0000,0.0000,0.0000,0.0000,0.0000,1.0000,0.0000,1.0000,82.0101,14,1
max_residual_detector,subtle_contact_corruption,1,0.0000,0.0000,0.0000,0.0000,0.0000,0.0000,1.0000,0.0000,1.0000,71.0850,14,1
max_residual_detector,subtle_contact_corruption,2,0.0000,0.0000,0.0000,0.0000,0.0000,0.0000,1.0000,0.0000,1.0000,78.8285,14,1
max_residual_detector,subtle_contact_corruption,3,0.0000,0.0000,0.0000,0.0000,0.0000,0.0000,1.0000,0.0000,1.0000,72.5002,14,1
max_residual_detector,subtle_contact_corruption,4,0.0000,0.0000,0.0000,0.0000,0.0000,0.0000,1.0000,0.0000,1.0000,96.1078,14,1
max_residual_detector,subtle_contact_corruption,5,0.0000,0.0000,0.0000,0.0000,0.0000,0.0000,1.0000,0.0000,1.0000,90.7260,14,1
max_residual_detector,subtle_contact_corruption,6,0.0000,0.0000,0.0000,0.0000,0.0000,0.0000,1.0000,0.0000,1.0000,70.3574,14,1
max_residual_detector,subtle_contact_corruption,7,0.0000,0.0000,0.0000,0.0000,0.0000,0.0000,1.0000,0.0000,1.0000,84.7111,14,1
max_residual_detector,subtle_energy_corruption,0,0.0000,0.0000,0.0000,0.0000,0.0000,0.0000,1.0000,0.0000,1.0000,116.3761,14,1
max_residual_detector,subtle_energy_corruption,1,0.0000,0.0000,0.0000,0.0000,0.0000,0.0000,1.0000,0.0000,1.0000,106.4035,14,1
max_residual_detector,subtle_energy_corruption,2,0.0000,0.0000,0.0000,0.0000,0.0000,0.0000,1.0000,0.0000,1.0000,126.3654,14,1
max_residual_detector,subtle_energy_corruption,3,0.0000,0.0000,0.0000,0.0000,0.0000,0.0000,1.0000,0.0000,1.0000,122.0936,14,1
max_residual_detector,subtle_energy_corruption,4,0.0000,0.0000,0.0000,0.0000,0.0000,0.0000,1.0000,0.0000,1.0000,160.5057,14,1
max_residual_detector,subtle_energy_corruption,5,0.0000,0.0000,0.0000,0.0000,0.0000,0.0000,1.0000,0.0000,1.0000,160.5589,14,1
max_residual_detector,subtle_energy_corruption,6,0.0000,0.0000,0.0000,0.0000,0.0000,0.0000,1.0000,0.0000,1.0000,95.0659,14,1
max_residual_detector,subtle_energy_corruption,7,0.0000,0.0000,0.0000,0.0000,0.0000,0.0000,1.0000,0.0000,1.0000,162.0709,14,1
max_residual_detector,support_levitation,0,0.0000,0.0000,0.0000,0.0000,0.0000,0.0000,1.0000,0.0000,1.0000,85.6554,14,1
max_residual_detector,support_levitation,1,0.0000,0.0000,0.0000,0.0000,0.0000,0.0000,1.0000,0.0000,1.0000,75.8926,14,1
max_residual_detector,support_levitation,2,0.0000,0.0000,0.0000,0.0000,0.0000,0.0000,1.0000,0.0000,1.0000,79.2467,14,1
max_residual_detector,support_levitation,3,0.0000,0.0000,0.0000,0.0000,0.0000,0.0000,1.0000,0.0000,1.0000,80.1535,14,1
max_residual_detector,support_levitation,4,0.0000,0.0000,0.0000,0.0000,0.0000,0.0000,1.0000,0.0000,1.0000,97.9955,14,1
max_residual_detector,support_levitation,5,0.0000,0.0000,0.0000,0.0000,0.0000,0.0000,1.0000,0.0000,1.0000,95.2576,14,1
max_residual_detector,support_levitation,6,0.0000,0.0000,0.0000,0.0000,0.0000,0.0000,1.0000,0.0000,1.0000,74.5298,14,1
max_residual_detector,support_levitation,7,0.0000,0.0000,0.0000,0.0000,0.0000,0.0000,1.0000,0.0000,1.0000,89.8049,14,1
max_residual_detector,timestamp_noncausal_corruption,0,1.0000,0.5000,0.6667,0.5000,0.0000,0.5000,1.0000,0.0000,1.0000,522.2133,14,1
max_residual_detector,timestamp_noncausal_corruption,1,1.0000,0.5000,0.6667,0.5000,0.0000,0.5000,1.0000,0.0000,1.0000,443.7359,14,1
max_residual_detector,timestamp_noncausal_corruption,2,1.0000,0.2857,0.4444,0.2857,0.0000,0.2857,1.0000,0.0000,1.0000,444.8125,14,1
max_residual_detector,timestamp_noncausal_corruption,3,1.0000,0.4286,0.6000,0.4286,0.0000,0.4286,1.0000,0.0000,1.0000,470.0670,14,1
max_residual_detector,timestamp_noncausal_corruption,4,1.0000,0.5714,0.7273,0.5714,0.0000,0.5714,1.0000,0.0000,1.0000,574.0949,14,1
max_residual_detector,timestamp_noncausal_corruption,5,1.0000,0.7143,0.8333,0.7143,0.0000,0.7143,1.0000,0.0000,1.0000,549.3196,14,1
max_residual_detector,timestamp_noncausal_corruption,6,1.0000,0.5714,0.7273,0.5714,0.0000,0.5714,1.0000,0.0000,1.0000,462.8188,14,1
max_residual_detector,timestamp_noncausal_corruption,7,1.0000,0.7143,0.8333,0.7143,0.0000,0.7143,1.0000,0.0000,1.0000,533.0746,14,1
max_residual_detector,valid_clock_skew,0,0.0000,0.0000,0.0000,1.0000,0.0000,0.0000,0.0000,0.0000,0.0000,165.3405,14,1
max_residual_detector,valid_clock_skew,1,0.0000,0.0000,0.0000,1.0000,0.0000,0.0000,0.0000,0.0000,0.0000,155.7013,14,1
max_residual_detector,valid_clock_skew,2,0.0000,0.0000,0.0000,1.0000,0.0000,0.0000,0.0000,0.0000,0.0000,198.3206,14,1
max_residual_detector,valid_clock_skew,3,0.0000,0.0000,0.0000,1.0000,0.0000,0.0000,0.0000,0.0000,0.0000,189.5718,14,1
max_residual_detector,valid_clock_skew,4,0.0000,0.0000,0.0000,1.0000,0.0000,0.0000,0.0000,0.0000,0.0000,155.1915,14,1
max_residual_detector,valid_clock_skew,5,0.0000,0.0000,0.0000,1.0000,0.0000,0.0000,0.0000,0.0000,0.0000,173.2734,14,1
max_residual_detector,valid_clock_skew,6,0.0000,0.0000,0.0000,1.0000,0.0000,0.0000,0.0000,0.0000,0.0000,138.7074,14,1
max_residual_detector,valid_clock_skew,7,0.0000,0.0000,0.0000,1.0000,0.0000,0.0000,0.0000,0.0000,0.0000,148.9385,14,1
max_residual_detector,valid_low_friction_slip,0,0.0000,0.0000,0.0000,0.7857,0.2143,0.2143,0.0000,0.0000,0.0000,379.6290,14,1
max_residual_detector,valid_low_friction_slip,1,0.0000,0.0000,0.0000,0.8571,0.1429,0.1429,0.0000,0.0000,0.0000,399.7241,14,1
max_residual_detector,valid_low_friction_slip,2,0.0000,0.0000,0.0000,0.7857,0.2143,0.2143,0.0000,0.0000,0.0000,401.0334,14,1
max_residual_detector,valid_low_friction_slip,3,0.0000,0.0000,0.0000,0.6429,0.3571,0.3571,0.0000,0.0000,0.0000,421.6748,14,1
max_residual_detector,valid_low_friction_slip,4,0.0000,0.0000,0.0000,0.8571,0.1429,0.1429,0.0000,0.0000,0.0000,404.1680,14,1
max_residual_detector,valid_low_friction_slip,5,0.0000,0.0000,0.0000,0.5000,0.5000,0.5000,0.0000,0.0000,0.0000,430.4537,14,1
max_residual_detector,valid_low_friction_slip,6,0.0000,0.0000,0.0000,0.5714,0.4286,0.4286,0.0000,0.0000,0.0000,410.8105,14,1
max_residual_detector,valid_low_friction_slip,7,0.0000,0.0000,0.0000,0.7143,0.2857,0.2857,0.0000,0.0000,0.0000,395.7966,14,1
oracle_violation_labels,actuator_saturation,0,1.0000,1.0000,1.0000,1.0000,0.0000,1.0000,1.0000,0.0000,1.0000,1.0000,14,1
oracle_violation_labels,actuator_saturation,1,1.0000,1.0000,1.0000,1.0000,0.0000,1.0000,1.0000,0.0000,1.0000,1.0000,14,1
oracle_violation_labels,actuator_saturation,2,1.0000,1.0000,1.0000,1.0000,0.0000,1.0000,1.0000,0.0000,1.0000,1.0000,14,1
oracle_violation_labels,actuator_saturation,3,1.0000,1.0000,1.0000,1.0000,0.0000,1.0000,1.0000,0.0000,1.0000,1.0000,14,1
oracle_violation_labels,actuator_saturation,4,1.0000,1.0000,1.0000,1.0000,0.0000,1.0000,1.0000,0.0000,1.0000,1.0000,14,1
oracle_violation_labels,actuator_saturation,5,1.0000,1.0000,1.0000,1.0000,0.0000,1.0000,1.0000,0.0000,1.0000,1.0000,14,1
oracle_violation_labels,actuator_saturation,6,1.0000,1.0000,1.0000,1.0000,0.0000,1.0000,1.0000,0.0000,1.0000,1.0000,14,1
oracle_violation_labels,actuator_saturation,7,1.0000,1.0000,1.0000,1.0000,0.0000,1.0000,1.0000,0.0000,1.0000,1.0000,14,1
oracle_violation_labels,adversarial_compensated_violation,0,1.0000,1.0000,1.0000,1.0000,0.0000,1.0000,1.0000,0.0000,1.0000,1.0000,14,1
oracle_violation_labels,adversarial_compensated_violation,1,1.0000,1.0000,1.0000,1.0000,0.0000,1.0000,1.0000,0.0000,1.0000,1.0000,14,1
oracle_violation_labels,adversarial_compensated_violation,2,1.0000,1.0000,1.0000,1.0000,0.0000,1.0000,1.0000,0.0000,1.0000,1.0000,14,1
oracle_violation_labels,adversarial_compensated_violation,3,1.0000,1.0000,1.0000,1.0000,0.0000,1.0000,1.0000,0.0000,1.0000,1.0000,14,1
oracle_violation_labels,adversarial_compensated_violation,4,1.0000,1.0000,1.0000,1.0000,0.0000,1.0000,1.0000,0.0000,1.0000,1.0000,14,1
oracle_violation_labels,adversarial_compensated_violation,5,1.0000,1.0000,1.0000,1.0000,0.0000,1.0000,1.0000,0.0000,1.0000,1.0000,14,1
oracle_violation_labels,adversarial_compensated_violation,6,1.0000,1.0000,1.0000,1.0000,0.0000,1.0000,1.0000,0.0000,1.0000,1.0000,14,1
oracle_violation_labels,adversarial_compensated_violation,7,1.0000,1.0000,1.0000,1.0000,0.0000,1.0000,1.0000,0.0000,1.0000,1.0000,14,1
oracle_violation_labels,combined_violation_shift,0,1.0000,1.0000,1.0000,1.0000,0.0000,1.0000,1.0000,0.0000,1.0000,1.0000,14,1
oracle_violation_labels,combined_violation_shift,1,1.0000,1.0000,1.0000,1.0000,0.0000,1.0000,1.0000,0.0000,1.0000,1.0000,14,1
oracle_violation_labels,combined_violation_shift,2,1.0000,1.0000,1.0000,1.0000,0.0000,1.0000,1.0000,0.0000,1.0000,1.0000,14,1
oracle_violation_labels,combined_violation_shift,3,1.0000,1.0000,1.0000,1.0000,0.0000,1.0000,1.0000,0.0000,1.0000,1.0000,14,1
oracle_violation_labels,combined_violation_shift,4,1.0000,1.0000,1.0000,1.0000,0.0000,1.0000,1.0000,0.0000,1.0000,1.0000,14,1
oracle_violation_labels,combined_violation_shift,5,1.0000,1.0000,1.0000,1.0000,0.0000,1.0000,1.0000,0.0000,1.0000,1.0000,14,1
oracle_violation_labels,combined_violation_shift,6,1.0000,1.0000,1.0000,1.0000,0.0000,1.0000,1.0000,0.0000,1.0000,1.0000,14,1
oracle_violation_labels,combined_violation_shift,7,1.0000,1.0000,1.0000,1.0000,0.0000,1.0000,1.0000,0.0000,1.0000,1.0000,14,1
oracle_violation_labels,contact_corruption,0,1.0000,1.0000,1.0000,1.0000,0.0000,1.0000,1.0000,0.0000,1.0000,1.0000,14,1
oracle_violation_labels,contact_corruption,1,1.0000,1.0000,1.0000,1.0000,0.0000,1.0000,1.0000,0.0000,1.0000,1.0000,14,1
oracle_violation_labels,contact_corruption,2,1.0000,1.0000,1.0000,1.0000,0.0000,1.0000,1.0000,0.0000,1.0000,1.0000,14,1
oracle_violation_labels,contact_corruption,3,1.0000,1.0000,1.0000,1.0000,0.0000,1.0000,1.0000,0.0000,1.0000,1.0000,14,1
oracle_violation_labels,contact_corruption,4,1.0000,1.0000,1.0000,1.0000,0.0000,1.0000,1.0000,0.0000,1.0000,1.0000,14,1
oracle_violation_labels,contact_corruption,5,1.0000,1.0000,1.0000,1.0000,0.0000,1.0000,1.0000,0.0000,1.0000,1.0000,14,1
oracle_violation_labels,contact_corruption,6,1.0000,1.0000,1.0000,1.0000,0.0000,1.0000,1.0000,0.0000,1.0000,1.0000,14,1
oracle_violation_labels,contact_corruption,7,1.0000,1.0000,1.0000,1.0000,0.0000,1.0000,1.0000,0.0000,1.0000,1.0000,14,1
oracle_violation_labels,energy_work_corruption,0,1.0000,1.0000,1.0000,1.0000,0.0000,1.0000,1.0000,0.0000,1.0000,1.0000,14,1
oracle_violation_labels,energy_work_corruption,1,1.0000,1.0000,1.0000,1.0000,0.0000,1.0000,1.0000,0.0000,1.0000,1.0000,14,1
oracle_violation_labels,energy_work_corruption,2,1.0000,1.0000,1.0000,1.0000,0.0000,1.0000,1.0000,0.0000,1.0000,1.0000,14,1
oracle_violation_labels,energy_work_corruption,3,1.0000,1.0000,1.0000,1.0000,0.0000,1.0000,1.0000,0.0000,1.0000,1.0000,14,1
oracle_violation_labels,energy_work_corruption,4,1.0000,1.0000,1.0000,1.0000,0.0000,1.0000,1.0000,0.0000,1.0000,1.0000,14,1
oracle_violation_labels,energy_work_corruption,5,1.0000,1.0000,1.0000,1.0000,0.0000,1.0000,1.0000,0.0000,1.0000,1.0000,14,1
oracle_violation_labels,energy_work_corruption,6,1.0000,1.0000,1.0000,1.0000,0.0000,1.0000,1.0000,0.0000,1.0000,1.0000,14,1
oracle_violation_labels,energy_work_corruption,7,1.0000,1.0000,1.0000,1.0000,0.0000,1.0000,1.0000,0.0000,1.0000,1.0000,14,1
oracle_violation_labels,mixed_near_threshold,0,1.0000,1.0000,1.0000,1.0000,0.0000,1.0000,1.0000,0.0000,1.0000,1.0000,14,1
oracle_violation_labels,mixed_near_threshold,1,1.0000,1.0000,1.0000,1.0000,0.0000,1.0000,1.0000,0.0000,1.0000,1.0000,14,1
oracle_violation_labels,mixed_near_threshold,2,1.0000,1.0000,1.0000,1.0000,0.0000,1.0000,1.0000,0.0000,1.0000,1.0000,14,1
oracle_violation_labels,mixed_near_threshold,3,1.0000,1.0000,1.0000,1.0000,0.0000,1.0000,1.0000,0.0000,1.0000,1.0000,14,1
oracle_violation_labels,mixed_near_threshold,4,1.0000,1.0000,1.0000,1.0000,0.0000,1.0000,1.0000,0.0000,1.0000,1.0000,14,1
oracle_violation_labels,mixed_near_threshold,5,1.0000,1.0000,1.0000,1.0000,0.0000,1.0000,1.0000,0.0000,1.0000,1.0000,14,1
oracle_violation_labels,mixed_near_threshold,6,1.0000,1.0000,1.0000,1.0000,0.0000,1.0000,1.0000,0.0000,1.0000,1.0000,14,1
oracle_violation_labels,mixed_near_threshold,7,1.0000,1.0000,1.0000,1.0000,0.0000,1.0000,1.0000,0.0000,1.0000,1.0000,14,1
oracle_violation_labels,nominal_valid,0,0.0000,0.0000,0.0000,1.0000,0.0000,0.0000,0.0000,0.0000,0.0000,0.0000,14,1
oracle_violation_labels,nominal_valid,1,0.0000,0.0000,0.0000,1.0000,0.0000,0.0000,0.0000,0.0000,0.0000,0.0000,14,1
oracle_violation_labels,nominal_valid,2,0.0000,0.0000,0.0000,1.0000,0.0000,0.0000,0.0000,0.0000,0.0000,0.0000,14,1
oracle_violation_labels,nominal_valid,3,0.0000,0.0000,0.0000,1.0000,0.0000,0.0000,0.0000,0.0000,0.0000,0.0000,14,1
oracle_violation_labels,nominal_valid,4,0.0000,0.0000,0.0000,1.0000,0.0000,0.0000,0.0000,0.0000,0.0000,0.0000,14,1
oracle_violation_labels,nominal_valid,5,0.0000,0.0000,0.0000,1.0000,0.0000,0.0000,0.0000,0.0000,0.0000,0.0000,14,1
oracle_violation_labels,nominal_valid,6,0.0000,0.0000,0.0000,1.0000,0.0000,0.0000,0.0000,0.0000,0.0000,0.0000,14,1
oracle_violation_labels,nominal_valid,7,0.0000,0.0000,0.0000,1.0000,0.0000,0.0000,0.0000,0.0000,0.0000,0.0000,14,1
oracle_violation_labels,noncausal_teleport,0,1.0000,1.0000,1.0000,1.0000,0.0000,1.0000,1.0000,0.0000,1.0000,1.0000,14,1
oracle_violation_labels,noncausal_teleport,1,1.0000,1.0000,1.0000,1.0000,0.0000,1.0000,1.0000,0.0000,1.0000,1.0000,14,1
oracle_violation_labels,noncausal_teleport,2,1.0000,1.0000,1.0000,1.0000,0.0000,1.0000,1.0000,0.0000,1.0000,1.0000,14,1
oracle_violation_labels,noncausal_teleport,3,1.0000,1.0000,1.0000,1.0000,0.0000,1.0000,1.0000,0.0000,1.0000,1.0000,14,1
oracle_violation_labels,noncausal_teleport,4,1.0000,1.0000,1.0000,1.0000,0.0000,1.0000,1.0000,0.0000,1.0000,1.0000,14,1
oracle_violation_labels,noncausal_teleport,5,1.0000,1.0000,1.0000,1.0000,0.0000,1.0000,1.0000,0.0000,1.0000,1.0000,14,1
oracle_violation_labels,noncausal_teleport,6,1.0000,1.0000,1.0000,1.0000,0.0000,1.0000,1.0000,0.0000,1.0000,1.0000,14,1
oracle_violation_labels,noncausal_teleport,7,1.0000,1.0000,1.0000,1.0000,0.0000,1.0000,1.0000,0.0000,1.0000,1.0000,14,1
oracle_violation_labels,rare_valid_bounce,0,0.0000,0.0000,0.0000,1.0000,0.0000,0.0000,0.0000,0.0000,0.0000,0.0000,14,1
oracle_violation_labels,rare_valid_bounce,1,0.0000,0.0000,0.0000,1.0000,0.0000,0.0000,0.0000,0.0000,0.0000,0.0000,14,1
oracle_violation_labels,rare_valid_bounce,2,0.0000,0.0000,0.0000,1.0000,0.0000,0.0000,0.0000,0.0000,0.0000,0.0000,14,1
oracle_violation_labels,rare_valid_bounce,3,0.0000,0.0000,0.0000,1.0000,0.0000,0.0000,0.0000,0.0000,0.0000,0.0000,14,1
oracle_violation_labels,rare_valid_bounce,4,0.0000,0.0000,0.0000,1.0000,0.0000,0.0000,0.0000,0.0000,0.0000,0.0000,14,1
oracle_violation_labels,rare_valid_bounce,5,0.0000,0.0000,0.0000,1.0000,0.0000,0.0000,0.0000,0.0000,0.0000,0.0000,14,1
oracle_violation_labels,rare_valid_bounce,6,0.0000,0.0000,0.0000,1.0000,0.0000,0.0000,0.0000,0.0000,0.0000,0.0000,14,1
oracle_violation_labels,rare_valid_bounce,7,0.0000,0.0000,0.0000,1.0000,0.0000,0.0000,0.0000,0.0000,0.0000,0.0000,14,1
oracle_violation_labels,subtle_contact_corruption,0,1.0000,1.0000,1.0000,1.0000,0.0000,1.0000,1.0000,0.0000,1.0000,1.0000,14,1
oracle_violation_labels,subtle_contact_corruption,1,1.0000,1.0000,1.0000,1.0000,0.0000,1.0000,1.0000,0.0000,1.0000,1.0000,14,1
oracle_violation_labels,subtle_contact_corruption,2,1.0000,1.0000,1.0000,1.0000,0.0000,1.0000,1.0000,0.0000,1.0000,1.0000,14,1
oracle_violation_labels,subtle_contact_corruption,3,1.0000,1.0000,1.0000,1.0000,0.0000,1.0000,1.0000,0.0000,1.0000,1.0000,14,1
oracle_violation_labels,subtle_contact_corruption,4,1.0000,1.0000,1.0000,1.0000,0.0000,1.0000,1.0000,0.0000,1.0000,1.0000,14,1
oracle_violation_labels,subtle_contact_corruption,5,1.0000,1.0000,1.0000,1.0000,0.0000,1.0000,1.0000,0.0000,1.0000,1.0000,14,1
oracle_violation_labels,subtle_contact_corruption,6,1.0000,1.0000,1.0000,1.0000,0.0000,1.0000,1.0000,0.0000,1.0000,1.0000,14,1
oracle_violation_labels,subtle_contact_corruption,7,1.0000,1.0000,1.0000,1.0000,0.0000,1.0000,1.0000,0.0000,1.0000,1.0000,14,1
oracle_violation_labels,subtle_energy_corruption,0,1.0000,1.0000,1.0000,1.0000,0.0000,1.0000,1.0000,0.0000,1.0000,1.0000,14,1
oracle_violation_labels,subtle_energy_corruption,1,1.0000,1.0000,1.0000,1.0000,0.0000,1.0000,1.0000,0.0000,1.0000,1.0000,14,1
oracle_violation_labels,subtle_energy_corruption,2,1.0000,1.0000,1.0000,1.0000,0.0000,1.0000,1.0000,0.0000,1.0000,1.0000,14,1
oracle_violation_labels,subtle_energy_corruption,3,1.0000,1.0000,1.0000,1.0000,0.0000,1.0000,1.0000,0.0000,1.0000,1.0000,14,1
oracle_violation_labels,subtle_energy_corruption,4,1.0000,1.0000,1.0000,1.0000,0.0000,1.0000,1.0000,0.0000,1.0000,1.0000,14,1
oracle_violation_labels,subtle_energy_corruption,5,1.0000,1.0000,1.0000,1.0000,0.0000,1.0000,1.0000,0.0000,1.0000,1.0000,14,1
oracle_violation_labels,subtle_energy_corruption,6,1.0000,1.0000,1.0000,1.0000,0.0000,1.0000,1.0000,0.0000,1.0000,1.0000,14,1
oracle_violation_labels,subtle_energy_corruption,7,1.0000,1.0000,1.0000,1.0000,0.0000,1.0000,1.0000,0.0000,1.0000,1.0000,14,1
oracle_violation_labels,support_levitation,0,1.0000,1.0000,1.0000,1.0000,0.0000,1.0000,1.0000,0.0000,1.0000,1.0000,14,1
oracle_violation_labels,support_levitation,1,1.0000,1.0000,1.0000,1.0000,0.0000,1.0000,1.0000,0.0000,1.0000,1.0000,14,1
oracle_violation_labels,support_levitation,2,1.0000,1.0000,1.0000,1.0000,0.0000,1.0000,1.0000,0.0000,1.0000,1.0000,14,1
oracle_violation_labels,support_levitation,3,1.0000,1.0000,1.0000,1.0000,0.0000,1.0000,1.0000,0.0000,1.0000,1.0000,14,1
oracle_violation_labels,support_levitation,4,1.0000,1.0000,1.0000,1.0000,0.0000,1.0000,1.0000,0.0000,1.0000,1.0000,14,1
oracle_violation_labels,support_levitation,5,1.0000,1.0000,1.0000,1.0000,0.0000,1.0000,1.0000,0.0000,1.0000,1.0000,14,1
oracle_violation_labels,support_levitation,6,1.0000,1.0000,1.0000,1.0000,0.0000,1.0000,1.0000,0.0000,1.0000,1.0000,14,1
oracle_violation_labels,support_levitation,7,1.0000,1.0000,1.0000,1.0000,0.0000,1.0000,1.0000,0.0000,1.0000,1.0000,14,1
oracle_violation_labels,timestamp_noncausal_corruption,0,1.0000,1.0000,1.0000,1.0000,0.0000,1.0000,1.0000,0.0000,1.0000,1.0000,14,1
oracle_violation_labels,timestamp_noncausal_corruption,1,1.0000,1.0000,1.0000,1.0000,0.0000,1.0000,1.0000,0.0000,1.0000,1.0000,14,1
oracle_violation_labels,timestamp_noncausal_corruption,2,1.0000,1.0000,1.0000,1.0000,0.0000,1.0000,1.0000,0.0000,1.0000,1.0000,14,1
oracle_violation_labels,timestamp_noncausal_corruption,3,1.0000,1.0000,1.0000,1.0000,0.0000,1.0000,1.0000,0.0000,1.0000,1.0000,14,1
oracle_violation_labels,timestamp_noncausal_corruption,4,1.0000,1.0000,1.0000,1.0000,0.0000,1.0000,1.0000,0.0000,1.0000,1.0000,14,1
oracle_violation_labels,timestamp_noncausal_corruption,5,1.0000,1.0000,1.0000,1.0000,0.0000,1.0000,1.0000,0.0000,1.0000,1.0000,14,1
oracle_violation_labels,timestamp_noncausal_corruption,6,1.0000,1.0000,1.0000,1.0000,0.0000,1.0000,1.0000,0.0000,1.0000,1.0000,14,1
oracle_violation_labels,timestamp_noncausal_corruption,7,1.0000,1.0000,1.0000,1.0000,0.0000,1.0000,1.0000,0.0000,1.0000,1.0000,14,1
oracle_violation_labels,valid_clock_skew,0,0.0000,0.0000,0.0000,1.0000,0.0000,0.0000,0.0000,0.0000,0.0000,0.0000,14,1
oracle_violation_labels,valid_clock_skew,1,0.0000,0.0000,0.0000,1.0000,0.0000,0.0000,0.0000,0.0000,0.0000,0.0000,14,1
oracle_violation_labels,valid_clock_skew,2,0.0000,0.0000,0.0000,1.0000,0.0000,0.0000,0.0000,0.0000,0.0000,0.0000,14,1
oracle_violation_labels,valid_clock_skew,3,0.0000,0.0000,0.0000,1.0000,0.0000,0.0000,0.0000,0.0000,0.0000,0.0000,14,1
oracle_violation_labels,valid_clock_skew,4,0.0000,0.0000,0.0000,1.0000,0.0000,0.0000,0.0000,0.0000,0.0000,0.0000,14,1
oracle_violation_labels,valid_clock_skew,5,0.0000,0.0000,0.0000,1.0000,0.0000,0.0000,0.0000,0.0000,0.0000,0.0000,14,1
oracle_violation_labels,valid_clock_skew,6,0.0000,0.0000,0.0000,1.0000,0.0000,0.0000,0.0000,0.0000,0.0000,0.0000,14,1
oracle_violation_labels,valid_clock_skew,7,0.0000,0.0000,0.0000,1.0000,0.0000,0.0000,0.0000,0.0000,0.0000,0.0000,14,1
oracle_violation_labels,valid_low_friction_slip,0,0.0000,0.0000,0.0000,1.0000,0.0000,0.0000,0.0000,0.0000,0.0000,0.0000,14,1
oracle_violation_labels,valid_low_friction_slip,1,0.0000,0.0000,0.0000,1.0000,0.0000,0.0000,0.0000,0.0000,0.0000,0.0000,14,1
oracle_violation_labels,valid_low_friction_slip,2,0.0000,0.0000,0.0000,1.0000,0.0000,0.0000,0.0000,0.0000,0.0000,0.0000,14,1
oracle_violation_labels,valid_low_friction_slip,3,0.0000,0.0000,0.0000,1.0000,0.0000,0.0000,0.0000,0.0000,0.0000,0.0000,14,1
oracle_violation_labels,valid_low_friction_slip,4,0.0000,0.0000,0.0000,1.0000,0.0000,0.0000,0.0000,0.0000,0.0000,0.0000,14,1
oracle_violation_labels,valid_low_friction_slip,5,0.0000,0.0000,0.0000,1.0000,0.0000,0.0000,0.0000,0.0000,0.0000,0.0000,14,1
oracle_violation_labels,valid_low_friction_slip,6,0.0000,0.0000,0.0000,1.0000,0.0000,0.0000,0.0000,0.0000,0.0000,0.0000,14,1
oracle_violation_labels,valid_low_friction_slip,7,0.0000,0.0000,0.0000,1.0000,0.0000,0.0000,0.0000,0.0000,0.0000,0.0000,14,1
pca_reconstruction_audit,actuator_saturation,0,1.0000,1.0000,1.0000,1.0000,0.0000,1.0000,1.0000,0.0000,1.0000,1.2331,14,1
pca_reconstruction_audit,actuator_saturation,1,1.0000,1.0000,1.0000,1.0000,0.0000,1.0000,1.0000,0.0000,1.0000,1.2811,14,1
pca_reconstruction_audit,actuator_saturation,2,1.0000,1.0000,1.0000,1.0000,0.0000,1.0000,1.0000,0.0000,1.0000,1.2522,14,1
pca_reconstruction_audit,actuator_saturation,3,1.0000,1.0000,1.0000,1.0000,0.0000,1.0000,1.0000,0.0000,1.0000,1.2564,14,1
pca_reconstruction_audit,actuator_saturation,4,1.0000,1.0000,1.0000,1.0000,0.0000,1.0000,1.0000,0.0000,1.0000,1.1773,14,1
pca_reconstruction_audit,actuator_saturation,5,1.0000,1.0000,1.0000,1.0000,0.0000,1.0000,1.0000,0.0000,1.0000,1.2316,14,1
pca_reconstruction_audit,actuator_saturation,6,1.0000,1.0000,1.0000,1.0000,0.0000,1.0000,1.0000,0.0000,1.0000,1.2628,14,1
pca_reconstruction_audit,actuator_saturation,7,1.0000,1.0000,1.0000,1.0000,0.0000,1.0000,1.0000,0.0000,1.0000,1.2073,14,1
pca_reconstruction_audit,adversarial_compensated_violation,0,1.0000,1.0000,1.0000,1.0000,0.0000,1.0000,1.0000,0.0000,1.0000,0.2419,14,1
pca_reconstruction_audit,adversarial_compensated_violation,1,1.0000,1.0000,1.0000,1.0000,0.0000,1.0000,1.0000,0.0000,1.0000,0.2504,14,1
pca_reconstruction_audit,adversarial_compensated_violation,2,1.0000,1.0000,1.0000,1.0000,0.0000,1.0000,1.0000,0.0000,1.0000,0.2898,14,1
pca_reconstruction_audit,adversarial_compensated_violation,3,1.0000,1.0000,1.0000,1.0000,0.0000,1.0000,1.0000,0.0000,1.0000,0.2500,14,1
pca_reconstruction_audit,adversarial_compensated_violation,4,1.0000,1.0000,1.0000,1.0000,0.0000,1.0000,1.0000,0.0000,1.0000,0.3007,14,1
pca_reconstruction_audit,adversarial_compensated_violation,5,1.0000,1.0000,1.0000,1.0000,0.0000,1.0000,1.0000,0.0000,1.0000,0.2681,14,1
pca_reconstruction_audit,adversarial_compensated_violation,6,1.0000,1.0000,1.0000,1.0000,0.0000,1.0000,1.0000,0.0000,1.0000,0.2604,14,1
pca_reconstruction_audit,adversarial_compensated_violation,7,1.0000,1.0000,1.0000,1.0000,0.0000,1.0000,1.0000,0.0000,1.0000,0.3067,14,1
pca_reconstruction_audit,combined_violation_shift,0,1.0000,1.0000,1.0000,1.0000,0.0000,1.0000,1.0000,0.0000,1.0000,6.3345,14,1
pca_reconstruction_audit,combined_violation_shift,1,1.0000,1.0000,1.0000,1.0000,0.0000,1.0000,1.0000,0.0000,1.0000,6.2590,14,1
pca_reconstruction_audit,combined_violation_shift,2,1.0000,1.0000,1.0000,1.0000,0.0000,1.0000,1.0000,0.0000,1.0000,6.2301,14,1
pca_reconstruction_audit,combined_violation_shift,3,1.0000,1.0000,1.0000,1.0000,0.0000,1.0000,1.0000,0.0000,1.0000,6.2341,14,1
pca_reconstruction_audit,combined_violation_shift,4,1.0000,1.0000,1.0000,1.0000,0.0000,1.0000,1.0000,0.0000,1.0000,6.1333,14,1
pca_reconstruction_audit,combined_violation_shift,5,1.0000,1.0000,1.0000,1.0000,0.0000,1.0000,1.0000,0.0000,1.0000,6.2252,14,1
pca_reconstruction_audit,combined_violation_shift,6,1.0000,1.0000,1.0000,1.0000,0.0000,1.0000,1.0000,0.0000,1.0000,6.2053,14,1
pca_reconstruction_audit,combined_violation_shift,7,1.0000,1.0000,1.0000,1.0000,0.0000,1.0000,1.0000,0.0000,1.0000,6.0717,14,1
pca_reconstruction_audit,contact_corruption,0,1.0000,1.0000,1.0000,1.0000,0.0000,1.0000,1.0000,0.0000,1.0000,4.8408,14,1
pca_reconstruction_audit,contact_corruption,1,1.0000,1.0000,1.0000,1.0000,0.0000,1.0000,1.0000,0.0000,1.0000,4.8159,14,1
pca_reconstruction_audit,contact_corruption,2,1.0000,1.0000,1.0000,1.0000,0.0000,1.0000,1.0000,0.0000,1.0000,4.7767,14,1
pca_reconstruction_audit,contact_corruption,3,1.0000,1.0000,1.0000,1.0000,0.0000,1.0000,1.0000,0.0000,1.0000,4.7520,14,1
pca_reconstruction_audit,contact_corruption,4,1.0000,1.0000,1.0000,1.0000,0.0000,1.0000,1.0000,0.0000,1.0000,4.7141,14,1
pca_reconstruction_audit,contact_corruption,5,1.0000,1.0000,1.0000,1.0000,0.0000,1.0000,1.0000,0.0000,1.0000,4.8520,14,1
pca_reconstruction_audit,contact_corruption,6,1.0000,1.0000,1.0000,1.0000,0.0000,1.0000,1.0000,0.0000,1.0000,4.7425,14,1
pca_reconstruction_audit,contact_corruption,7,1.0000,1.0000,1.0000,1.0000,0.0000,1.0000,1.0000,0.0000,1.0000,4.7169,14,1
pca_reconstruction_audit,energy_work_corruption,0,1.0000,1.0000,1.0000,1.0000,0.0000,1.0000,1.0000,0.0000,1.0000,0.3260,14,1
pca_reconstruction_audit,energy_work_corruption,1,1.0000,1.0000,1.0000,1.0000,0.0000,1.0000,1.0000,0.0000,1.0000,0.2716,14,1
pca_reconstruction_audit,energy_work_corruption,2,1.0000,1.0000,1.0000,1.0000,0.0000,1.0000,1.0000,0.0000,1.0000,0.2880,14,1
pca_reconstruction_audit,energy_work_corruption,3,1.0000,1.0000,1.0000,1.0000,0.0000,1.0000,1.0000,0.0000,1.0000,0.3272,14,1
pca_reconstruction_audit,energy_work_corruption,4,1.0000,1.0000,1.0000,1.0000,0.0000,1.0000,1.0000,0.0000,1.0000,0.3137,14,1
pca_reconstruction_audit,energy_work_corruption,5,1.0000,1.0000,1.0000,1.0000,0.0000,1.0000,1.0000,0.0000,1.0000,0.2334,14,1
pca_reconstruction_audit,energy_work_corruption,6,1.0000,1.0000,1.0000,1.0000,0.0000,1.0000,1.0000,0.0000,1.0000,0.3247,14,1
pca_reconstruction_audit,energy_work_corruption,7,1.0000,1.0000,1.0000,1.0000,0.0000,1.0000,1.0000,0.0000,1.0000,0.4029,14,1
pca_reconstruction_audit,mixed_near_threshold,0,1.0000,1.0000,1.0000,1.0000,0.0000,1.0000,1.0000,0.0000,1.0000,0.4224,14,1
pca_reconstruction_audit,mixed_near_threshold,1,1.0000,1.0000,1.0000,1.0000,0.0000,1.0000,1.0000,0.0000,1.0000,0.4121,14,1
pca_reconstruction_audit,mixed_near_threshold,2,1.0000,1.0000,1.0000,1.0000,0.0000,1.0000,1.0000,0.0000,1.0000,0.4276,14,1
pca_reconstruction_audit,mixed_near_threshold,3,1.0000,1.0000,1.0000,1.0000,0.0000,1.0000,1.0000,0.0000,1.0000,0.4098,14,1
pca_reconstruction_audit,mixed_near_threshold,4,1.0000,1.0000,1.0000,1.0000,0.0000,1.0000,1.0000,0.0000,1.0000,0.4231,14,1
pca_reconstruction_audit,mixed_near_threshold,5,1.0000,1.0000,1.0000,1.0000,0.0000,1.0000,1.0000,0.0000,1.0000,0.4256,14,1
pca_reconstruction_audit,mixed_near_threshold,6,1.0000,1.0000,1.0000,1.0000,0.0000,1.0000,1.0000,0.0000,1.0000,0.4177,14,1
pca_reconstruction_audit,mixed_near_threshold,7,1.0000,1.0000,1.0000,1.0000,0.0000,1.0000,1.0000,0.0000,1.0000,0.4120,14,1
pca_reconstruction_audit,nominal_valid,0,0.0000,0.0000,0.0000,1.0000,0.0000,0.0000,0.0000,0.0000,0.0000,0.0026,14,1
pca_reconstruction_audit,nominal_valid,1,0.0000,0.0000,0.0000,1.0000,0.0000,0.0000,0.0000,0.0000,0.0000,0.0028,14,1
pca_reconstruction_audit,nominal_valid,2,0.0000,0.0000,0.0000,0.8571,0.1429,0.1429,0.0000,0.0000,0.0000,0.0046,14,1
pca_reconstruction_audit,nominal_valid,3,0.0000,0.0000,0.0000,0.9286,0.0714,0.0714,0.0000,0.0000,0.0000,0.0031,14,1
pca_reconstruction_audit,nominal_valid,4,0.0000,0.0000,0.0000,0.9286,0.0714,0.0714,0.0000,0.0000,0.0000,0.0037,14,1
pca_reconstruction_audit,nominal_valid,5,0.0000,0.0000,0.0000,0.8571,0.1429,0.1429,0.0000,0.0000,0.0000,0.0039,14,1
pca_reconstruction_audit,nominal_valid,6,0.0000,0.0000,0.0000,1.0000,0.0000,0.0000,0.0000,0.0000,0.0000,0.0028,14,1
pca_reconstruction_audit,nominal_valid,7,0.0000,0.0000,0.0000,1.0000,0.0000,0.0000,0.0000,0.0000,0.0000,0.0027,14,1
pca_reconstruction_audit,noncausal_teleport,0,1.0000,1.0000,1.0000,1.0000,0.0000,1.0000,1.0000,0.0000,1.0000,0.8799,14,1
pca_reconstruction_audit,noncausal_teleport,1,1.0000,1.0000,1.0000,1.0000,0.0000,1.0000,1.0000,0.0000,1.0000,0.9523,14,1
pca_reconstruction_audit,noncausal_teleport,2,1.0000,1.0000,1.0000,1.0000,0.0000,1.0000,1.0000,0.0000,1.0000,0.9459,14,1
pca_reconstruction_audit,noncausal_teleport,3,1.0000,1.0000,1.0000,1.0000,0.0000,1.0000,1.0000,0.0000,1.0000,0.8847,14,1
pca_reconstruction_audit,noncausal_teleport,4,1.0000,1.0000,1.0000,1.0000,0.0000,1.0000,1.0000,0.0000,1.0000,0.8054,14,1
pca_reconstruction_audit,noncausal_teleport,5,1.0000,1.0000,1.0000,1.0000,0.0000,1.0000,1.0000,0.0000,1.0000,0.8880,14,1
pca_reconstruction_audit,noncausal_teleport,6,1.0000,1.0000,1.0000,1.0000,0.0000,1.0000,1.0000,0.0000,1.0000,0.8808,14,1
pca_reconstruction_audit,noncausal_teleport,7,1.0000,1.0000,1.0000,1.0000,0.0000,1.0000,1.0000,0.0000,1.0000,0.8636,14,1
pca_reconstruction_audit,rare_valid_bounce,0,0.0000,0.0000,0.0000,0.7857,0.2143,0.2143,0.0000,0.0000,0.0000,0.0135,14,1
pca_reconstruction_audit,rare_valid_bounce,1,0.0000,0.0000,0.0000,0.7857,0.2143,0.2143,0.0000,0.0000,0.0000,0.0101,14,1
pca_reconstruction_audit,rare_valid_bounce,2,0.0000,0.0000,0.0000,0.6429,0.3571,0.3571,0.0000,0.0000,0.0000,0.0197,14,1
pca_reconstruction_audit,rare_valid_bounce,3,0.0000,0.0000,0.0000,0.6429,0.3571,0.3571,0.0000,0.0000,0.0000,0.0137,14,1
pca_reconstruction_audit,rare_valid_bounce,4,0.0000,0.0000,0.0000,0.6429,0.3571,0.3571,0.0000,0.0000,0.0000,0.0084,14,1
pca_reconstruction_audit,rare_valid_bounce,5,0.0000,0.0000,0.0000,0.5000,0.5000,0.5000,0.0000,0.0000,0.0000,0.0217,14,1
pca_reconstruction_audit,rare_valid_bounce,6,0.0000,0.0000,0.0000,0.6429,0.3571,0.3571,0.0000,0.0000,0.0000,0.0149,14,1
pca_reconstruction_audit,rare_valid_bounce,7,0.0000,0.0000,0.0000,0.7143,0.2857,0.2857,0.0000,0.0000,0.0000,0.0206,14,1
pca_reconstruction_audit,subtle_contact_corruption,0,1.0000,1.0000,1.0000,1.0000,0.0000,1.0000,1.0000,0.0000,1.0000,0.7478,14,1
pca_reconstruction_audit,subtle_contact_corruption,1,1.0000,1.0000,1.0000,1.0000,0.0000,1.0000,1.0000,0.0000,1.0000,0.7307,14,1
pca_reconstruction_audit,subtle_contact_corruption,2,1.0000,1.0000,1.0000,1.0000,0.0000,1.0000,1.0000,0.0000,1.0000,0.7170,14,1
pca_reconstruction_audit,subtle_contact_corruption,3,1.0000,1.0000,1.0000,1.0000,0.0000,1.0000,1.0000,0.0000,1.0000,0.7333,14,1
pca_reconstruction_audit,subtle_contact_corruption,4,1.0000,1.0000,1.0000,1.0000,0.0000,1.0000,1.0000,0.0000,1.0000,0.7318,14,1
pca_reconstruction_audit,subtle_contact_corruption,5,1.0000,1.0000,1.0000,1.0000,0.0000,1.0000,1.0000,0.0000,1.0000,0.7273,14,1
pca_reconstruction_audit,subtle_contact_corruption,6,1.0000,1.0000,1.0000,1.0000,0.0000,1.0000,1.0000,0.0000,1.0000,0.7295,14,1
pca_reconstruction_audit,subtle_contact_corruption,7,1.0000,1.0000,1.0000,1.0000,0.0000,1.0000,1.0000,0.0000,1.0000,0.7558,14,1
pca_reconstruction_audit,subtle_energy_corruption,0,1.0000,0.7143,0.8333,0.7143,0.0000,0.7143,1.0000,0.0000,1.0000,0.0198,14,1
pca_reconstruction_audit,subtle_energy_corruption,1,1.0000,0.7143,0.8333,0.7143,0.0000,0.7143,1.0000,0.0000,1.0000,0.0159,14,1
pca_reconstruction_audit,subtle_energy_corruption,2,1.0000,0.5714,0.7273,0.5714,0.0000,0.5714,1.0000,0.0000,1.0000,0.0142,14,1
pca_reconstruction_audit,subtle_energy_corruption,3,1.0000,0.5714,0.7273,0.5714,0.0000,0.5714,1.0000,0.0000,1.0000,0.0140,14,1
pca_reconstruction_audit,subtle_energy_corruption,4,1.0000,0.6429,0.7826,0.6429,0.0000,0.6429,1.0000,0.0000,1.0000,0.0155,14,1
pca_reconstruction_audit,subtle_energy_corruption,5,1.0000,0.7857,0.8800,0.7857,0.0000,0.7857,1.0000,0.0000,1.0000,0.0159,14,1
pca_reconstruction_audit,subtle_energy_corruption,6,1.0000,0.7857,0.8800,0.7857,0.0000,0.7857,1.0000,0.0000,1.0000,0.0195,14,1
pca_reconstruction_audit,subtle_energy_corruption,7,1.0000,0.6429,0.7826,0.6429,0.0000,0.6429,1.0000,0.0000,1.0000,0.0175,14,1
pca_reconstruction_audit,support_levitation,0,1.0000,1.0000,1.0000,1.0000,0.0000,1.0000,1.0000,0.0000,1.0000,2.6937,14,1
pca_reconstruction_audit,support_levitation,1,1.0000,1.0000,1.0000,1.0000,0.0000,1.0000,1.0000,0.0000,1.0000,2.6735,14,1
pca_reconstruction_audit,support_levitation,2,1.0000,1.0000,1.0000,1.0000,0.0000,1.0000,1.0000,0.0000,1.0000,2.6410,14,1
pca_reconstruction_audit,support_levitation,3,1.0000,1.0000,1.0000,1.0000,0.0000,1.0000,1.0000,0.0000,1.0000,2.7006,14,1
pca_reconstruction_audit,support_levitation,4,1.0000,1.0000,1.0000,1.0000,0.0000,1.0000,1.0000,0.0000,1.0000,2.6810,14,1
pca_reconstruction_audit,support_levitation,5,1.0000,1.0000,1.0000,1.0000,0.0000,1.0000,1.0000,0.0000,1.0000,2.7015,14,1
pca_reconstruction_audit,support_levitation,6,1.0000,1.0000,1.0000,1.0000,0.0000,1.0000,1.0000,0.0000,1.0000,2.6714,14,1
pca_reconstruction_audit,support_levitation,7,1.0000,1.0000,1.0000,1.0000,0.0000,1.0000,1.0000,0.0000,1.0000,2.6803,14,1
pca_reconstruction_audit,timestamp_noncausal_corruption,0,1.0000,1.0000,1.0000,1.0000,0.0000,1.0000,1.0000,0.0000,1.0000,0.2115,14,1
pca_reconstruction_audit,timestamp_noncausal_corruption,1,1.0000,1.0000,1.0000,1.0000,0.0000,1.0000,1.0000,0.0000,1.0000,0.2019,14,1
pca_reconstruction_audit,timestamp_noncausal_corruption,2,1.0000,1.0000,1.0000,1.0000,0.0000,1.0000,1.0000,0.0000,1.0000,0.2170,14,1
pca_reconstruction_audit,timestamp_noncausal_corruption,3,1.0000,1.0000,1.0000,1.0000,0.0000,1.0000,1.0000,0.0000,1.0000,0.2152,14,1
pca_reconstruction_audit,timestamp_noncausal_corruption,4,1.0000,1.0000,1.0000,1.0000,0.0000,1.0000,1.0000,0.0000,1.0000,0.1941,14,1
pca_reconstruction_audit,timestamp_noncausal_corruption,5,1.0000,1.0000,1.0000,1.0000,0.0000,1.0000,1.0000,0.0000,1.0000,0.1941,14,1
pca_reconstruction_audit,timestamp_noncausal_corruption,6,1.0000,1.0000,1.0000,1.0000,0.0000,1.0000,1.0000,0.0000,1.0000,0.2303,14,1
pca_reconstruction_audit,timestamp_noncausal_corruption,7,1.0000,1.0000,1.0000,1.0000,0.0000,1.0000,1.0000,0.0000,1.0000,0.1957,14,1
pca_reconstruction_audit,valid_clock_skew,0,0.0000,0.0000,0.0000,0.9286,0.0714,0.0714,0.0000,0.0000,0.0000,0.0041,14,1
pca_reconstruction_audit,valid_clock_skew,1,0.0000,0.0000,0.0000,0.9286,0.0714,0.0714,0.0000,0.0000,0.0000,0.0040,14,1
pca_reconstruction_audit,valid_clock_skew,2,0.0000,0.0000,0.0000,0.9286,0.0714,0.0714,0.0000,0.0000,0.0000,0.0028,14,1
pca_reconstruction_audit,valid_clock_skew,3,0.0000,0.0000,0.0000,0.9286,0.0714,0.0714,0.0000,0.0000,0.0000,0.0042,14,1
pca_reconstruction_audit,valid_clock_skew,4,0.0000,0.0000,0.0000,0.9286,0.0714,0.0714,0.0000,0.0000,0.0000,0.0029,14,1
pca_reconstruction_audit,valid_clock_skew,5,0.0000,0.0000,0.0000,0.9286,0.0714,0.0714,0.0000,0.0000,0.0000,0.0036,14,1
pca_reconstruction_audit,valid_clock_skew,6,0.0000,0.0000,0.0000,1.0000,0.0000,0.0000,0.0000,0.0000,0.0000,0.0039,14,1
pca_reconstruction_audit,valid_clock_skew,7,0.0000,0.0000,0.0000,1.0000,0.0000,0.0000,0.0000,0.0000,0.0000,0.0021,14,1
pca_reconstruction_audit,valid_low_friction_slip,0,0.0000,0.0000,0.0000,1.0000,0.0000,0.0000,0.0000,0.0000,0.0000,0.0017,14,1
pca_reconstruction_audit,valid_low_friction_slip,1,0.0000,0.0000,0.0000,1.0000,0.0000,0.0000,0.0000,0.0000,0.0000,0.0021,14,1
pca_reconstruction_audit,valid_low_friction_slip,2,0.0000,0.0000,0.0000,1.0000,0.0000,0.0000,0.0000,0.0000,0.0000,0.0017,14,1
pca_reconstruction_audit,valid_low_friction_slip,3,0.0000,0.0000,0.0000,1.0000,0.0000,0.0000,0.0000,0.0000,0.0000,0.0028,14,1
pca_reconstruction_audit,valid_low_friction_slip,4,0.0000,0.0000,0.0000,1.0000,0.0000,0.0000,0.0000,0.0000,0.0000,0.0019,14,1
pca_reconstruction_audit,valid_low_friction_slip,5,0.0000,0.0000,0.0000,1.0000,0.0000,0.0000,0.0000,0.0000,0.0000,0.0030,14,1
pca_reconstruction_audit,valid_low_friction_slip,6,0.0000,0.0000,0.0000,1.0000,0.0000,0.0000,0.0000,0.0000,0.0000,0.0023,14,1
pca_reconstruction_audit,valid_low_friction_slip,7,0.0000,0.0000,0.0000,1.0000,0.0000,0.0000,0.0000,0.0000,0.0000,0.0014,14,1
physics_violation_audit,actuator_saturation,0,1.0000,0.4286,0.6000,0.4286,0.0000,0.4286,1.0000,0.0000,1.0000,227.0713,14,1
physics_violation_audit,actuator_saturation,1,1.0000,0.0714,0.1333,0.0714,0.0000,0.0714,1.0000,0.0000,1.0000,102.2974,14,1
physics_violation_audit,actuator_saturation,2,1.0000,0.2143,0.3529,0.2143,0.0000,0.2143,1.0000,0.0000,1.0000,177.0850,14,1
physics_violation_audit,actuator_saturation,3,1.0000,0.2143,0.3529,0.2143,0.0000,0.2143,1.0000,0.0000,1.0000,169.0441,14,1
physics_violation_audit,actuator_saturation,4,1.0000,0.2143,0.3529,0.2143,0.0000,0.2143,1.0000,0.0000,1.0000,173.6711,14,1
physics_violation_audit,actuator_saturation,5,1.0000,0.3571,0.5263,0.3571,0.0000,0.3571,1.0000,0.0000,1.0000,256.3514,14,1
physics_violation_audit,actuator_saturation,6,1.0000,0.0714,0.1333,0.0714,0.0000,0.0714,1.0000,0.0000,1.0000,109.8419,14,1
physics_violation_audit,actuator_saturation,7,1.0000,0.2857,0.4444,0.2857,0.0000,0.2857,1.0000,0.0000,1.0000,194.5082,14,1
physics_violation_audit,adversarial_compensated_violation,0,1.0000,0.3571,0.5263,0.3571,0.0000,0.3571,1.0000,0.0000,1.0000,321.6310,14,1
physics_violation_audit,adversarial_compensated_violation,1,1.0000,0.7143,0.8333,0.7143,0.0000,0.7143,1.0000,0.0000,1.0000,372.6108,14,1
physics_violation_audit,adversarial_compensated_violation,2,1.0000,0.5714,0.7273,0.5714,0.0000,0.5714,1.0000,0.0000,1.0000,377.0396,14,1
physics_violation_audit,adversarial_compensated_violation,3,1.0000,0.6429,0.7826,0.6429,0.0000,0.6429,1.0000,0.0000,1.0000,379.7574,14,1
physics_violation_audit,adversarial_compensated_violation,4,1.0000,0.7143,0.8333,0.7143,0.0000,0.7143,1.0000,0.0000,1.0000,466.1919,14,1
physics_violation_audit,adversarial_compensated_violation,5,1.0000,0.3571,0.5263,0.3571,0.0000,0.3571,1.0000,0.0000,1.0000,264.1805,14,1
physics_violation_audit,adversarial_compensated_violation,6,1.0000,0.5714,0.7273,0.5714,0.0000,0.5714,1.0000,0.0000,1.0000,358.4557,14,1
physics_violation_audit,adversarial_compensated_violation,7,1.0000,0.7857,0.8800,0.7857,0.0000,0.7857,1.0000,0.0000,1.0000,404.3800,14,1
physics_violation_audit,combined_violation_shift,0,1.0000,1.0000,1.0000,1.0000,0.0000,1.0000,1.0000,0.0000,1.0000,816.2108,14,1
physics_violation_audit,combined_violation_shift,1,1.0000,1.0000,1.0000,1.0000,0.0000,1.0000,1.0000,0.0000,1.0000,699.9656,14,1
physics_violation_audit,combined_violation_shift,2,1.0000,1.0000,1.0000,1.0000,0.0000,1.0000,1.0000,0.0000,1.0000,684.6225,14,1
physics_violation_audit,combined_violation_shift,3,1.0000,1.0000,1.0000,1.0000,0.0000,1.0000,1.0000,0.0000,1.0000,738.0132,14,1
physics_violation_audit,combined_violation_shift,4,1.0000,1.0000,1.0000,1.0000,0.0000,1.0000,1.0000,0.0000,1.0000,878.5901,14,1
physics_violation_audit,combined_violation_shift,5,1.0000,1.0000,1.0000,1.0000,0.0000,1.0000,1.0000,0.0000,1.0000,866.8296,14,1
physics_violation_audit,combined_violation_shift,6,1.0000,1.0000,1.0000,1.0000,0.0000,1.0000,1.0000,0.0000,1.0000,712.0974,14,1
physics_violation_audit,combined_violation_shift,7,1.0000,1.0000,1.0000,1.0000,0.0000,1.0000,1.0000,0.0000,1.0000,802.9709,14,1
physics_violation_audit,contact_corruption,0,0.0000,0.0000,0.0000,0.0000,0.0000,0.0000,1.0000,0.0000,1.0000,54.1329,14,1
physics_violation_audit,contact_corruption,1,0.0000,0.0000,0.0000,0.0000,0.0000,0.0000,1.0000,0.0000,1.0000,46.3453,14,1
physics_violation_audit,contact_corruption,2,0.0000,0.0000,0.0000,0.0000,0.0000,0.0000,1.0000,0.0000,1.0000,49.8084,14,1
physics_violation_audit,contact_corruption,3,0.0000,0.0000,0.0000,0.0000,0.0000,0.0000,1.0000,0.0000,1.0000,47.5046,14,1
physics_violation_audit,contact_corruption,4,0.0000,0.0000,0.0000,0.0000,0.0000,0.0000,1.0000,0.0000,1.0000,62.2599,14,1
physics_violation_audit,contact_corruption,5,0.0000,0.0000,0.0000,0.0000,0.0000,0.0000,1.0000,0.0000,1.0000,60.2929,14,1
physics_violation_audit,contact_corruption,6,0.0000,0.0000,0.0000,0.0000,0.0000,0.0000,1.0000,0.0000,1.0000,48.5715,14,1
physics_violation_audit,contact_corruption,7,0.0000,0.0000,0.0000,0.0000,0.0000,0.0000,1.0000,0.0000,1.0000,57.5343,14,1
physics_violation_audit,energy_work_corruption,0,1.0000,0.3571,0.5263,0.3571,0.0000,0.3571,1.0000,0.0000,1.0000,199.9692,14,1
physics_violation_audit,energy_work_corruption,1,1.0000,0.2143,0.3529,0.2143,0.0000,0.2143,1.0000,0.0000,1.0000,171.9418,14,1
physics_violation_audit,energy_work_corruption,2,1.0000,0.0714,0.1333,0.0714,0.0000,0.0714,1.0000,0.0000,1.0000,142.1837,14,1
physics_violation_audit,energy_work_corruption,3,1.0000,0.0714,0.1333,0.0714,0.0000,0.0714,1.0000,0.0000,1.0000,134.0555,14,1
physics_violation_audit,energy_work_corruption,4,1.0000,0.4286,0.6000,0.4286,0.0000,0.4286,1.0000,0.0000,1.0000,254.3106,14,1
physics_violation_audit,energy_work_corruption,5,1.0000,0.3571,0.5263,0.3571,0.0000,0.3571,1.0000,0.0000,1.0000,254.4827,14,1
physics_violation_audit,energy_work_corruption,6,1.0000,0.0714,0.1333,0.0714,0.0000,0.0714,1.0000,0.0000,1.0000,84.2911,14,1
physics_violation_audit,energy_work_corruption,7,1.0000,0.2143,0.3529,0.2143,0.0000,0.2143,1.0000,0.0000,1.0000,137.6991,14,1
physics_violation_audit,mixed_near_threshold,0,0.0000,0.0000,0.0000,0.0000,0.0000,0.0000,1.0000,0.0000,1.0000,97.9887,14,1
physics_violation_audit,mixed_near_threshold,1,0.0000,0.0000,0.0000,0.0000,0.0000,0.0000,1.0000,0.0000,1.0000,71.9535,14,1
physics_violation_audit,mixed_near_threshold,2,0.0000,0.0000,0.0000,0.0000,0.0000,0.0000,1.0000,0.0000,1.0000,65.0689,14,1
physics_violation_audit,mixed_near_threshold,3,0.0000,0.0000,0.0000,0.0000,0.0000,0.0000,1.0000,0.0000,1.0000,83.0184,14,1
physics_violation_audit,mixed_near_threshold,4,0.0000,0.0000,0.0000,0.0000,0.0000,0.0000,1.0000,0.0000,1.0000,110.5463,14,1
physics_violation_audit,mixed_near_threshold,5,0.0000,0.0000,0.0000,0.0000,0.0000,0.0000,1.0000,0.0000,1.0000,88.7699,14,1
physics_violation_audit,mixed_near_threshold,6,0.0000,0.0000,0.0000,0.0000,0.0000,0.0000,1.0000,0.0000,1.0000,75.3884,14,1
physics_violation_audit,mixed_near_threshold,7,0.0000,0.0000,0.0000,0.0000,0.0000,0.0000,1.0000,0.0000,1.0000,86.5271,14,1
physics_violation_audit,nominal_valid,0,0.0000,0.0000,0.0000,1.0000,0.0000,0.0000,0.0000,0.0000,0.0000,108.0799,14,1
physics_violation_audit,nominal_valid,1,0.0000,0.0000,0.0000,1.0000,0.0000,0.0000,0.0000,0.0000,0.0000,84.7695,14,1
physics_violation_audit,nominal_valid,2,0.0000,0.0000,0.0000,1.0000,0.0000,0.0000,0.0000,0.0000,0.0000,95.9070,14,1
physics_violation_audit,nominal_valid,3,0.0000,0.0000,0.0000,1.0000,0.0000,0.0000,0.0000,0.0000,0.0000,95.1758,14,1
physics_violation_audit,nominal_valid,4,0.0000,0.0000,0.0000,1.0000,0.0000,0.0000,0.0000,0.0000,0.0000,119.0271,14,1
physics_violation_audit,nominal_valid,5,0.0000,0.0000,0.0000,1.0000,0.0000,0.0000,0.0000,0.0000,0.0000,118.8160,14,1
physics_violation_audit,nominal_valid,6,0.0000,0.0000,0.0000,1.0000,0.0000,0.0000,0.0000,0.0000,0.0000,93.3927,14,1
physics_violation_audit,nominal_valid,7,0.0000,0.0000,0.0000,1.0000,0.0000,0.0000,0.0000,0.0000,0.0000,116.8376,14,1
physics_violation_audit,noncausal_teleport,0,1.0000,1.0000,1.0000,1.0000,0.0000,1.0000,1.0000,0.0000,1.0000,565.6460,14,1
physics_violation_audit,noncausal_teleport,1,1.0000,1.0000,1.0000,1.0000,0.0000,1.0000,1.0000,0.0000,1.0000,503.9374,14,1
physics_violation_audit,noncausal_teleport,2,1.0000,1.0000,1.0000,1.0000,0.0000,1.0000,1.0000,0.0000,1.0000,488.8731,14,1
physics_violation_audit,noncausal_teleport,3,1.0000,1.0000,1.0000,1.0000,0.0000,1.0000,1.0000,0.0000,1.0000,515.6876,14,1
physics_violation_audit,noncausal_teleport,4,1.0000,1.0000,1.0000,1.0000,0.0000,1.0000,1.0000,0.0000,1.0000,622.5543,14,1
physics_violation_audit,noncausal_teleport,5,1.0000,1.0000,1.0000,1.0000,0.0000,1.0000,1.0000,0.0000,1.0000,619.3245,14,1
physics_violation_audit,noncausal_teleport,6,1.0000,1.0000,1.0000,1.0000,0.0000,1.0000,1.0000,0.0000,1.0000,490.9266,14,1
physics_violation_audit,noncausal_teleport,7,1.0000,1.0000,1.0000,1.0000,0.0000,1.0000,1.0000,0.0000,1.0000,579.8617,14,1
physics_violation_audit,rare_valid_bounce,0,0.0000,0.0000,0.0000,1.0000,0.0000,0.0000,0.0000,0.0000,0.0000,182.4962,14,1
physics_violation_audit,rare_valid_bounce,1,0.0000,0.0000,0.0000,1.0000,0.0000,0.0000,0.0000,0.0000,0.0000,177.5084,14,1
physics_violation_audit,rare_valid_bounce,2,0.0000,0.0000,0.0000,0.8571,0.1429,0.1429,0.0000,0.0000,0.0000,177.0013,14,1
physics_violation_audit,rare_valid_bounce,3,0.0000,0.0000,0.0000,1.0000,0.0000,0.0000,0.0000,0.0000,0.0000,197.4148,14,1
physics_violation_audit,rare_valid_bounce,4,0.0000,0.0000,0.0000,0.7143,0.2857,0.2857,0.0000,0.0000,0.0000,223.2160,14,1
physics_violation_audit,rare_valid_bounce,5,0.0000,0.0000,0.0000,0.9286,0.0714,0.0714,0.0000,0.0000,0.0000,153.0826,14,1
physics_violation_audit,rare_valid_bounce,6,0.0000,0.0000,0.0000,0.9286,0.0714,0.0714,0.0000,0.0000,0.0000,180.7923,14,1
physics_violation_audit,rare_valid_bounce,7,0.0000,0.0000,0.0000,0.9286,0.0714,0.0714,0.0000,0.0000,0.0000,197.0687,14,1
physics_violation_audit,subtle_contact_corruption,0,0.0000,0.0000,0.0000,0.0000,0.0000,0.0000,1.0000,0.0000,1.0000,51.4047,14,1
physics_violation_audit,subtle_contact_corruption,1,0.0000,0.0000,0.0000,0.0000,0.0000,0.0000,1.0000,0.0000,1.0000,44.5822,14,1
physics_violation_audit,subtle_contact_corruption,2,0.0000,0.0000,0.0000,0.0000,0.0000,0.0000,1.0000,0.0000,1.0000,49.4362,14,1
physics_violation_audit,subtle_contact_corruption,3,0.0000,0.0000,0.0000,0.0000,0.0000,0.0000,1.0000,0.0000,1.0000,45.4587,14,1
physics_violation_audit,subtle_contact_corruption,4,0.0000,0.0000,0.0000,0.0000,0.0000,0.0000,1.0000,0.0000,1.0000,60.2285,14,1
physics_violation_audit,subtle_contact_corruption,5,0.0000,0.0000,0.0000,0.0000,0.0000,0.0000,1.0000,0.0000,1.0000,56.8533,14,1
physics_violation_audit,subtle_contact_corruption,6,0.0000,0.0000,0.0000,0.0000,0.0000,0.0000,1.0000,0.0000,1.0000,44.1282,14,1
physics_violation_audit,subtle_contact_corruption,7,0.0000,0.0000,0.0000,0.0000,0.0000,0.0000,1.0000,0.0000,1.0000,53.1060,14,1
physics_violation_audit,subtle_energy_corruption,0,0.0000,0.0000,0.0000,0.0000,0.0000,0.0000,1.0000,0.0000,1.0000,72.9697,14,1
physics_violation_audit,subtle_energy_corruption,1,0.0000,0.0000,0.0000,0.0000,0.0000,0.0000,1.0000,0.0000,1.0000,66.7325,14,1
physics_violation_audit,subtle_energy_corruption,2,0.0000,0.0000,0.0000,0.0000,0.0000,0.0000,1.0000,0.0000,1.0000,79.2290,14,1
physics_violation_audit,subtle_energy_corruption,3,0.0000,0.0000,0.0000,0.0000,0.0000,0.0000,1.0000,0.0000,1.0000,76.5512,14,1
physics_violation_audit,subtle_energy_corruption,4,0.0000,0.0000,0.0000,0.0000,0.0000,0.0000,1.0000,0.0000,1.0000,100.5792,14,1
physics_violation_audit,subtle_energy_corruption,5,0.0000,0.0000,0.0000,0.0000,0.0000,0.0000,1.0000,0.0000,1.0000,100.6075,14,1
physics_violation_audit,subtle_energy_corruption,6,0.0000,0.0000,0.0000,0.0000,0.0000,0.0000,1.0000,0.0000,1.0000,59.6545,14,1
physics_violation_audit,subtle_energy_corruption,7,0.0000,0.0000,0.0000,0.0000,0.0000,0.0000,1.0000,0.0000,1.0000,101.5825,14,1
physics_violation_audit,support_levitation,0,0.0000,0.0000,0.0000,0.0000,0.0000,0.0000,1.0000,0.0000,1.0000,54.1001,14,1
physics_violation_audit,support_levitation,1,0.0000,0.0000,0.0000,0.0000,0.0000,0.0000,1.0000,0.0000,1.0000,47.9654,14,1
physics_violation_audit,support_levitation,2,0.0000,0.0000,0.0000,0.0000,0.0000,0.0000,1.0000,0.0000,1.0000,50.0664,14,1
physics_violation_audit,support_levitation,3,0.0000,0.0000,0.0000,0.0000,0.0000,0.0000,1.0000,0.0000,1.0000,50.6427,14,1
physics_violation_audit,support_levitation,4,0.0000,0.0000,0.0000,0.0000,0.0000,0.0000,1.0000,0.0000,1.0000,61.8185,14,1
physics_violation_audit,support_levitation,5,0.0000,0.0000,0.0000,0.0000,0.0000,0.0000,1.0000,0.0000,1.0000,60.0781,14,1
physics_violation_audit,support_levitation,6,0.0000,0.0000,0.0000,0.0000,0.0000,0.0000,1.0000,0.0000,1.0000,47.1208,14,1
physics_violation_audit,support_levitation,7,0.0000,0.0000,0.0000,0.0000,0.0000,0.0000,1.0000,0.0000,1.0000,56.7034,14,1
physics_violation_audit,timestamp_noncausal_corruption,0,1.0000,0.5000,0.6667,0.5000,0.0000,0.5000,1.0000,0.0000,1.0000,326.8860,14,1
physics_violation_audit,timestamp_noncausal_corruption,1,1.0000,0.5000,0.6667,0.5000,0.0000,0.5000,1.0000,0.0000,1.0000,277.8329,14,1
physics_violation_audit,timestamp_noncausal_corruption,2,1.0000,0.2857,0.4444,0.2857,0.0000,0.2857,1.0000,0.0000,1.0000,278.5181,14,1
physics_violation_audit,timestamp_noncausal_corruption,3,1.0000,0.4286,0.6000,0.4286,0.0000,0.4286,1.0000,0.0000,1.0000,294.2902,14,1
physics_violation_audit,timestamp_noncausal_corruption,4,1.0000,0.5714,0.7273,0.5714,0.0000,0.5714,1.0000,0.0000,1.0000,359.3157,14,1
physics_violation_audit,timestamp_noncausal_corruption,5,1.0000,0.7143,0.8333,0.7143,0.0000,0.7143,1.0000,0.0000,1.0000,343.8134,14,1
physics_violation_audit,timestamp_noncausal_corruption,6,1.0000,0.5714,0.7273,0.5714,0.0000,0.5714,1.0000,0.0000,1.0000,289.7700,14,1
physics_violation_audit,timestamp_noncausal_corruption,7,1.0000,0.7143,0.8333,0.7143,0.0000,0.7143,1.0000,0.0000,1.0000,333.6925,14,1
physics_violation_audit,valid_clock_skew,0,0.0000,0.0000,0.0000,1.0000,0.0000,0.0000,0.0000,0.0000,0.0000,103.5379,14,1
physics_violation_audit,valid_clock_skew,1,0.0000,0.0000,0.0000,1.0000,0.0000,0.0000,0.0000,0.0000,0.0000,97.5129,14,1
physics_violation_audit,valid_clock_skew,2,0.0000,0.0000,0.0000,1.0000,0.0000,0.0000,0.0000,0.0000,0.0000,124.1559,14,1
physics_violation_audit,valid_clock_skew,3,0.0000,0.0000,0.0000,1.0000,0.0000,0.0000,0.0000,0.0000,0.0000,118.6880,14,1
physics_violation_audit,valid_clock_skew,4,0.0000,0.0000,0.0000,1.0000,0.0000,0.0000,0.0000,0.0000,0.0000,97.1859,14,1
physics_violation_audit,valid_clock_skew,5,0.0000,0.0000,0.0000,1.0000,0.0000,0.0000,0.0000,0.0000,0.0000,108.5135,14,1
physics_violation_audit,valid_clock_skew,6,0.0000,0.0000,0.0000,1.0000,0.0000,0.0000,0.0000,0.0000,0.0000,86.8914,14,1
physics_violation_audit,valid_clock_skew,7,0.0000,0.0000,0.0000,1.0000,0.0000,0.0000,0.0000,0.0000,0.0000,93.2765,14,1
physics_violation_audit,valid_low_friction_slip,0,0.0000,0.0000,0.0000,0.7857,0.2143,0.2143,0.0000,0.0000,0.0000,237.4916,14,1
physics_violation_audit,valid_low_friction_slip,1,0.0000,0.0000,0.0000,0.8571,0.1429,0.1429,0.0000,0.0000,0.0000,250.0564,14,1
physics_violation_audit,valid_low_friction_slip,2,0.0000,0.0000,0.0000,0.7857,0.2143,0.2143,0.0000,0.0000,0.0000,250.8675,14,1
physics_violation_audit,valid_low_friction_slip,3,0.0000,0.0000,0.0000,0.6429,0.3571,0.3571,0.0000,0.0000,0.0000,263.7742,14,1
physics_violation_audit,valid_low_friction_slip,4,0.0000,0.0000,0.0000,0.8571,0.1429,0.1429,0.0000,0.0000,0.0000,252.8218,14,1
physics_violation_audit,valid_low_friction_slip,5,0.0000,0.0000,0.0000,0.5000,0.5000,0.5000,0.0000,0.0000,0.0000,269.2613,14,1
physics_violation_audit,valid_low_friction_slip,6,0.0000,0.0000,0.0000,0.5714,0.4286,0.4286,0.0000,0.0000,0.0000,256.9798,14,1
physics_violation_audit,valid_low_friction_slip,7,0.0000,0.0000,0.0000,0.7143,0.2857,0.2857,0.0000,0.0000,0.0000,247.6096,14,1
physics_violation_audit_v5,actuator_saturation,0,1.0000,0.4286,0.6000,0.4286,0.0000,0.4286,1.0000,0.0000,1.0000,202.2716,14,1
physics_violation_audit_v5,actuator_saturation,1,1.0000,0.0714,0.1333,0.0714,0.0000,0.0714,1.0000,0.0000,1.0000,92.0133,14,1
physics_violation_audit_v5,actuator_saturation,2,1.0000,0.2143,0.3529,0.2143,0.0000,0.2143,1.0000,0.0000,1.0000,157.8015,14,1
physics_violation_audit_v5,actuator_saturation,3,1.0000,0.2143,0.3529,0.2143,0.0000,0.2143,1.0000,0.0000,1.0000,149.7512,14,1
physics_violation_audit_v5,actuator_saturation,4,1.0000,0.2143,0.3529,0.2143,0.0000,0.2143,1.0000,0.0000,1.0000,156.3615,14,1
physics_violation_audit_v5,actuator_saturation,5,1.0000,0.3571,0.5263,0.3571,0.0000,0.3571,1.0000,0.0000,1.0000,229.6000,14,1
physics_violation_audit_v5,actuator_saturation,6,0.0000,0.0000,0.0000,0.0000,0.0000,0.0000,1.0000,0.0000,1.0000,97.6311,14,1
physics_violation_audit_v5,actuator_saturation,7,1.0000,0.2857,0.4444,0.2857,0.0000,0.2857,1.0000,0.0000,1.0000,171.2547,14,1
physics_violation_audit_v5,adversarial_compensated_violation,0,1.0000,0.3571,0.5263,0.3571,0.0000,0.3571,1.0000,0.0000,1.0000,288.3133,14,1
physics_violation_audit_v5,adversarial_compensated_violation,1,1.0000,0.7143,0.8333,0.7143,0.0000,0.7143,1.0000,0.0000,1.0000,333.6987,14,1
physics_violation_audit_v5,adversarial_compensated_violation,2,1.0000,0.5714,0.7273,0.5714,0.0000,0.5714,1.0000,0.0000,1.0000,337.7775,14,1
physics_violation_audit_v5,adversarial_compensated_violation,3,1.0000,0.6429,0.7826,0.6429,0.0000,0.6429,1.0000,0.0000,1.0000,340.0735,14,1
physics_violation_audit_v5,adversarial_compensated_violation,4,1.0000,0.7143,0.8333,0.7143,0.0000,0.7143,1.0000,0.0000,1.0000,417.3665,14,1
physics_violation_audit_v5,adversarial_compensated_violation,5,1.0000,0.3571,0.5263,0.3571,0.0000,0.3571,1.0000,0.0000,1.0000,237.0394,14,1
physics_violation_audit_v5,adversarial_compensated_violation,6,1.0000,0.5714,0.7273,0.5714,0.0000,0.5714,1.0000,0.0000,1.0000,321.2398,14,1
physics_violation_audit_v5,adversarial_compensated_violation,7,1.0000,0.7857,0.8800,0.7857,0.0000,0.7857,1.0000,0.0000,1.0000,362.2323,14,1
physics_violation_audit_v5,combined_violation_shift,0,1.0000,1.0000,1.0000,1.0000,0.0000,1.0000,1.0000,0.0000,1.0000,720.1355,14,1
physics_violation_audit_v5,combined_violation_shift,1,1.0000,1.0000,1.0000,1.0000,0.0000,1.0000,1.0000,0.0000,1.0000,618.8423,14,1
physics_violation_audit_v5,combined_violation_shift,2,1.0000,1.0000,1.0000,1.0000,0.0000,1.0000,1.0000,0.0000,1.0000,600.3267,14,1
physics_violation_audit_v5,combined_violation_shift,3,1.0000,1.0000,1.0000,1.0000,0.0000,1.0000,1.0000,0.0000,1.0000,655.0121,14,1
physics_violation_audit_v5,combined_violation_shift,4,1.0000,1.0000,1.0000,1.0000,0.0000,1.0000,1.0000,0.0000,1.0000,780.0992,14,1
physics_violation_audit_v5,combined_violation_shift,5,1.0000,1.0000,1.0000,1.0000,0.0000,1.0000,1.0000,0.0000,1.0000,773.8311,14,1
physics_violation_audit_v5,combined_violation_shift,6,1.0000,1.0000,1.0000,1.0000,0.0000,1.0000,1.0000,0.0000,1.0000,627.9481,14,1
physics_violation_audit_v5,combined_violation_shift,7,1.0000,1.0000,1.0000,1.0000,0.0000,1.0000,1.0000,0.0000,1.0000,712.5562,14,1
physics_violation_audit_v5,contact_corruption,0,0.0000,0.0000,0.0000,0.0000,0.0000,0.0000,1.0000,0.0000,1.0000,47.7357,14,1
physics_violation_audit_v5,contact_corruption,1,0.0000,0.0000,0.0000,0.0000,0.0000,0.0000,1.0000,0.0000,1.0000,40.6419,14,1
physics_violation_audit_v5,contact_corruption,2,0.0000,0.0000,0.0000,0.0000,0.0000,0.0000,1.0000,0.0000,1.0000,43.5377,14,1
physics_violation_audit_v5,contact_corruption,3,0.0000,0.0000,0.0000,0.0000,0.0000,0.0000,1.0000,0.0000,1.0000,41.9008,14,1
physics_violation_audit_v5,contact_corruption,4,0.0000,0.0000,0.0000,0.0000,0.0000,0.0000,1.0000,0.0000,1.0000,55.1959,14,1
physics_violation_audit_v5,contact_corruption,5,0.0000,0.0000,0.0000,0.0000,0.0000,0.0000,1.0000,0.0000,1.0000,53.7168,14,1
physics_violation_audit_v5,contact_corruption,6,0.0000,0.0000,0.0000,0.0000,0.0000,0.0000,1.0000,0.0000,1.0000,42.3030,14,1
physics_violation_audit_v5,contact_corruption,7,0.0000,0.0000,0.0000,0.0000,0.0000,0.0000,1.0000,0.0000,1.0000,50.5629,14,1
physics_violation_audit_v5,energy_work_corruption,0,1.0000,0.3571,0.5263,0.3571,0.0000,0.3571,1.0000,0.0000,1.0000,178.2036,14,1
physics_violation_audit_v5,energy_work_corruption,1,1.0000,0.2143,0.3529,0.2143,0.0000,0.2143,1.0000,0.0000,1.0000,151.1340,14,1
physics_violation_audit_v5,energy_work_corruption,2,1.0000,0.0714,0.1333,0.0714,0.0000,0.0714,1.0000,0.0000,1.0000,124.7307,14,1
physics_violation_audit_v5,energy_work_corruption,3,1.0000,0.0714,0.1333,0.0714,0.0000,0.0714,1.0000,0.0000,1.0000,119.0052,14,1
physics_violation_audit_v5,energy_work_corruption,4,1.0000,0.4286,0.6000,0.4286,0.0000,0.4286,1.0000,0.0000,1.0000,226.0504,14,1
physics_violation_audit_v5,energy_work_corruption,5,1.0000,0.3571,0.5263,0.3571,0.0000,0.3571,1.0000,0.0000,1.0000,225.4722,14,1
physics_violation_audit_v5,energy_work_corruption,6,1.0000,0.0714,0.1333,0.0714,0.0000,0.0714,1.0000,0.0000,1.0000,75.2019,14,1
physics_violation_audit_v5,energy_work_corruption,7,1.0000,0.2143,0.3529,0.2143,0.0000,0.2143,1.0000,0.0000,1.0000,121.2953,14,1
physics_violation_audit_v5,mixed_near_threshold,0,0.0000,0.0000,0.0000,0.0000,0.0000,0.0000,1.0000,0.0000,1.0000,87.3178,14,1
physics_violation_audit_v5,mixed_near_threshold,1,0.0000,0.0000,0.0000,0.0000,0.0000,0.0000,1.0000,0.0000,1.0000,64.1658,14,1
physics_violation_audit_v5,mixed_near_threshold,2,0.0000,0.0000,0.0000,0.0000,0.0000,0.0000,1.0000,0.0000,1.0000,57.6863,14,1
physics_violation_audit_v5,mixed_near_threshold,3,0.0000,0.0000,0.0000,0.0000,0.0000,0.0000,1.0000,0.0000,1.0000,74.1548,14,1
physics_violation_audit_v5,mixed_near_threshold,4,0.0000,0.0000,0.0000,0.0000,0.0000,0.0000,1.0000,0.0000,1.0000,98.7899,14,1
physics_violation_audit_v5,mixed_near_threshold,5,0.0000,0.0000,0.0000,0.0000,0.0000,0.0000,1.0000,0.0000,1.0000,79.6205,14,1
physics_violation_audit_v5,mixed_near_threshold,6,0.0000,0.0000,0.0000,0.0000,0.0000,0.0000,1.0000,0.0000,1.0000,66.8962,14,1
physics_violation_audit_v5,mixed_near_threshold,7,0.0000,0.0000,0.0000,0.0000,0.0000,0.0000,1.0000,0.0000,1.0000,77.3002,14,1
physics_violation_audit_v5,nominal_valid,0,0.0000,0.0000,0.0000,1.0000,0.0000,0.0000,0.0000,0.0000,0.0000,94.5008,14,1
physics_violation_audit_v5,nominal_valid,1,0.0000,0.0000,0.0000,1.0000,0.0000,0.0000,0.0000,0.0000,0.0000,73.1818,14,1
physics_violation_audit_v5,nominal_valid,2,0.0000,0.0000,0.0000,1.0000,0.0000,0.0000,0.0000,0.0000,0.0000,83.1197,14,1
physics_violation_audit_v5,nominal_valid,3,0.0000,0.0000,0.0000,1.0000,0.0000,0.0000,0.0000,0.0000,0.0000,82.3200,14,1
physics_violation_audit_v5,nominal_valid,4,0.0000,0.0000,0.0000,1.0000,0.0000,0.0000,0.0000,0.0000,0.0000,104.4880,14,1
physics_violation_audit_v5,nominal_valid,5,0.0000,0.0000,0.0000,1.0000,0.0000,0.0000,0.0000,0.0000,0.0000,104.6317,14,1
physics_violation_audit_v5,nominal_valid,6,0.0000,0.0000,0.0000,1.0000,0.0000,0.0000,0.0000,0.0000,0.0000,80.0300,14,1
physics_violation_audit_v5,nominal_valid,7,0.0000,0.0000,0.0000,1.0000,0.0000,0.0000,0.0000,0.0000,0.0000,100.6016,14,1
physics_violation_audit_v5,noncausal_teleport,0,1.0000,1.0000,1.0000,1.0000,0.0000,1.0000,1.0000,0.0000,1.0000,494.5599,14,1
physics_violation_audit_v5,noncausal_teleport,1,1.0000,1.0000,1.0000,1.0000,0.0000,1.0000,1.0000,0.0000,1.0000,437.4526,14,1
physics_violation_audit_v5,noncausal_teleport,2,1.0000,1.0000,1.0000,1.0000,0.0000,1.0000,1.0000,0.0000,1.0000,423.9303,14,1
physics_violation_audit_v5,noncausal_teleport,3,1.0000,1.0000,1.0000,1.0000,0.0000,1.0000,1.0000,0.0000,1.0000,449.8563,14,1
physics_violation_audit_v5,noncausal_teleport,4,1.0000,1.0000,1.0000,1.0000,0.0000,1.0000,1.0000,0.0000,1.0000,546.8625,14,1
physics_violation_audit_v5,noncausal_teleport,5,1.0000,1.0000,1.0000,1.0000,0.0000,1.0000,1.0000,0.0000,1.0000,547.8576,14,1
physics_violation_audit_v5,noncausal_teleport,6,1.0000,1.0000,1.0000,1.0000,0.0000,1.0000,1.0000,0.0000,1.0000,424.4645,14,1
physics_violation_audit_v5,noncausal_teleport,7,1.0000,1.0000,1.0000,1.0000,0.0000,1.0000,1.0000,0.0000,1.0000,502.2689,14,1
physics_violation_audit_v5,rare_valid_bounce,0,0.0000,0.0000,0.0000,1.0000,0.0000,0.0000,0.0000,0.0000,0.0000,163.6727,14,1
physics_violation_audit_v5,rare_valid_bounce,1,0.0000,0.0000,0.0000,1.0000,0.0000,0.0000,0.0000,0.0000,0.0000,158.9911,14,1
physics_violation_audit_v5,rare_valid_bounce,2,0.0000,0.0000,0.0000,0.8571,0.1429,0.1429,0.0000,0.0000,0.0000,158.5515,14,1
physics_violation_audit_v5,rare_valid_bounce,3,0.0000,0.0000,0.0000,1.0000,0.0000,0.0000,0.0000,0.0000,0.0000,176.7961,14,1
physics_violation_audit_v5,rare_valid_bounce,4,0.0000,0.0000,0.0000,0.7143,0.2857,0.2857,0.0000,0.0000,0.0000,199.7913,14,1
physics_violation_audit_v5,rare_valid_bounce,5,0.0000,0.0000,0.0000,0.9286,0.0714,0.0714,0.0000,0.0000,0.0000,137.4121,14,1
physics_violation_audit_v5,rare_valid_bounce,6,0.0000,0.0000,0.0000,0.9286,0.0714,0.0714,0.0000,0.0000,0.0000,162.0667,14,1
physics_violation_audit_v5,rare_valid_bounce,7,0.0000,0.0000,0.0000,0.9286,0.0714,0.0714,0.0000,0.0000,0.0000,176.5647,14,1
physics_violation_audit_v5,subtle_contact_corruption,0,0.0000,0.0000,0.0000,0.0000,0.0000,0.0000,1.0000,0.0000,1.0000,45.1246,14,1
physics_violation_audit_v5,subtle_contact_corruption,1,0.0000,0.0000,0.0000,0.0000,0.0000,0.0000,1.0000,0.0000,1.0000,38.7721,14,1
physics_violation_audit_v5,subtle_contact_corruption,2,0.0000,0.0000,0.0000,0.0000,0.0000,0.0000,1.0000,0.0000,1.0000,43.1062,14,1
physics_violation_audit_v5,subtle_contact_corruption,3,0.0000,0.0000,0.0000,0.0000,0.0000,0.0000,1.0000,0.0000,1.0000,39.8044,14,1
physics_violation_audit_v5,subtle_contact_corruption,4,0.0000,0.0000,0.0000,0.0000,0.0000,0.0000,1.0000,0.0000,1.0000,53.0744,14,1
physics_violation_audit_v5,subtle_contact_corruption,5,0.0000,0.0000,0.0000,0.0000,0.0000,0.0000,1.0000,0.0000,1.0000,50.4742,14,1
physics_violation_audit_v5,subtle_contact_corruption,6,0.0000,0.0000,0.0000,0.0000,0.0000,0.0000,1.0000,0.0000,1.0000,38.4072,14,1
physics_violation_audit_v5,subtle_contact_corruption,7,0.0000,0.0000,0.0000,0.0000,0.0000,0.0000,1.0000,0.0000,1.0000,46.3848,14,1
physics_violation_audit_v5,subtle_energy_corruption,0,0.0000,0.0000,0.0000,0.0000,0.0000,0.0000,1.0000,0.0000,1.0000,63.6672,14,1
physics_violation_audit_v5,subtle_energy_corruption,1,0.0000,0.0000,0.0000,0.0000,0.0000,0.0000,1.0000,0.0000,1.0000,58.5255,14,1
physics_violation_audit_v5,subtle_energy_corruption,2,0.0000,0.0000,0.0000,0.0000,0.0000,0.0000,1.0000,0.0000,1.0000,69.0009,14,1
physics_violation_audit_v5,subtle_energy_corruption,3,0.0000,0.0000,0.0000,0.0000,0.0000,0.0000,1.0000,0.0000,1.0000,66.4372,14,1
physics_violation_audit_v5,subtle_energy_corruption,4,0.0000,0.0000,0.0000,0.0000,0.0000,0.0000,1.0000,0.0000,1.0000,88.7631,14,1
physics_violation_audit_v5,subtle_energy_corruption,5,0.0000,0.0000,0.0000,0.0000,0.0000,0.0000,1.0000,0.0000,1.0000,89.0184,14,1
physics_violation_audit_v5,subtle_energy_corruption,6,0.0000,0.0000,0.0000,0.0000,0.0000,0.0000,1.0000,0.0000,1.0000,51.6580,14,1
physics_violation_audit_v5,subtle_energy_corruption,7,0.0000,0.0000,0.0000,0.0000,0.0000,0.0000,1.0000,0.0000,1.0000,88.6075,14,1
physics_violation_audit_v5,support_levitation,0,0.0000,0.0000,0.0000,0.0000,0.0000,0.0000,1.0000,0.0000,1.0000,48.5729,14,1
physics_violation_audit_v5,support_levitation,1,0.0000,0.0000,0.0000,0.0000,0.0000,0.0000,1.0000,0.0000,1.0000,42.9276,14,1
physics_violation_audit_v5,support_levitation,2,0.0000,0.0000,0.0000,0.0000,0.0000,0.0000,1.0000,0.0000,1.0000,44.6981,14,1
physics_violation_audit_v5,support_levitation,3,0.0000,0.0000,0.0000,0.0000,0.0000,0.0000,1.0000,0.0000,1.0000,45.4753,14,1
physics_violation_audit_v5,support_levitation,4,0.0000,0.0000,0.0000,0.0000,0.0000,0.0000,1.0000,0.0000,1.0000,55.5695,14,1
physics_violation_audit_v5,support_levitation,5,0.0000,0.0000,0.0000,0.0000,0.0000,0.0000,1.0000,0.0000,1.0000,54.1463,14,1
physics_violation_audit_v5,support_levitation,6,0.0000,0.0000,0.0000,0.0000,0.0000,0.0000,1.0000,0.0000,1.0000,42.1547,14,1
physics_violation_audit_v5,support_levitation,7,0.0000,0.0000,0.0000,0.0000,0.0000,0.0000,1.0000,0.0000,1.0000,50.9253,14,1
physics_violation_audit_v5,timestamp_noncausal_corruption,0,1.0000,0.5000,0.6667,0.5000,0.0000,0.5000,1.0000,0.0000,1.0000,285.4026,14,1
physics_violation_audit_v5,timestamp_noncausal_corruption,1,1.0000,0.5000,0.6667,0.5000,0.0000,0.5000,1.0000,0.0000,1.0000,240.8655,14,1
physics_violation_audit_v5,timestamp_noncausal_corruption,2,1.0000,0.2857,0.4444,0.2857,0.0000,0.2857,1.0000,0.0000,1.0000,240.9974,14,1
physics_violation_audit_v5,timestamp_noncausal_corruption,3,1.0000,0.4286,0.6000,0.4286,0.0000,0.4286,1.0000,0.0000,1.0000,256.3875,14,1
physics_violation_audit_v5,timestamp_noncausal_corruption,4,1.0000,0.5714,0.7273,0.5714,0.0000,0.5714,1.0000,0.0000,1.0000,315.0157,14,1
physics_violation_audit_v5,timestamp_noncausal_corruption,5,1.0000,0.7143,0.8333,0.7143,0.0000,0.7143,1.0000,0.0000,1.0000,303.4974,14,1
physics_violation_audit_v5,timestamp_noncausal_corruption,6,1.0000,0.5714,0.7273,0.5714,0.0000,0.5714,1.0000,0.0000,1.0000,248.8840,14,1
physics_violation_audit_v5,timestamp_noncausal_corruption,7,1.0000,0.6429,0.7826,0.6429,0.0000,0.6429,1.0000,0.0000,1.0000,289.8882,14,1
physics_violation_audit_v5,valid_clock_skew,0,0.0000,0.0000,0.0000,1.0000,0.0000,0.0000,0.0000,0.0000,0.0000,90.0647,14,1
physics_violation_audit_v5,valid_clock_skew,1,0.0000,0.0000,0.0000,1.0000,0.0000,0.0000,0.0000,0.0000,0.0000,84.4714,14,1
physics_violation_audit_v5,valid_clock_skew,2,0.0000,0.0000,0.0000,1.0000,0.0000,0.0000,0.0000,0.0000,0.0000,108.8966,14,1
physics_violation_audit_v5,valid_clock_skew,3,0.0000,0.0000,0.0000,1.0000,0.0000,0.0000,0.0000,0.0000,0.0000,103.7196,14,1
physics_violation_audit_v5,valid_clock_skew,4,0.0000,0.0000,0.0000,1.0000,0.0000,0.0000,0.0000,0.0000,0.0000,84.4097,14,1
physics_violation_audit_v5,valid_clock_skew,5,0.0000,0.0000,0.0000,1.0000,0.0000,0.0000,0.0000,0.0000,0.0000,93.4332,14,1
physics_violation_audit_v5,valid_clock_skew,6,0.0000,0.0000,0.0000,1.0000,0.0000,0.0000,0.0000,0.0000,0.0000,73.8432,14,1
physics_violation_audit_v5,valid_clock_skew,7,0.0000,0.0000,0.0000,1.0000,0.0000,0.0000,0.0000,0.0000,0.0000,79.7202,14,1
physics_violation_audit_v5,valid_low_friction_slip,0,0.0000,0.0000,0.0000,0.7857,0.2143,0.2143,0.0000,0.0000,0.0000,212.1544,14,1
physics_violation_audit_v5,valid_low_friction_slip,1,0.0000,0.0000,0.0000,0.8571,0.1429,0.1429,0.0000,0.0000,0.0000,223.3582,14,1
physics_violation_audit_v5,valid_low_friction_slip,2,0.0000,0.0000,0.0000,0.7857,0.2143,0.2143,0.0000,0.0000,0.0000,224.0843,14,1
physics_violation_audit_v5,valid_low_friction_slip,3,0.0000,0.0000,0.0000,0.6429,0.3571,0.3571,0.0000,0.0000,0.0000,235.5651,14,1
physics_violation_audit_v5,valid_low_friction_slip,4,0.0000,0.0000,0.0000,0.8571,0.1429,0.1429,0.0000,0.0000,0.0000,225.7966,14,1
physics_violation_audit_v5,valid_low_friction_slip,5,0.0000,0.0000,0.0000,0.5000,0.5000,0.5000,0.0000,0.0000,0.0000,240.4835,14,1
physics_violation_audit_v5,valid_low_friction_slip,6,0.0000,0.0000,0.0000,0.5714,0.4286,0.4286,0.0000,0.0000,0.0000,229.5007,14,1
physics_violation_audit_v5,valid_low_friction_slip,7,0.0000,0.0000,0.0000,0.7143,0.2857,0.2857,0.0000,0.0000,0.0000,221.2136,14,1
random_flagger,actuator_saturation,0,1.0000,0.4286,0.6000,0.4286,0.0000,0.4286,1.0000,0.0000,1.0000,0.4186,14,1
random_flagger,actuator_saturation,1,1.0000,0.5714,0.7273,0.5714,0.0000,0.5714,1.0000,0.0000,1.0000,0.5213,14,1
random_flagger,actuator_saturation,2,1.0000,0.5000,0.6667,0.5000,0.0000,0.5000,1.0000,0.0000,1.0000,0.5275,14,1
random_flagger,actuator_saturation,3,1.0000,0.6429,0.7826,0.6429,0.0000,0.6429,1.0000,0.0000,1.0000,0.5871,14,1
random_flagger,actuator_saturation,4,1.0000,0.4286,0.6000,0.4286,0.0000,0.4286,1.0000,0.0000,1.0000,0.3857,14,1
random_flagger,actuator_saturation,5,1.0000,0.5714,0.7273,0.5714,0.0000,0.5714,1.0000,0.0000,1.0000,0.5996,14,1
random_flagger,actuator_saturation,6,1.0000,0.4286,0.6000,0.4286,0.0000,0.4286,1.0000,0.0000,1.0000,0.5351,14,1
random_flagger,actuator_saturation,7,1.0000,0.6429,0.7826,0.6429,0.0000,0.6429,1.0000,0.0000,1.0000,0.6157,14,1
random_flagger,adversarial_compensated_violation,0,1.0000,0.3571,0.5263,0.3571,0.0000,0.3571,1.0000,0.0000,1.0000,0.4914,14,1
random_flagger,adversarial_compensated_violation,1,1.0000,0.5000,0.6667,0.5000,0.0000,0.5000,1.0000,0.0000,1.0000,0.5370,14,1
random_flagger,adversarial_compensated_violation,2,1.0000,0.2143,0.3529,0.2143,0.0000,0.2143,1.0000,0.0000,1.0000,0.3526,14,1
random_flagger,adversarial_compensated_violation,3,1.0000,0.3571,0.5263,0.3571,0.0000,0.3571,1.0000,0.0000,1.0000,0.4489,14,1
random_flagger,adversarial_compensated_violation,4,1.0000,0.4286,0.6000,0.4286,0.0000,0.4286,1.0000,0.0000,1.0000,0.4553,14,1
random_flagger,adversarial_compensated_violation,5,1.0000,0.7143,0.8333,0.7143,0.0000,0.7143,1.0000,0.0000,1.0000,0.5995,14,1
random_flagger,adversarial_compensated_violation,6,1.0000,0.5714,0.7273,0.5714,0.0000,0.5714,1.0000,0.0000,1.0000,0.6155,14,1
random_flagger,adversarial_compensated_violation,7,1.0000,0.5000,0.6667,0.5000,0.0000,0.5000,1.0000,0.0000,1.0000,0.4887,14,1
random_flagger,combined_violation_shift,0,1.0000,0.3571,0.5263,0.3571,0.0000,0.3571,1.0000,0.0000,1.0000,0.4395,14,1
random_flagger,combined_violation_shift,1,1.0000,0.5000,0.6667,0.5000,0.0000,0.5000,1.0000,0.0000,1.0000,0.5354,14,1
random_flagger,combined_violation_shift,2,1.0000,0.4286,0.6000,0.4286,0.0000,0.4286,1.0000,0.0000,1.0000,0.4695,14,1
random_flagger,combined_violation_shift,3,1.0000,0.5000,0.6667,0.5000,0.0000,0.5000,1.0000,0.0000,1.0000,0.4728,14,1
random_flagger,combined_violation_shift,4,1.0000,0.5714,0.7273,0.5714,0.0000,0.5714,1.0000,0.0000,1.0000,0.5651,14,1
random_flagger,combined_violation_shift,5,1.0000,0.4286,0.6000,0.4286,0.0000,0.4286,1.0000,0.0000,1.0000,0.4772,14,1
random_flagger,combined_violation_shift,6,1.0000,0.4286,0.6000,0.4286,0.0000,0.4286,1.0000,0.0000,1.0000,0.4368,14,1
random_flagger,combined_violation_shift,7,1.0000,0.5000,0.6667,0.5000,0.0000,0.5000,1.0000,0.0000,1.0000,0.5319,14,1
random_flagger,contact_corruption,0,1.0000,0.8571,0.9231,0.8571,0.0000,0.8571,1.0000,0.0000,1.0000,0.6562,14,1
random_flagger,contact_corruption,1,1.0000,0.5714,0.7273,0.5714,0.0000,0.5714,1.0000,0.0000,1.0000,0.5119,14,1
random_flagger,contact_corruption,2,1.0000,0.4286,0.6000,0.4286,0.0000,0.4286,1.0000,0.0000,1.0000,0.5464,14,1
random_flagger,contact_corruption,3,1.0000,0.7143,0.8333,0.7143,0.0000,0.7143,1.0000,0.0000,1.0000,0.5590,14,1
random_flagger,contact_corruption,4,1.0000,0.5000,0.6667,0.5000,0.0000,0.5000,1.0000,0.0000,1.0000,0.5466,14,1
random_flagger,contact_corruption,5,1.0000,0.6429,0.7826,0.6429,0.0000,0.6429,1.0000,0.0000,1.0000,0.5948,14,1
random_flagger,contact_corruption,6,1.0000,0.6429,0.7826,0.6429,0.0000,0.6429,1.0000,0.0000,1.0000,0.6193,14,1
random_flagger,contact_corruption,7,1.0000,0.5714,0.7273,0.5714,0.0000,0.5714,1.0000,0.0000,1.0000,0.5504,14,1
random_flagger,energy_work_corruption,0,1.0000,0.5000,0.6667,0.5000,0.0000,0.5000,1.0000,0.0000,1.0000,0.5290,14,1
random_flagger,energy_work_corruption,1,1.0000,0.5714,0.7273,0.5714,0.0000,0.5714,1.0000,0.0000,1.0000,0.5503,14,1
random_flagger,energy_work_corruption,2,1.0000,0.5714,0.7273,0.5714,0.0000,0.5714,1.0000,0.0000,1.0000,0.4758,14,1
random_flagger,energy_work_corruption,3,1.0000,0.5714,0.7273,0.5714,0.0000,0.5714,1.0000,0.0000,1.0000,0.5267,14,1
random_flagger,energy_work_corruption,4,1.0000,0.6429,0.7826,0.6429,0.0000,0.6429,1.0000,0.0000,1.0000,0.5503,14,1
random_flagger,energy_work_corruption,5,1.0000,0.5000,0.6667,0.5000,0.0000,0.5000,1.0000,0.0000,1.0000,0.4159,14,1
random_flagger,energy_work_corruption,6,1.0000,0.4286,0.6000,0.4286,0.0000,0.4286,1.0000,0.0000,1.0000,0.4393,14,1
random_flagger,energy_work_corruption,7,1.0000,0.5000,0.6667,0.5000,0.0000,0.5000,1.0000,0.0000,1.0000,0.4826,14,1
random_flagger,mixed_near_threshold,0,1.0000,0.2857,0.4444,0.2857,0.0000,0.2857,1.0000,0.0000,1.0000,0.4072,14,1
random_flagger,mixed_near_threshold,1,1.0000,0.5000,0.6667,0.5000,0.0000,0.5000,1.0000,0.0000,1.0000,0.5531,14,1
random_flagger,mixed_near_threshold,2,1.0000,0.6429,0.7826,0.6429,0.0000,0.6429,1.0000,0.0000,1.0000,0.5703,14,1
random_flagger,mixed_near_threshold,3,1.0000,0.5714,0.7273,0.5714,0.0000,0.5714,1.0000,0.0000,1.0000,0.5062,14,1
random_flagger,mixed_near_threshold,4,1.0000,0.2143,0.3529,0.2143,0.0000,0.2143,1.0000,0.0000,1.0000,0.4067,14,1
random_flagger,mixed_near_threshold,5,1.0000,0.5714,0.7273,0.5714,0.0000,0.5714,1.0000,0.0000,1.0000,0.5214,14,1
random_flagger,mixed_near_threshold,6,1.0000,0.5000,0.6667,0.5000,0.0000,0.5000,1.0000,0.0000,1.0000,0.4993,14,1
random_flagger,mixed_near_threshold,7,1.0000,0.5714,0.7273,0.5714,0.0000,0.5714,1.0000,0.0000,1.0000,0.4986,14,1
random_flagger,nominal_valid,0,0.0000,0.0000,0.0000,0.5714,0.4286,0.4286,0.0000,0.0000,0.0000,0.4815,14,1
random_flagger,nominal_valid,1,0.0000,0.0000,0.0000,0.6429,0.3571,0.3571,0.0000,0.0000,0.0000,0.4427,14,1
random_flagger,nominal_valid,2,0.0000,0.0000,0.0000,0.5714,0.4286,0.4286,0.0000,0.0000,0.0000,0.4244,14,1
random_flagger,nominal_valid,3,0.0000,0.0000,0.0000,0.5000,0.5000,0.5000,0.0000,0.0000,0.0000,0.4582,14,1
random_flagger,nominal_valid,4,0.0000,0.0000,0.0000,0.5714,0.4286,0.4286,0.0000,0.0000,0.0000,0.4819,14,1
random_flagger,nominal_valid,5,0.0000,0.0000,0.0000,0.5714,0.4286,0.4286,0.0000,0.0000,0.0000,0.5303,14,1
random_flagger,nominal_valid,6,0.0000,0.0000,0.0000,0.5714,0.4286,0.4286,0.0000,0.0000,0.0000,0.4692,14,1
random_flagger,nominal_valid,7,0.0000,0.0000,0.0000,0.5000,0.5000,0.5000,0.0000,0.0000,0.0000,0.4538,14,1
random_flagger,noncausal_teleport,0,1.0000,0.3571,0.5263,0.3571,0.0000,0.3571,1.0000,0.0000,1.0000,0.3939,14,1
random_flagger,noncausal_teleport,1,1.0000,0.5000,0.6667,0.5000,0.0000,0.5000,1.0000,0.0000,1.0000,0.5211,14,1
random_flagger,noncausal_teleport,2,1.0000,0.4286,0.6000,0.4286,0.0000,0.4286,1.0000,0.0000,1.0000,0.4760,14,1
random_flagger,noncausal_teleport,3,1.0000,0.7857,0.8800,0.7857,0.0000,0.7857,1.0000,0.0000,1.0000,0.7010,14,1
random_flagger,noncausal_teleport,4,1.0000,0.5000,0.6667,0.5000,0.0000,0.5000,1.0000,0.0000,1.0000,0.5066,14,1
random_flagger,noncausal_teleport,5,1.0000,0.6429,0.7826,0.6429,0.0000,0.6429,1.0000,0.0000,1.0000,0.5630,14,1
random_flagger,noncausal_teleport,6,1.0000,0.3571,0.5263,0.3571,0.0000,0.3571,1.0000,0.0000,1.0000,0.4238,14,1
random_flagger,noncausal_teleport,7,1.0000,0.5000,0.6667,0.5000,0.0000,0.5000,1.0000,0.0000,1.0000,0.5158,14,1
random_flagger,rare_valid_bounce,0,0.0000,0.0000,0.0000,0.6429,0.3571,0.3571,0.0000,0.0000,0.0000,0.4324,14,1
random_flagger,rare_valid_bounce,1,0.0000,0.0000,0.0000,0.5000,0.5000,0.5000,0.0000,0.0000,0.0000,0.5346,14,1
random_flagger,rare_valid_bounce,2,0.0000,0.0000,0.0000,0.5714,0.4286,0.4286,0.0000,0.0000,0.0000,0.4328,14,1
random_flagger,rare_valid_bounce,3,0.0000,0.0000,0.0000,0.6429,0.3571,0.3571,0.0000,0.0000,0.0000,0.4727,14,1
random_flagger,rare_valid_bounce,4,0.0000,0.0000,0.0000,0.6429,0.3571,0.3571,0.0000,0.0000,0.0000,0.4140,14,1
random_flagger,rare_valid_bounce,5,0.0000,0.0000,0.0000,0.4286,0.5714,0.5714,0.0000,0.0000,0.0000,0.5182,14,1
random_flagger,rare_valid_bounce,6,0.0000,0.0000,0.0000,0.3571,0.6429,0.6429,0.0000,0.0000,0.0000,0.5975,14,1
random_flagger,rare_valid_bounce,7,0.0000,0.0000,0.0000,0.5000,0.5000,0.5000,0.0000,0.0000,0.0000,0.4554,14,1
random_flagger,subtle_contact_corruption,0,1.0000,0.6429,0.7826,0.6429,0.0000,0.6429,1.0000,0.0000,1.0000,0.5478,14,1
random_flagger,subtle_contact_corruption,1,1.0000,0.5000,0.6667,0.5000,0.0000,0.5000,1.0000,0.0000,1.0000,0.5132,14,1
random_flagger,subtle_contact_corruption,2,1.0000,0.6429,0.7826,0.6429,0.0000,0.6429,1.0000,0.0000,1.0000,0.6113,14,1
random_flagger,subtle_contact_corruption,3,1.0000,0.2857,0.4444,0.2857,0.0000,0.2857,1.0000,0.0000,1.0000,0.2870,14,1
random_flagger,subtle_contact_corruption,4,1.0000,0.6429,0.7826,0.6429,0.0000,0.6429,1.0000,0.0000,1.0000,0.5617,14,1
random_flagger,subtle_contact_corruption,5,1.0000,0.5714,0.7273,0.5714,0.0000,0.5714,1.0000,0.0000,1.0000,0.5399,14,1
random_flagger,subtle_contact_corruption,6,1.0000,0.6429,0.7826,0.6429,0.0000,0.6429,1.0000,0.0000,1.0000,0.6424,14,1
random_flagger,subtle_contact_corruption,7,1.0000,0.7143,0.8333,0.7143,0.0000,0.7143,1.0000,0.0000,1.0000,0.5595,14,1
random_flagger,subtle_energy_corruption,0,1.0000,0.7143,0.8333,0.7143,0.0000,0.7143,1.0000,0.0000,1.0000,0.5952,14,1
random_flagger,subtle_energy_corruption,1,1.0000,0.4286,0.6000,0.4286,0.0000,0.4286,1.0000,0.0000,1.0000,0.4329,14,1
random_flagger,subtle_energy_corruption,2,1.0000,0.6429,0.7826,0.6429,0.0000,0.6429,1.0000,0.0000,1.0000,0.5615,14,1
random_flagger,subtle_energy_corruption,3,1.0000,0.2857,0.4444,0.2857,0.0000,0.2857,1.0000,0.0000,1.0000,0.3270,14,1
random_flagger,subtle_energy_corruption,4,1.0000,0.7143,0.8333,0.7143,0.0000,0.7143,1.0000,0.0000,1.0000,0.5417,14,1
random_flagger,subtle_energy_corruption,5,1.0000,0.7143,0.8333,0.7143,0.0000,0.7143,1.0000,0.0000,1.0000,0.6621,14,1
random_flagger,subtle_energy_corruption,6,1.0000,0.7143,0.8333,0.7143,0.0000,0.7143,1.0000,0.0000,1.0000,0.5540,14,1
random_flagger,subtle_energy_corruption,7,1.0000,0.4286,0.6000,0.4286,0.0000,0.4286,1.0000,0.0000,1.0000,0.3892,14,1
random_flagger,support_levitation,0,1.0000,0.5714,0.7273,0.5714,0.0000,0.5714,1.0000,0.0000,1.0000,0.5736,14,1
random_flagger,support_levitation,1,1.0000,0.5714,0.7273,0.5714,0.0000,0.5714,1.0000,0.0000,1.0000,0.5156,14,1
random_flagger,support_levitation,2,1.0000,0.7857,0.8800,0.7857,0.0000,0.7857,1.0000,0.0000,1.0000,0.6763,14,1
random_flagger,support_levitation,3,1.0000,0.3571,0.5263,0.3571,0.0000,0.3571,1.0000,0.0000,1.0000,0.3525,14,1
random_flagger,support_levitation,4,1.0000,0.5714,0.7273,0.5714,0.0000,0.5714,1.0000,0.0000,1.0000,0.5023,14,1
random_flagger,support_levitation,5,1.0000,0.5714,0.7273,0.5714,0.0000,0.5714,1.0000,0.0000,1.0000,0.5673,14,1
random_flagger,support_levitation,6,1.0000,0.5714,0.7273,0.5714,0.0000,0.5714,1.0000,0.0000,1.0000,0.5518,14,1
random_flagger,support_levitation,7,1.0000,0.2143,0.3529,0.2143,0.0000,0.2143,1.0000,0.0000,1.0000,0.3874,14,1
random_flagger,timestamp_noncausal_corruption,0,1.0000,0.7143,0.8333,0.7143,0.0000,0.7143,1.0000,0.0000,1.0000,0.6680,14,1
random_flagger,timestamp_noncausal_corruption,1,1.0000,0.4286,0.6000,0.4286,0.0000,0.4286,1.0000,0.0000,1.0000,0.4937,14,1
random_flagger,timestamp_noncausal_corruption,2,1.0000,0.5000,0.6667,0.5000,0.0000,0.5000,1.0000,0.0000,1.0000,0.5548,14,1
random_flagger,timestamp_noncausal_corruption,3,1.0000,0.5000,0.6667,0.5000,0.0000,0.5000,1.0000,0.0000,1.0000,0.4832,14,1
random_flagger,timestamp_noncausal_corruption,4,1.0000,0.6429,0.7826,0.6429,0.0000,0.6429,1.0000,0.0000,1.0000,0.5953,14,1
random_flagger,timestamp_noncausal_corruption,5,1.0000,0.3571,0.5263,0.3571,0.0000,0.3571,1.0000,0.0000,1.0000,0.5079,14,1
random_flagger,timestamp_noncausal_corruption,6,1.0000,0.5714,0.7273,0.5714,0.0000,0.5714,1.0000,0.0000,1.0000,0.5742,14,1
random_flagger,timestamp_noncausal_corruption,7,1.0000,0.6429,0.7826,0.6429,0.0000,0.6429,1.0000,0.0000,1.0000,0.6284,14,1
random_flagger,valid_clock_skew,0,0.0000,0.0000,0.0000,0.7143,0.2857,0.2857,0.0000,0.0000,0.0000,0.3832,14,1
random_flagger,valid_clock_skew,1,0.0000,0.0000,0.0000,0.7143,0.2857,0.2857,0.0000,0.0000,0.0000,0.3297,14,1
random_flagger,valid_clock_skew,2,0.0000,0.0000,0.0000,0.2857,0.7143,0.7143,0.0000,0.0000,0.0000,0.6102,14,1
random_flagger,valid_clock_skew,3,0.0000,0.0000,0.0000,0.4286,0.5714,0.5714,0.0000,0.0000,0.0000,0.5469,14,1
random_flagger,valid_clock_skew,4,0.0000,0.0000,0.0000,0.4286,0.5714,0.5714,0.0000,0.0000,0.0000,0.5201,14,1
random_flagger,valid_clock_skew,5,0.0000,0.0000,0.0000,0.4286,0.5714,0.5714,0.0000,0.0000,0.0000,0.4461,14,1
random_flagger,valid_clock_skew,6,0.0000,0.0000,0.0000,0.5000,0.5000,0.5000,0.0000,0.0000,0.0000,0.5529,14,1
random_flagger,valid_clock_skew,7,0.0000,0.0000,0.0000,0.7857,0.2143,0.2143,0.0000,0.0000,0.0000,0.3693,14,1
random_flagger,valid_low_friction_slip,0,0.0000,0.0000,0.0000,0.4286,0.5714,0.5714,0.0000,0.0000,0.0000,0.5110,14,1
random_flagger,valid_low_friction_slip,1,0.0000,0.0000,0.0000,0.4286,0.5714,0.5714,0.0000,0.0000,0.0000,0.5574,14,1
random_flagger,valid_low_friction_slip,2,0.0000,0.0000,0.0000,0.4286,0.5714,0.5714,0.0000,0.0000,0.0000,0.5720,14,1
random_flagger,valid_low_friction_slip,3,0.0000,0.0000,0.0000,0.4286,0.5714,0.5714,0.0000,0.0000,0.0000,0.5643,14,1
random_flagger,valid_low_friction_slip,4,0.0000,0.0000,0.0000,0.5714,0.4286,0.4286,0.0000,0.0000,0.0000,0.3763,14,1
random_flagger,valid_low_friction_slip,5,0.0000,0.0000,0.0000,0.4286,0.5714,0.5714,0.0000,0.0000,0.0000,0.5632,14,1
random_flagger,valid_low_friction_slip,6,0.0000,0.0000,0.0000,0.5000,0.5000,0.5000,0.0000,0.0000,0.0000,0.5635,14,1
random_flagger,valid_low_friction_slip,7,0.0000,0.0000,0.0000,0.5714,0.4286,0.4286,0.0000,0.0000,0.0000,0.3812,14,1
random_forest_ensemble,actuator_saturation,0,1.0000,1.0000,1.0000,1.0000,0.0000,1.0000,1.0000,0.0000,1.0000,0.9703,14,1
random_forest_ensemble,actuator_saturation,1,1.0000,1.0000,1.0000,1.0000,0.0000,1.0000,1.0000,0.0000,1.0000,0.9710,14,1
random_forest_ensemble,actuator_saturation,2,1.0000,1.0000,1.0000,1.0000,0.0000,1.0000,1.0000,0.0000,1.0000,0.9664,14,1
random_forest_ensemble,actuator_saturation,3,1.0000,1.0000,1.0000,1.0000,0.0000,1.0000,1.0000,0.0000,1.0000,0.9732,14,1
random_forest_ensemble,actuator_saturation,4,1.0000,1.0000,1.0000,1.0000,0.0000,1.0000,1.0000,0.0000,1.0000,0.9523,14,1
random_forest_ensemble,actuator_saturation,5,1.0000,1.0000,1.0000,1.0000,0.0000,1.0000,1.0000,0.0000,1.0000,0.9598,14,1
random_forest_ensemble,actuator_saturation,6,1.0000,1.0000,1.0000,1.0000,0.0000,1.0000,1.0000,0.0000,1.0000,0.9679,14,1
random_forest_ensemble,actuator_saturation,7,1.0000,1.0000,1.0000,1.0000,0.0000,1.0000,1.0000,0.0000,1.0000,0.9632,14,1
random_forest_ensemble,adversarial_compensated_violation,0,1.0000,1.0000,1.0000,1.0000,0.0000,1.0000,1.0000,0.0000,1.0000,0.9458,14,1
random_forest_ensemble,adversarial_compensated_violation,1,1.0000,1.0000,1.0000,1.0000,0.0000,1.0000,1.0000,0.0000,1.0000,0.9699,14,1
random_forest_ensemble,adversarial_compensated_violation,2,1.0000,1.0000,1.0000,1.0000,0.0000,1.0000,1.0000,0.0000,1.0000,0.9532,14,1
random_forest_ensemble,adversarial_compensated_violation,3,1.0000,1.0000,1.0000,1.0000,0.0000,1.0000,1.0000,0.0000,1.0000,0.9570,14,1
random_forest_ensemble,adversarial_compensated_violation,4,1.0000,1.0000,1.0000,1.0000,0.0000,1.0000,1.0000,0.0000,1.0000,0.9610,14,1
random_forest_ensemble,adversarial_compensated_violation,5,1.0000,1.0000,1.0000,1.0000,0.0000,1.0000,1.0000,0.0000,1.0000,0.9380,14,1
random_forest_ensemble,adversarial_compensated_violation,6,1.0000,1.0000,1.0000,1.0000,0.0000,1.0000,1.0000,0.0000,1.0000,0.9569,14,1
random_forest_ensemble,adversarial_compensated_violation,7,1.0000,1.0000,1.0000,1.0000,0.0000,1.0000,1.0000,0.0000,1.0000,0.9586,14,1
random_forest_ensemble,combined_violation_shift,0,1.0000,1.0000,1.0000,1.0000,0.0000,1.0000,1.0000,0.0000,1.0000,0.8631,14,1
random_forest_ensemble,combined_violation_shift,1,1.0000,1.0000,1.0000,1.0000,0.0000,1.0000,1.0000,0.0000,1.0000,0.8555,14,1
random_forest_ensemble,combined_violation_shift,2,1.0000,1.0000,1.0000,1.0000,0.0000,1.0000,1.0000,0.0000,1.0000,0.8536,14,1
random_forest_ensemble,combined_violation_shift,3,1.0000,1.0000,1.0000,1.0000,0.0000,1.0000,1.0000,0.0000,1.0000,0.8739,14,1
random_forest_ensemble,combined_violation_shift,4,1.0000,1.0000,1.0000,1.0000,0.0000,1.0000,1.0000,0.0000,1.0000,0.8477,14,1
random_forest_ensemble,combined_violation_shift,5,1.0000,1.0000,1.0000,1.0000,0.0000,1.0000,1.0000,0.0000,1.0000,0.8614,14,1
random_forest_ensemble,combined_violation_shift,6,1.0000,1.0000,1.0000,1.0000,0.0000,1.0000,1.0000,0.0000,1.0000,0.8616,14,1
random_forest_ensemble,combined_violation_shift,7,1.0000,1.0000,1.0000,1.0000,0.0000,1.0000,1.0000,0.0000,1.0000,0.8533,14,1
random_forest_ensemble,contact_corruption,0,1.0000,1.0000,1.0000,1.0000,0.0000,1.0000,1.0000,0.0000,1.0000,0.9903,14,1
random_forest_ensemble,contact_corruption,1,1.0000,1.0000,1.0000,1.0000,0.0000,1.0000,1.0000,0.0000,1.0000,0.9963,14,1
random_forest_ensemble,contact_corruption,2,1.0000,1.0000,1.0000,1.0000,0.0000,1.0000,1.0000,0.0000,1.0000,0.9929,14,1
random_forest_ensemble,contact_corruption,3,1.0000,1.0000,1.0000,1.0000,0.0000,1.0000,1.0000,0.0000,1.0000,0.9977,14,1
random_forest_ensemble,contact_corruption,4,1.0000,1.0000,1.0000,1.0000,0.0000,1.0000,1.0000,0.0000,1.0000,0.9923,14,1
random_forest_ensemble,contact_corruption,5,1.0000,1.0000,1.0000,1.0000,0.0000,1.0000,1.0000,0.0000,1.0000,0.9950,14,1
random_forest_ensemble,contact_corruption,6,1.0000,1.0000,1.0000,1.0000,0.0000,1.0000,1.0000,0.0000,1.0000,0.9978,14,1
random_forest_ensemble,contact_corruption,7,1.0000,1.0000,1.0000,1.0000,0.0000,1.0000,1.0000,0.0000,1.0000,0.9969,14,1
random_forest_ensemble,energy_work_corruption,0,1.0000,1.0000,1.0000,1.0000,0.0000,1.0000,1.0000,0.0000,1.0000,0.9863,14,1
random_forest_ensemble,energy_work_corruption,1,1.0000,1.0000,1.0000,1.0000,0.0000,1.0000,1.0000,0.0000,1.0000,0.9886,14,1
random_forest_ensemble,energy_work_corruption,2,1.0000,1.0000,1.0000,1.0000,0.0000,1.0000,1.0000,0.0000,1.0000,0.9866,14,1
random_forest_ensemble,energy_work_corruption,3,1.0000,1.0000,1.0000,1.0000,0.0000,1.0000,1.0000,0.0000,1.0000,0.9859,14,1
random_forest_ensemble,energy_work_corruption,4,1.0000,1.0000,1.0000,1.0000,0.0000,1.0000,1.0000,0.0000,1.0000,0.9824,14,1
random_forest_ensemble,energy_work_corruption,5,1.0000,1.0000,1.0000,1.0000,0.0000,1.0000,1.0000,0.0000,1.0000,0.9841,14,1
random_forest_ensemble,energy_work_corruption,6,1.0000,1.0000,1.0000,1.0000,0.0000,1.0000,1.0000,0.0000,1.0000,0.9933,14,1
random_forest_ensemble,energy_work_corruption,7,1.0000,1.0000,1.0000,1.0000,0.0000,1.0000,1.0000,0.0000,1.0000,0.9894,14,1
random_forest_ensemble,mixed_near_threshold,0,1.0000,1.0000,1.0000,1.0000,0.0000,1.0000,1.0000,0.0000,1.0000,0.9619,14,1
random_forest_ensemble,mixed_near_threshold,1,1.0000,1.0000,1.0000,1.0000,0.0000,1.0000,1.0000,0.0000,1.0000,0.9670,14,1
random_forest_ensemble,mixed_near_threshold,2,1.0000,1.0000,1.0000,1.0000,0.0000,1.0000,1.0000,0.0000,1.0000,0.9740,14,1
random_forest_ensemble,mixed_near_threshold,3,1.0000,1.0000,1.0000,1.0000,0.0000,1.0000,1.0000,0.0000,1.0000,0.9685,14,1
random_forest_ensemble,mixed_near_threshold,4,1.0000,1.0000,1.0000,1.0000,0.0000,1.0000,1.0000,0.0000,1.0000,0.9543,14,1
random_forest_ensemble,mixed_near_threshold,5,1.0000,1.0000,1.0000,1.0000,0.0000,1.0000,1.0000,0.0000,1.0000,0.9642,14,1
random_forest_ensemble,mixed_near_threshold,6,1.0000,1.0000,1.0000,1.0000,0.0000,1.0000,1.0000,0.0000,1.0000,0.9724,14,1
random_forest_ensemble,mixed_near_threshold,7,1.0000,1.0000,1.0000,1.0000,0.0000,1.0000,1.0000,0.0000,1.0000,0.9677,14,1
random_forest_ensemble,nominal_valid,0,0.0000,0.0000,0.0000,0.7857,0.2143,0.2143,0.0000,0.0000,0.0000,0.1766,14,1
random_forest_ensemble,nominal_valid,1,0.0000,0.0000,0.0000,0.7857,0.2143,0.2143,0.0000,0.0000,0.0000,0.1557,14,1
random_forest_ensemble,nominal_valid,2,0.0000,0.0000,0.0000,0.8571,0.1429,0.1429,0.0000,0.0000,0.0000,0.1914,14,1
random_forest_ensemble,nominal_valid,3,0.0000,0.0000,0.0000,1.0000,0.0000,0.0000,0.0000,0.0000,0.0000,0.1278,14,1
random_forest_ensemble,nominal_valid,4,0.0000,0.0000,0.0000,0.8571,0.1429,0.1429,0.0000,0.0000,0.0000,0.1588,14,1
random_forest_ensemble,nominal_valid,5,0.0000,0.0000,0.0000,0.9286,0.0714,0.0714,0.0000,0.0000,0.0000,0.1005,14,1
random_forest_ensemble,nominal_valid,6,0.0000,0.0000,0.0000,1.0000,0.0000,0.0000,0.0000,0.0000,0.0000,0.1313,14,1
random_forest_ensemble,nominal_valid,7,0.0000,0.0000,0.0000,0.9286,0.0714,0.0714,0.0000,0.0000,0.0000,0.0898,14,1
random_forest_ensemble,noncausal_teleport,0,1.0000,1.0000,1.0000,1.0000,0.0000,1.0000,1.0000,0.0000,1.0000,0.9865,14,1
random_forest_ensemble,noncausal_teleport,1,1.0000,1.0000,1.0000,1.0000,0.0000,1.0000,1.0000,0.0000,1.0000,0.9834,14,1
random_forest_ensemble,noncausal_teleport,2,1.0000,1.0000,1.0000,1.0000,0.0000,1.0000,1.0000,0.0000,1.0000,0.9833,14,1
random_forest_ensemble,noncausal_teleport,3,1.0000,1.0000,1.0000,1.0000,0.0000,1.0000,1.0000,0.0000,1.0000,0.9907,14,1
random_forest_ensemble,noncausal_teleport,4,1.0000,1.0000,1.0000,1.0000,0.0000,1.0000,1.0000,0.0000,1.0000,0.9817,14,1
random_forest_ensemble,noncausal_teleport,5,1.0000,1.0000,1.0000,1.0000,0.0000,1.0000,1.0000,0.0000,1.0000,0.9796,14,1
random_forest_ensemble,noncausal_teleport,6,1.0000,1.0000,1.0000,1.0000,0.0000,1.0000,1.0000,0.0000,1.0000,0.9876,14,1
random_forest_ensemble,noncausal_teleport,7,1.0000,1.0000,1.0000,1.0000,0.0000,1.0000,1.0000,0.0000,1.0000,0.9871,14,1
random_forest_ensemble,rare_valid_bounce,0,0.0000,0.0000,0.0000,0.6429,0.3571,0.3571,0.0000,0.0000,0.0000,0.2835,14,1
random_forest_ensemble,rare_valid_bounce,1,0.0000,0.0000,0.0000,1.0000,0.0000,0.0000,0.0000,0.0000,0.0000,0.1233,14,1
random_forest_ensemble,rare_valid_bounce,2,0.0000,0.0000,0.0000,0.8571,0.1429,0.1429,0.0000,0.0000,0.0000,0.1865,14,1
random_forest_ensemble,rare_valid_bounce,3,0.0000,0.0000,0.0000,0.9286,0.0714,0.0714,0.0000,0.0000,0.0000,0.1956,14,1
random_forest_ensemble,rare_valid_bounce,4,0.0000,0.0000,0.0000,0.8571,0.1429,0.1429,0.0000,0.0000,0.0000,0.1788,14,1
random_forest_ensemble,rare_valid_bounce,5,0.0000,0.0000,0.0000,0.8571,0.1429,0.1429,0.0000,0.0000,0.0000,0.2133,14,1
random_forest_ensemble,rare_valid_bounce,6,0.0000,0.0000,0.0000,0.8571,0.1429,0.1429,0.0000,0.0000,0.0000,0.1915,14,1
random_forest_ensemble,rare_valid_bounce,7,0.0000,0.0000,0.0000,0.7857,0.2143,0.2143,0.0000,0.0000,0.0000,0.2398,14,1
random_forest_ensemble,subtle_contact_corruption,0,1.0000,1.0000,1.0000,1.0000,0.0000,1.0000,1.0000,0.0000,1.0000,0.9907,14,1
random_forest_ensemble,subtle_contact_corruption,1,1.0000,1.0000,1.0000,1.0000,0.0000,1.0000,1.0000,0.0000,1.0000,0.9939,14,1
random_forest_ensemble,subtle_contact_corruption,2,1.0000,1.0000,1.0000,1.0000,0.0000,1.0000,1.0000,0.0000,1.0000,0.9924,14,1
random_forest_ensemble,subtle_contact_corruption,3,1.0000,1.0000,1.0000,1.0000,0.0000,1.0000,1.0000,0.0000,1.0000,0.9945,14,1
random_forest_ensemble,subtle_contact_corruption,4,1.0000,1.0000,1.0000,1.0000,0.0000,1.0000,1.0000,0.0000,1.0000,0.9882,14,1
random_forest_ensemble,subtle_contact_corruption,5,1.0000,1.0000,1.0000,1.0000,0.0000,1.0000,1.0000,0.0000,1.0000,0.9945,14,1
random_forest_ensemble,subtle_contact_corruption,6,1.0000,1.0000,1.0000,1.0000,0.0000,1.0000,1.0000,0.0000,1.0000,0.9967,14,1
random_forest_ensemble,subtle_contact_corruption,7,1.0000,1.0000,1.0000,1.0000,0.0000,1.0000,1.0000,0.0000,1.0000,0.9922,14,1
random_forest_ensemble,subtle_energy_corruption,0,1.0000,1.0000,1.0000,1.0000,0.0000,1.0000,1.0000,0.0000,1.0000,0.9220,14,1
random_forest_ensemble,subtle_energy_corruption,1,1.0000,1.0000,1.0000,1.0000,0.0000,1.0000,1.0000,0.0000,1.0000,0.9258,14,1
random_forest_ensemble,subtle_energy_corruption,2,1.0000,1.0000,1.0000,1.0000,0.0000,1.0000,1.0000,0.0000,1.0000,0.9136,14,1
random_forest_ensemble,subtle_energy_corruption,3,1.0000,1.0000,1.0000,1.0000,0.0000,1.0000,1.0000,0.0000,1.0000,0.8972,14,1
random_forest_ensemble,subtle_energy_corruption,4,1.0000,1.0000,1.0000,1.0000,0.0000,1.0000,1.0000,0.0000,1.0000,0.8919,14,1
random_forest_ensemble,subtle_energy_corruption,5,1.0000,1.0000,1.0000,1.0000,0.0000,1.0000,1.0000,0.0000,1.0000,0.9013,14,1
random_forest_ensemble,subtle_energy_corruption,6,1.0000,1.0000,1.0000,1.0000,0.0000,1.0000,1.0000,0.0000,1.0000,0.9401,14,1
random_forest_ensemble,subtle_energy_corruption,7,1.0000,1.0000,1.0000,1.0000,0.0000,1.0000,1.0000,0.0000,1.0000,0.9091,14,1
random_forest_ensemble,support_levitation,0,1.0000,1.0000,1.0000,1.0000,0.0000,1.0000,1.0000,0.0000,1.0000,0.9668,14,1
random_forest_ensemble,support_levitation,1,1.0000,1.0000,1.0000,1.0000,0.0000,1.0000,1.0000,0.0000,1.0000,0.9784,14,1
random_forest_ensemble,support_levitation,2,1.0000,1.0000,1.0000,1.0000,0.0000,1.0000,1.0000,0.0000,1.0000,0.9773,14,1
random_forest_ensemble,support_levitation,3,1.0000,1.0000,1.0000,1.0000,0.0000,1.0000,1.0000,0.0000,1.0000,0.9775,14,1
random_forest_ensemble,support_levitation,4,1.0000,1.0000,1.0000,1.0000,0.0000,1.0000,1.0000,0.0000,1.0000,0.9648,14,1
random_forest_ensemble,support_levitation,5,1.0000,1.0000,1.0000,1.0000,0.0000,1.0000,1.0000,0.0000,1.0000,0.9661,14,1
random_forest_ensemble,support_levitation,6,1.0000,1.0000,1.0000,1.0000,0.0000,1.0000,1.0000,0.0000,1.0000,0.9826,14,1
random_forest_ensemble,support_levitation,7,1.0000,1.0000,1.0000,1.0000,0.0000,1.0000,1.0000,0.0000,1.0000,0.9729,14,1
random_forest_ensemble,timestamp_noncausal_corruption,0,1.0000,1.0000,1.0000,1.0000,0.0000,1.0000,1.0000,0.0000,1.0000,0.9849,14,1
random_forest_ensemble,timestamp_noncausal_corruption,1,1.0000,1.0000,1.0000,1.0000,0.0000,1.0000,1.0000,0.0000,1.0000,0.9829,14,1
random_forest_ensemble,timestamp_noncausal_corruption,2,1.0000,1.0000,1.0000,1.0000,0.0000,1.0000,1.0000,0.0000,1.0000,0.9819,14,1
random_forest_ensemble,timestamp_noncausal_corruption,3,1.0000,1.0000,1.0000,1.0000,0.0000,1.0000,1.0000,0.0000,1.0000,0.9896,14,1
random_forest_ensemble,timestamp_noncausal_corruption,4,1.0000,1.0000,1.0000,1.0000,0.0000,1.0000,1.0000,0.0000,1.0000,0.9798,14,1
random_forest_ensemble,timestamp_noncausal_corruption,5,1.0000,1.0000,1.0000,1.0000,0.0000,1.0000,1.0000,0.0000,1.0000,0.9821,14,1
random_forest_ensemble,timestamp_noncausal_corruption,6,1.0000,1.0000,1.0000,1.0000,0.0000,1.0000,1.0000,0.0000,1.0000,0.9837,14,1
random_forest_ensemble,timestamp_noncausal_corruption,7,1.0000,1.0000,1.0000,1.0000,0.0000,1.0000,1.0000,0.0000,1.0000,0.9910,14,1
random_forest_ensemble,valid_clock_skew,0,0.0000,0.0000,0.0000,0.7857,0.2143,0.2143,0.0000,0.0000,0.0000,0.1621,14,1
random_forest_ensemble,valid_clock_skew,1,0.0000,0.0000,0.0000,0.7857,0.2143,0.2143,0.0000,0.0000,0.0000,0.1734,14,1
random_forest_ensemble,valid_clock_skew,2,0.0000,0.0000,0.0000,1.0000,0.0000,0.0000,0.0000,0.0000,0.0000,0.0680,14,1
random_forest_ensemble,valid_clock_skew,3,0.0000,0.0000,0.0000,0.8571,0.1429,0.1429,0.0000,0.0000,0.0000,0.1269,14,1
random_forest_ensemble,valid_clock_skew,4,0.0000,0.0000,0.0000,0.8571,0.1429,0.1429,0.0000,0.0000,0.0000,0.1302,14,1
random_forest_ensemble,valid_clock_skew,5,0.0000,0.0000,0.0000,1.0000,0.0000,0.0000,0.0000,0.0000,0.0000,0.1172,14,1
random_forest_ensemble,valid_clock_skew,6,0.0000,0.0000,0.0000,1.0000,0.0000,0.0000,0.0000,0.0000,0.0000,0.1466,14,1
random_forest_ensemble,valid_clock_skew,7,0.0000,0.0000,0.0000,1.0000,0.0000,0.0000,0.0000,0.0000,0.0000,0.1207,14,1
random_forest_ensemble,valid_low_friction_slip,0,0.0000,0.0000,0.0000,1.0000,0.0000,0.0000,0.0000,0.0000,0.0000,0.0406,14,1
random_forest_ensemble,valid_low_friction_slip,1,0.0000,0.0000,0.0000,1.0000,0.0000,0.0000,0.0000,0.0000,0.0000,0.0401,14,1
random_forest_ensemble,valid_low_friction_slip,2,0.0000,0.0000,0.0000,1.0000,0.0000,0.0000,0.0000,0.0000,0.0000,0.0396,14,1
random_forest_ensemble,valid_low_friction_slip,3,0.0000,0.0000,0.0000,1.0000,0.0000,0.0000,0.0000,0.0000,0.0000,0.0595,14,1
random_forest_ensemble,valid_low_friction_slip,4,0.0000,0.0000,0.0000,1.0000,0.0000,0.0000,0.0000,0.0000,0.0000,0.0500,14,1
random_forest_ensemble,valid_low_friction_slip,5,0.0000,0.0000,0.0000,1.0000,0.0000,0.0000,0.0000,0.0000,0.0000,0.0520,14,1
random_forest_ensemble,valid_low_friction_slip,6,0.0000,0.0000,0.0000,1.0000,0.0000,0.0000,0.0000,0.0000,0.0000,0.0429,14,1
random_forest_ensemble,valid_low_friction_slip,7,0.0000,0.0000,0.0000,1.0000,0.0000,0.0000,0.0000,0.0000,0.0000,0.0420,14,1
